<?xml version="1.0" encoding="UTF-8"?>
<metadata xml:lang="en"><Esri><CreaDate>20131018</CreaDate><CreaTime>17145800</CreaTime><ArcGISFormat>1.0</ArcGISFormat><ArcGISstyle>INSPIRE Metadata Directive</ArcGISstyle><SyncOnce>TRUE</SyncOnce><DataProperties><itemProps><itemLocation><linkage Sync="TRUE">file://\\file.phhp.ufl.edu\home\xhxu\Teaching\phc 6194-Spatial Epidemiology\Y2013\Week 8- Smooth mapping\In_class_practice\data\scotlip</linkage><protocol Sync="TRUE">Local Area Network</protocol></itemLocation></itemProps><copyHistory><copy source="H:\Teaching\phc 6194-Spatial Epidemiology\Y2013\Week 8- Smooth mapping\data\scotlip\scotlip" dest="\\file.phhp.ufl.edu\home\xhxu\Teaching\phc 6194-Spatial Epidemiology\Y2013\Week 8- Smooth mapping\In_class_practice\data\scotlip" date="20131018" time="17145800"></copy></copyHistory></DataProperties></Esri></metadata>
