<?xml version="1.0" encoding="UTF-8"?>
<metadata xml:lang="en"><Esri><CreaDate>20111021</CreaDate><CreaTime>15565900</CreaTime><ArcGISFormat>1.0</ArcGISFormat><SyncOnce>TRUE</SyncOnce><DataProperties><itemProps><itemLocation><linkage Sync="TRUE">file://\\file.phhp.ufl.edu\home\xhxu\Teaching\phc 6937-Spatial Epidemiology\Y2011\Week 10_Disease smoothing mapping\In_class_practice\data\sids</linkage><protocol Sync="TRUE">Local Area Network</protocol></itemLocation></itemProps><copyHistory><copy source="H:\Teaching\phc 6937-Spatial Epidemiology\Y2011\Week 10_Disease smoothing mapping\In_class_practice\sids" dest="\\file.phhp.ufl.edu\home\xhxu\Teaching\phc 6937-Spatial Epidemiology\Y2011\Week 10_Disease smoothing mapping\In_class_practice\data\sids" date="20111021" time="15565900"></copy></copyHistory></DataProperties></Esri></metadata>
