[ {
  "date" : "20150209",
  "segments" : [ {
    "type" : "place",
    "startTime" : "20150208T213853-0500",
    "endTime" : "20150209T055704-0500",
    "place" : {
      "id" : 193512500,
      "name" : "Home",
      "type" : "home",
      "location" : {
        "lat" : 29.6564969542,
        "lon" : -82.3267639009
      }
    },
    "lastUpdate" : "20150209T123545Z"
  }, {
    "type" : "place",
    "startTime" : "20150209T060238-0500",
    "endTime" : "20150209T184227-0500",
    "place" : {
      "id" : 193512500,
      "name" : "Home",
      "type" : "home",
      "location" : {
        "lat" : 29.6564969542,
        "lon" : -82.3267639009
      }
    },
    "lastUpdate" : "20150210T003449Z"
  }, {
    "type" : "place",
    "startTime" : "20150209T184937-0500",
    "endTime" : "20150209T190154-0500",
    "place" : {
      "id" : 194838947,
      "type" : "unknown",
      "location" : {
        "lat" : 29.6522515547,
        "lon" : -82.341182013
      }
    },
    "lastUpdate" : "20150210T003449Z"
  }, {
    "type" : "place",
    "startTime" : "20150209T191129-0500",
    "endTime" : "20150209T195020-0500",
    "place" : {
      "id" : 194849085,
      "type" : "unknown",
      "location" : {
        "lat" : 29.6493321855,
        "lon" : -82.3504432401
      }
    },
    "lastUpdate" : "20150210T021443Z"
  }, {
    "type" : "place",
    "startTime" : "20150209T200611-0500",
    "endTime" : "20150209T201601-0500",
    "place" : {
      "id" : 194843689,
      "type" : "unknown",
      "location" : {
        "lat" : 29.6504700508,
        "lon" : -82.3522286685
      }
    },
    "lastUpdate" : "20150210T021443Z"
  }, {
    "type" : "place",
    "startTime" : "20150209T202456-0500",
    "endTime" : "20150209T204432-0500",
    "place" : {
      "id" : 194849086,
      "type" : "unknown",
      "location" : {
        "lat" : 29.6497400121,
        "lon" : -82.3514358593
      }
    },
    "lastUpdate" : "20150210T034542Z"
  }, {
    "type" : "place",
    "startTime" : "20150209T205515-0500",
    "endTime" : "20150210T092241-0500",
    "place" : {
      "id" : 193512500,
      "name" : "Home",
      "type" : "home",
      "location" : {
        "lat" : 29.6564969542,
        "lon" : -82.3267639009
      }
    },
    "lastUpdate" : "20150210T155424Z"
  } ],
  "lastUpdate" : "20150210T155424Z"
}, {
  "date" : "20150210",
  "segments" : [ {
    "type" : "place",
    "startTime" : "20150209T205515-0500",
    "endTime" : "20150210T092241-0500",
    "place" : {
      "id" : 193512500,
      "name" : "Home",
      "type" : "home",
      "location" : {
        "lat" : 29.6564969542,
        "lon" : -82.3267639009
      }
    },
    "lastUpdate" : "20150210T155424Z"
  }, {
    "type" : "place",
    "startTime" : "20150210T093057-0500",
    "endTime" : "20150210T115717-0500",
    "place" : {
      "id" : 191770626,
      "type" : "unknown",
      "location" : {
        "lat" : 29.6401239601,
        "lon" : -82.3500331577
      }
    },
    "lastUpdate" : "20150210T185550Z"
  }, {
    "type" : "place",
    "startTime" : "20150210T115926-0500",
    "endTime" : "20150210T132549-0500",
    "place" : {
      "id" : 192346338,
      "type" : "unknown",
      "location" : {
        "lat" : 29.641247577,
        "lon" : -82.3457681414
      }
    },
    "lastUpdate" : "20150210T202642Z"
  }, {
    "type" : "place",
    "startTime" : "20150210T132956-0500",
    "endTime" : "20150210T140654-0500",
    "place" : {
      "id" : 192323597,
      "type" : "unknown",
      "location" : {
        "lat" : 29.6375018345,
        "lon" : -82.3518371665
      }
    },
    "lastUpdate" : "20150210T202642Z"
  }, {
    "type" : "place",
    "startTime" : "20150210T142228-0500",
    "endTime" : "20150211T183327-0500",
    "place" : {
      "id" : 193512500,
      "name" : "Home",
      "type" : "home",
      "location" : {
        "lat" : 29.6564969542,
        "lon" : -82.3267639009
      }
    },
    "lastUpdate" : "20150212T015702Z"
  } ],
  "lastUpdate" : "20150212T015702Z"
}, {
  "date" : "20150211",
  "segments" : [ {
    "type" : "place",
    "startTime" : "20150210T142228-0500",
    "endTime" : "20150211T183327-0500",
    "place" : {
      "id" : 193512500,
      "name" : "Home",
      "type" : "home",
      "location" : {
        "lat" : 29.6564969542,
        "lon" : -82.3267639009
      }
    },
    "lastUpdate" : "20150212T015702Z"
  }, {
    "type" : "place",
    "startTime" : "20150211T184321-0500",
    "endTime" : "20150211T190035-0500",
    "place" : {
      "id" : 195300018,
      "type" : "unknown",
      "location" : {
        "lat" : 29.6515912975,
        "lon" : -82.3240211997
      }
    },
    "lastUpdate" : "20150212T015702Z"
  }, {
    "type" : "place",
    "startTime" : "20150211T190646-0500",
    "endTime" : "20150211T204442-0500",
    "place" : {
      "id" : 195300019,
      "type" : "unknown",
      "location" : {
        "lat" : 29.6512900294,
        "lon" : -82.3269102103
      }
    },
    "lastUpdate" : "20150212T032824Z"
  }, {
    "type" : "place",
    "startTime" : "20150211T210517-0500",
    "endTime" : "20150212T164441-0500",
    "place" : {
      "id" : 193512500,
      "name" : "Home",
      "type" : "home",
      "location" : {
        "lat" : 29.6564969542,
        "lon" : -82.3267639009
      }
    },
    "lastUpdate" : "20150213T004210Z"
  } ],
  "lastUpdate" : "20150213T004210Z"
}, {
  "date" : "20150212",
  "segments" : [ {
    "type" : "place",
    "startTime" : "20150211T210517-0500",
    "endTime" : "20150212T164441-0500",
    "place" : {
      "id" : 193512500,
      "name" : "Home",
      "type" : "home",
      "location" : {
        "lat" : 29.6564969542,
        "lon" : -82.3267639009
      }
    },
    "lastUpdate" : "20150213T004210Z"
  }, {
    "type" : "place",
    "startTime" : "20150212T165743-0500",
    "endTime" : "20150212T180022-0500",
    "place" : {
      "id" : 192323597,
      "type" : "unknown",
      "location" : {
        "lat" : 29.6375018345,
        "lon" : -82.3518371665
      }
    },
    "lastUpdate" : "20150213T004210Z"
  }, {
    "type" : "place",
    "startTime" : "20150212T180231-0500",
    "endTime" : "20150212T201828-0500",
    "place" : {
      "id" : 192487158,
      "type" : "unknown",
      "location" : {
        "lat" : 29.641591782,
        "lon" : -82.3448683504
      }
    },
    "lastUpdate" : "20150213T021257Z"
  }, {
    "type" : "place",
    "startTime" : "20150212T202922-0500",
    "endTime" : "20150213T072735-0500",
    "place" : {
      "id" : 193512500,
      "name" : "Home",
      "type" : "home",
      "location" : {
        "lat" : 29.6564969542,
        "lon" : -82.3267639009
      }
    },
    "lastUpdate" : "20150213T140235Z"
  } ],
  "lastUpdate" : "20150213T140235Z"
}, {
  "date" : "20150213",
  "segments" : [ {
    "type" : "place",
    "startTime" : "20150212T202922-0500",
    "endTime" : "20150213T072735-0500",
    "place" : {
      "id" : 193512500,
      "name" : "Home",
      "type" : "home",
      "location" : {
        "lat" : 29.6564969542,
        "lon" : -82.3267639009
      }
    },
    "lastUpdate" : "20150213T140235Z"
  }, {
    "type" : "place",
    "startTime" : "20150213T074329-0500",
    "endTime" : "20150213T092443-0500",
    "place" : {
      "id" : 195652396,
      "type" : "unknown",
      "location" : {
        "lat" : 29.6378095876,
        "lon" : -82.3496177369
      }
    },
    "lastUpdate" : "20150213T153345Z"
  }, {
    "type" : "place",
    "startTime" : "20150213T092725-0500",
    "endTime" : "20150213T124228-0500",
    "place" : {
      "id" : 192487158,
      "type" : "unknown",
      "location" : {
        "lat" : 29.641591782,
        "lon" : -82.3448683504
      }
    },
    "lastUpdate" : "20150213T183537Z"
  }, {
    "type" : "place",
    "startTime" : "20150213T125655-0500",
    "endTime" : "20150214T073430-0500",
    "place" : {
      "id" : 193512500,
      "name" : "Home",
      "type" : "home",
      "location" : {
        "lat" : 29.6564969542,
        "lon" : -82.3267639009
      }
    },
    "lastUpdate" : "20150214T141828Z"
  } ],
  "lastUpdate" : "20150214T141828Z"
}, {
  "date" : "20150214",
  "segments" : [ {
    "type" : "place",
    "startTime" : "20150213T125655-0500",
    "endTime" : "20150214T073430-0500",
    "place" : {
      "id" : 193512500,
      "name" : "Home",
      "type" : "home",
      "location" : {
        "lat" : 29.6564969542,
        "lon" : -82.3267639009
      }
    },
    "lastUpdate" : "20150214T141828Z"
  }, {
    "type" : "place",
    "startTime" : "20150214T073714-0500",
    "endTime" : "20150214T075423-0500",
    "place" : {
      "id" : 195954037,
      "type" : "unknown",
      "location" : {
        "lat" : 29.6636619757,
        "lon" : -82.3252243903
      }
    },
    "lastUpdate" : "20150214T141828Z"
  }, {
    "type" : "place",
    "startTime" : "20150214T075733-0500",
    "endTime" : "20150214T161341-0500",
    "place" : {
      "id" : 193512500,
      "name" : "Home",
      "type" : "home",
      "location" : {
        "lat" : 29.6564969542,
        "lon" : -82.3267639009
      }
    },
    "lastUpdate" : "20150214T230811Z"
  }, {
    "type" : "place",
    "startTime" : "20150214T162719-0500",
    "endTime" : "20150214T165057-0500",
    "place" : {
      "id" : 192984494,
      "type" : "unknown",
      "location" : {
        "lat" : 29.6565615853,
        "lon" : -82.3187163055
      }
    },
    "lastUpdate" : "20150214T230811Z"
  }, {
    "type" : "place",
    "startTime" : "20150214T170147-0500",
    "endTime" : "20150214T173832-0500",
    "place" : {
      "id" : 194358174,
      "type" : "unknown",
      "location" : {
        "lat" : 29.6552008039,
        "lon" : -82.3227941816
      }
    },
    "lastUpdate" : "20150215T005608Z"
  }, {
    "type" : "place",
    "startTime" : "20150214T174405-0500",
    "endTime" : "20150214T180245-0500",
    "place" : {
      "id" : 196095668,
      "type" : "unknown",
      "location" : {
        "lat" : 29.6566936883,
        "lon" : -82.3225555348
      }
    },
    "lastUpdate" : "20150215T005608Z"
  }, {
    "type" : "place",
    "startTime" : "20150214T180829-0500",
    "endTime" : "20150215T182006-0500",
    "place" : {
      "id" : 193512500,
      "name" : "Home",
      "type" : "home",
      "location" : {
        "lat" : 29.6564969542,
        "lon" : -82.3267639009
      }
    },
    "lastUpdate" : "20150216T011132Z"
  } ],
  "lastUpdate" : "20150216T011132Z"
}, {
  "date" : "20150215",
  "segments" : [ {
    "type" : "place",
    "startTime" : "20150214T180829-0500",
    "endTime" : "20150215T182006-0500",
    "place" : {
      "id" : 193512500,
      "name" : "Home",
      "type" : "home",
      "location" : {
        "lat" : 29.6564969542,
        "lon" : -82.3267639009
      }
    },
    "lastUpdate" : "20150216T011132Z"
  }, {
    "type" : "place",
    "startTime" : "20150215T182948-0500",
    "endTime" : "20150215T202229-0500",
    "place" : {
      "id" : 191555477,
      "type" : "unknown",
      "location" : {
        "lat" : 29.6584308887,
        "lon" : -82.3231472242
      }
    },
    "lastUpdate" : "20150216T024223Z"
  }, {
    "type" : "place",
    "startTime" : "20150215T202512-0500",
    "endTime" : "20150215T204121-0500",
    "place" : {
      "id" : 192984494,
      "type" : "unknown",
      "location" : {
        "lat" : 29.6565615853,
        "lon" : -82.3187163055
      }
    },
    "lastUpdate" : "20150216T041336Z"
  }, {
    "type" : "place",
    "startTime" : "20150215T204850-0500",
    "endTime" : "20150216T154233-0500",
    "place" : {
      "id" : 193512500,
      "name" : "Home",
      "type" : "home",
      "location" : {
        "lat" : 29.6564969542,
        "lon" : -82.3267639009
      }
    },
    "lastUpdate" : "20150216T235341Z"
  } ],
  "lastUpdate" : "20150216T235341Z"
} ]