[ {
  "date" : "20150202",
  "segments" : [ {
    "type" : "place",
    "startTime" : "20150201T225342-0500",
    "endTime" : "20150202T052950-0500",
    "place" : {
      "id" : 191508619,
      "type" : "unknown",
      "location" : {
        "lat" : 29.6565354608,
        "lon" : -82.326775329
      }
    },
    "lastUpdate" : "20150202T105307Z"
  }, {
    "type" : "place",
    "startTime" : "20150202T053425-0500",
    "endTime" : "20150202T133520-0500",
    "place" : {
      "id" : 191508619,
      "type" : "unknown",
      "location" : {
        "lat" : 29.6565354608,
        "lon" : -82.326775329
      }
    },
    "lastUpdate" : "20150202T192213Z"
  }, {
    "type" : "place",
    "startTime" : "20150202T134332-0500",
    "endTime" : "20150202T141929-0500",
    "place" : {
      "id" : 191555477,
      "type" : "unknown",
      "location" : {
        "lat" : 29.6584308887,
        "lon" : -82.3231472242
      }
    },
    "lastUpdate" : "20150202T211725Z"
  }, {
    "type" : "place",
    "startTime" : "20150202T142837-0500",
    "endTime" : "20150202T161731-0500",
    "place" : {
      "id" : 191508619,
      "type" : "unknown",
      "location" : {
        "lat" : 29.6565354608,
        "lon" : -82.326775329
      }
    },
    "lastUpdate" : "20150202T233407Z"
  }, {
    "type" : "place",
    "startTime" : "20150202T162731-0500",
    "endTime" : "20150202T184247-0500",
    "place" : {
      "id" : 191770626,
      "type" : "unknown",
      "location" : {
        "lat" : 29.6401239601,
        "lon" : -82.3500331577
      }
    },
    "lastUpdate" : "20150203T023547Z"
  }, {
    "type" : "place",
    "startTime" : "20150202T190326-0500",
    "endTime" : "20150202T191133-0500",
    "place" : {
      "id" : 193231978,
      "type" : "unknown",
      "location" : {
        "lat" : 29.6617973866,
        "lon" : -82.3256910298
      }
    },
    "lastUpdate" : "20150203T023547Z"
  }, {
    "type" : "place",
    "startTime" : "20150202T191503-0500",
    "endTime" : "20150202T192754-0500",
    "place" : {
      "id" : 193231979,
      "type" : "unknown",
      "location" : {
        "lat" : 29.6633997003,
        "lon" : -82.3248541788
      }
    },
    "lastUpdate" : "20150203T023547Z"
  }, {
    "type" : "place",
    "startTime" : "20150202T193104-0500",
    "endTime" : "20150202T201819-0500",
    "place" : {
      "id" : 191508619,
      "type" : "unknown",
      "location" : {
        "lat" : 29.6565354608,
        "lon" : -82.326775329
      }
    },
    "lastUpdate" : "20150203T033810Z"
  }, {
    "type" : "place",
    "startTime" : "20150202T203037-0500",
    "endTime" : "20150202T223501-0500",
    "place" : {
      "id" : 191555477,
      "type" : "unknown",
      "location" : {
        "lat" : 29.6584308887,
        "lon" : -82.3231472242
      }
    },
    "lastUpdate" : "20150203T100138Z"
  }, {
    "type" : "place",
    "startTime" : "20150202T224359-0500",
    "endTime" : "20150203T050141-0500",
    "place" : {
      "id" : 193512500,
      "name" : "Home",
      "type" : "home",
      "location" : {
        "lat" : 29.6564969542,
        "lon" : -82.3267639009
      }
    },
    "lastUpdate" : "20150204T125748Z"
  } ],
  "lastUpdate" : "20150204T125748Z"
}, {
  "date" : "20150203",
  "segments" : [ {
    "type" : "place",
    "startTime" : "20150202T224359-0500",
    "endTime" : "20150203T050141-0500",
    "place" : {
      "id" : 193512500,
      "name" : "Home",
      "type" : "home",
      "location" : {
        "lat" : 29.6564969542,
        "lon" : -82.3267639009
      }
    },
    "lastUpdate" : "20150204T125748Z"
  }, {
    "type" : "place",
    "startTime" : "20150203T050618-0500",
    "endTime" : "20150203T053733-0500",
    "place" : {
      "id" : 191508619,
      "type" : "unknown",
      "location" : {
        "lat" : 29.6565354608,
        "lon" : -82.326775329
      }
    },
    "lastUpdate" : "20150203T123324Z"
  }, {
    "type" : "place",
    "startTime" : "20150203T054447-0500",
    "endTime" : "20150203T072345-0500",
    "place" : {
      "id" : 191555477,
      "type" : "unknown",
      "location" : {
        "lat" : 29.6584308887,
        "lon" : -82.3231472242
      }
    },
    "lastUpdate" : "20150203T153309Z"
  }, {
    "type" : "place",
    "startTime" : "20150203T073028-0500",
    "endTime" : "20150203T081332-0500",
    "place" : {
      "id" : 191508619,
      "type" : "unknown",
      "location" : {
        "lat" : 29.6565354608,
        "lon" : -82.326775329
      }
    },
    "lastUpdate" : "20150203T153309Z"
  }, {
    "type" : "place",
    "startTime" : "20150203T082358-0500",
    "endTime" : "20150203T113134-0500",
    "place" : {
      "id" : 191770626,
      "type" : "unknown",
      "location" : {
        "lat" : 29.6401239601,
        "lon" : -82.3500331577
      }
    },
    "lastUpdate" : "20150203T183554Z"
  }, {
    "type" : "place",
    "startTime" : "20150203T114537-0500",
    "endTime" : "20150203T121729-0500",
    "place" : {
      "id" : 191508619,
      "type" : "unknown",
      "location" : {
        "lat" : 29.6565354608,
        "lon" : -82.326775329
      }
    },
    "lastUpdate" : "20150203T183554Z"
  }, {
    "type" : "place",
    "startTime" : "20150203T122923-0500",
    "endTime" : "20150203T163330-0500",
    "place" : {
      "id" : 192536761,
      "type" : "unknown",
      "location" : {
        "lat" : 29.6494642535,
        "lon" : -82.2954513859
      }
    },
    "lastUpdate" : "20150204T051204Z"
  }, {
    "type" : "place",
    "startTime" : "20150203T203138-0500",
    "endTime" : "20150203T230624-0500",
    "place" : {
      "id" : 191555477,
      "type" : "unknown",
      "location" : {
        "lat" : 29.6584308887,
        "lon" : -82.3231472242
      }
    },
    "lastUpdate" : "20150204T051204Z"
  }, {
    "type" : "place",
    "startTime" : "20150203T231630-0500",
    "endTime" : "20150204T051221-0500",
    "place" : {
      "id" : 191508619,
      "type" : "unknown",
      "location" : {
        "lat" : 29.6565354608,
        "lon" : -82.326775329
      }
    },
    "lastUpdate" : "20150204T124702Z"
  } ],
  "lastUpdate" : "20150204T125748Z"
}, {
  "date" : "20150204",
  "segments" : [ {
    "type" : "place",
    "startTime" : "20150203T231630-0500",
    "endTime" : "20150204T051221-0500",
    "place" : {
      "id" : 191508619,
      "type" : "unknown",
      "location" : {
        "lat" : 29.6565354608,
        "lon" : -82.326775329
      }
    },
    "lastUpdate" : "20150204T124702Z"
  }, {
    "type" : "place",
    "startTime" : "20150204T051700-0500",
    "endTime" : "20150204T081314-0500",
    "place" : {
      "id" : 193512500,
      "name" : "Home",
      "type" : "home",
      "location" : {
        "lat" : 29.6564969542,
        "lon" : -82.3267639009
      }
    },
    "lastUpdate" : "20150204T141804Z"
  }, {
    "type" : "place",
    "startTime" : "20150204T082204-0500",
    "endTime" : "20150204T114623-0500",
    "place" : {
      "id" : 192487158,
      "type" : "unknown",
      "location" : {
        "lat" : 29.641591782,
        "lon" : -82.3448683504
      }
    },
    "lastUpdate" : "20150204T185103Z"
  }, {
    "type" : "place",
    "startTime" : "20150204T115903-0500",
    "endTime" : "20150205T071149-0500",
    "place" : {
      "id" : 193512500,
      "name" : "Home",
      "type" : "home",
      "location" : {
        "lat" : 29.6564969542,
        "lon" : -82.3267639009
      }
    },
    "lastUpdate" : "20150205T130306Z"
  } ],
  "lastUpdate" : "20150205T130306Z"
}, {
  "date" : "20150205",
  "segments" : [ {
    "type" : "place",
    "startTime" : "20150204T115903-0500",
    "endTime" : "20150205T071149-0500",
    "place" : {
      "id" : 193512500,
      "name" : "Home",
      "type" : "home",
      "location" : {
        "lat" : 29.6564969542,
        "lon" : -82.3267639009
      }
    },
    "lastUpdate" : "20150205T130306Z"
  }, {
    "type" : "place",
    "startTime" : "20150205T071644-0500",
    "endTime" : "20150205T121553-0500",
    "place" : {
      "id" : 193512500,
      "name" : "Home",
      "type" : "home",
      "location" : {
        "lat" : 29.6564969542,
        "lon" : -82.3267639009
      }
    },
    "lastUpdate" : "20150205T184227Z"
  }, {
    "type" : "place",
    "startTime" : "20150205T122640-0500",
    "endTime" : "20150205T125747-0500",
    "place" : {
      "id" : 191770626,
      "type" : "unknown",
      "location" : {
        "lat" : 29.6401239601,
        "lon" : -82.3500331577
      }
    },
    "lastUpdate" : "20150205T184227Z"
  }, {
    "type" : "place",
    "startTime" : "20150205T125854-0500",
    "endTime" : "20150205T133639-0500",
    "place" : {
      "id" : 192323597,
      "type" : "unknown",
      "location" : {
        "lat" : 29.6375018345,
        "lon" : -82.3518371665
      }
    },
    "lastUpdate" : "20150205T203803Z"
  }, {
    "type" : "place",
    "startTime" : "20150205T134557-0500",
    "endTime" : "20150205T145812-0500",
    "place" : {
      "id" : 193807976,
      "type" : "unknown",
      "location" : {
        "lat" : 29.6461307746,
        "lon" : -82.3475759428
      }
    },
    "lastUpdate" : "20150205T234003Z"
  }, {
    "type" : "place",
    "startTime" : "20150205T150700-0500",
    "endTime" : "20150205T155312-0500",
    "place" : {
      "id" : 192323597,
      "type" : "unknown",
      "location" : {
        "lat" : 29.6375018345,
        "lon" : -82.3518371665
      }
    },
    "lastUpdate" : "20150205T234003Z"
  }, {
    "type" : "place",
    "startTime" : "20150205T160321-0500",
    "endTime" : "20150205T180112-0500",
    "place" : {
      "id" : 192327697,
      "type" : "unknown",
      "location" : {
        "lat" : 29.6411416968,
        "lon" : -82.3460602061
      }
    },
    "lastUpdate" : "20150206T011110Z"
  }, {
    "type" : "place",
    "startTime" : "20150205T180112-0500",
    "endTime" : "20150205T200626-0500",
    "place" : {
      "id" : 192487158,
      "type" : "unknown",
      "location" : {
        "lat" : 29.641591782,
        "lon" : -82.3448683504
      }
    },
    "lastUpdate" : "20150206T041341Z"
  }, {
    "type" : "place",
    "startTime" : "20150205T201910-0500",
    "endTime" : "20150205T220544-0500",
    "place" : {
      "id" : 191555477,
      "type" : "unknown",
      "location" : {
        "lat" : 29.6584308887,
        "lon" : -82.3231472242
      }
    },
    "lastUpdate" : "20150206T041341Z"
  }, {
    "type" : "place",
    "startTime" : "20150205T220817-0500",
    "endTime" : "20150206T051657-0500",
    "place" : {
      "id" : 193512500,
      "name" : "Home",
      "type" : "home",
      "location" : {
        "lat" : 29.6564969542,
        "lon" : -82.3267639009
      }
    },
    "lastUpdate" : "20150206T141341Z"
  } ],
  "lastUpdate" : "20150206T141341Z"
}, {
  "date" : "20150206",
  "segments" : [ {
    "type" : "place",
    "startTime" : "20150205T220817-0500",
    "endTime" : "20150206T051657-0500",
    "place" : {
      "id" : 193512500,
      "name" : "Home",
      "type" : "home",
      "location" : {
        "lat" : 29.6564969542,
        "lon" : -82.3267639009
      }
    },
    "lastUpdate" : "20150206T141341Z"
  }, {
    "type" : "place",
    "startTime" : "20150206T052022-0500",
    "endTime" : "20150206T091054-0500",
    "place" : {
      "id" : 193512500,
      "name" : "Home",
      "type" : "home",
      "location" : {
        "lat" : 29.6564969542,
        "lon" : -82.3267639009
      }
    },
    "lastUpdate" : "20150206T192319Z"
  }, {
    "type" : "place",
    "startTime" : "20150206T092503-0500",
    "endTime" : "20150206T115035-0500",
    "place" : {
      "id" : 194026337,
      "type" : "unknown",
      "location" : {
        "lat" : 29.6512341808,
        "lon" : -82.3326901892
      }
    },
    "lastUpdate" : "20150206T192319Z"
  }, {
    "type" : "place",
    "startTime" : "20150206T120503-0500",
    "endTime" : "20150206T200503-0500",
    "place" : {
      "id" : 193512500,
      "name" : "Home",
      "type" : "home",
      "location" : {
        "lat" : 29.6564969542,
        "lon" : -82.3267639009
      }
    },
    "lastUpdate" : "20150207T025751Z"
  }, {
    "type" : "place",
    "startTime" : "20150206T202305-0500",
    "endTime" : "20150206T211805-0500",
    "place" : {
      "id" : 194101900,
      "type" : "unknown",
      "location" : {
        "lat" : 29.6520824537,
        "lon" : -82.3360316378
      }
    },
    "lastUpdate" : "20150207T041052Z"
  }, {
    "type" : "place",
    "startTime" : "20150206T213720-0500",
    "endTime" : "20150206T230326-0500",
    "place" : {
      "id" : 194113204,
      "type" : "unknown",
      "location" : {
        "lat" : 29.6528712451,
        "lon" : -82.3254689281
      }
    },
    "lastUpdate" : "20150207T060001Z"
  }, {
    "type" : "place",
    "startTime" : "20150206T231124-0500",
    "endTime" : "20150207T083918-0500",
    "place" : {
      "id" : 193512500,
      "name" : "Home",
      "type" : "home",
      "location" : {
        "lat" : 29.6564969542,
        "lon" : -82.3267639009
      }
    },
    "lastUpdate" : "20150207T170937Z"
  } ],
  "lastUpdate" : "20150207T170937Z"
}, {
  "date" : "20150207",
  "segments" : [ {
    "type" : "place",
    "startTime" : "20150206T231124-0500",
    "endTime" : "20150207T083918-0500",
    "place" : {
      "id" : 193512500,
      "name" : "Home",
      "type" : "home",
      "location" : {
        "lat" : 29.6564969542,
        "lon" : -82.3267639009
      }
    },
    "lastUpdate" : "20150207T170937Z"
  }, {
    "type" : "place",
    "startTime" : "20150207T084940-0500",
    "endTime" : "20150207T085916-0500",
    "place" : {
      "id" : 194246135,
      "type" : "unknown",
      "location" : {
        "lat" : 29.6405634788,
        "lon" : -82.3434749381
      }
    },
    "lastUpdate" : "20150207T170937Z"
  }, {
    "type" : "place",
    "startTime" : "20150207T090256-0500",
    "endTime" : "20150207T120818-0500",
    "place" : {
      "id" : 194280058,
      "type" : "unknown",
      "location" : {
        "lat" : 29.6393429091,
        "lon" : -82.343987304
      }
    },
    "lastUpdate" : "20150207T191721Z"
  }, {
    "type" : "place",
    "startTime" : "20150207T122038-0500",
    "endTime" : "20150207T130345-0500",
    "place" : {
      "id" : 194312732,
      "type" : "unknown",
      "location" : {
        "lat" : 29.6401245861,
        "lon" : -82.3439850385
      }
    },
    "lastUpdate" : "20150207T191721Z"
  }, {
    "type" : "place",
    "startTime" : "20150207T130345-0500",
    "endTime" : "20150207T130423-0500",
    "place" : {
      "id" : 194280058,
      "type" : "unknown",
      "location" : {
        "lat" : 29.6393429091,
        "lon" : -82.343987304
      }
    },
    "lastUpdate" : "20150207T202127Z"
  }, {
    "type" : "place",
    "startTime" : "20150207T130423-0500",
    "endTime" : "20150207T132656-0500",
    "place" : {
      "id" : 194312733,
      "type" : "unknown",
      "location" : {
        "lat" : 29.6402546614,
        "lon" : -82.3428599475
      }
    },
    "lastUpdate" : "20150207T202127Z"
  }, {
    "type" : "place",
    "startTime" : "20150207T133116-0500",
    "endTime" : "20150207T142706-0500",
    "place" : {
      "id" : 194280058,
      "type" : "unknown",
      "location" : {
        "lat" : 29.6393429091,
        "lon" : -82.343987304
      }
    },
    "lastUpdate" : "20150207T224044Z"
  }, {
    "type" : "place",
    "startTime" : "20150207T143145-0500",
    "endTime" : "20150207T143402-0500",
    "place" : {
      "id" : 192323596,
      "type" : "unknown",
      "location" : {
        "lat" : 29.6412653071,
        "lon" : -82.3444141007
      }
    },
    "lastUpdate" : "20150207T224044Z"
  }, {
    "type" : "place",
    "startTime" : "20150207T145012-0500",
    "endTime" : "20150207T145458-0500",
    "place" : {
      "id" : 194327895,
      "type" : "unknown",
      "location" : {
        "lat" : 29.6520942625,
        "lon" : -82.3250843385
      }
    },
    "lastUpdate" : "20150207T224044Z"
  }, {
    "type" : "place",
    "startTime" : "20150207T145807-0500",
    "endTime" : "20150207T152006-0500",
    "place" : {
      "id" : 193512500,
      "name" : "Home",
      "type" : "home",
      "location" : {
        "lat" : 29.6564969542,
        "lon" : -82.3267639009
      }
    },
    "lastUpdate" : "20150207T224044Z"
  }, {
    "type" : "place",
    "startTime" : "20150207T152947-0500",
    "endTime" : "20150207T185444-0500",
    "place" : {
      "id" : 194358174,
      "type" : "unknown",
      "location" : {
        "lat" : 29.6552008039,
        "lon" : -82.3227941816
      }
    },
    "lastUpdate" : "20150208T014339Z"
  }, {
    "type" : "place",
    "startTime" : "20150207T190355-0500",
    "endTime" : "20150208T102406-0500",
    "place" : {
      "id" : 193512500,
      "name" : "Home",
      "type" : "home",
      "location" : {
        "lat" : 29.6564969542,
        "lon" : -82.3267639009
      }
    },
    "lastUpdate" : "20150208T181247Z"
  } ],
  "lastUpdate" : "20150208T181247Z"
}, {
  "date" : "20150208",
  "segments" : [ {
    "type" : "place",
    "startTime" : "20150207T190355-0500",
    "endTime" : "20150208T102406-0500",
    "place" : {
      "id" : 193512500,
      "name" : "Home",
      "type" : "home",
      "location" : {
        "lat" : 29.6564969542,
        "lon" : -82.3267639009
      }
    },
    "lastUpdate" : "20150208T181247Z"
  }, {
    "type" : "place",
    "startTime" : "20150208T103751-0500",
    "endTime" : "20150208T130956-0500",
    "place" : {
      "id" : 192984494,
      "type" : "unknown",
      "location" : {
        "lat" : 29.6565615853,
        "lon" : -82.3187163055
      }
    },
    "lastUpdate" : "20150208T212545Z"
  }, {
    "type" : "place",
    "startTime" : "20150208T133206-0500",
    "endTime" : "20150208T173321-0500",
    "place" : {
      "id" : 193512500,
      "name" : "Home",
      "type" : "home",
      "location" : {
        "lat" : 29.6564969542,
        "lon" : -82.3267639009
      }
    },
    "lastUpdate" : "20150208T231337Z"
  }, {
    "type" : "place",
    "startTime" : "20150208T174213-0500",
    "endTime" : "20150208T175605-0500",
    "place" : {
      "id" : 193512500,
      "name" : "Home",
      "type" : "home",
      "location" : {
        "lat" : 29.6564969542,
        "lon" : -82.3267639009
      }
    },
    "lastUpdate" : "20150208T234307Z"
  }, {
    "type" : "place",
    "startTime" : "20150208T175605-0500",
    "endTime" : "20150208T180629-0500",
    "place" : {
      "id" : 194622959,
      "type" : "unknown",
      "location" : {
        "lat" : 29.6577708953,
        "lon" : -82.325915626
      }
    },
    "lastUpdate" : "20150208T234307Z"
  }, {
    "type" : "place",
    "startTime" : "20150208T182154-0500",
    "endTime" : "20150208T190045-0500",
    "place" : {
      "id" : 193512500,
      "name" : "Home",
      "type" : "home",
      "location" : {
        "lat" : 29.6564969542,
        "lon" : -82.3267639009
      }
    },
    "lastUpdate" : "20150209T015857Z"
  }, {
    "type" : "place",
    "startTime" : "20150208T190200-0500",
    "endTime" : "20150208T212952-0500",
    "place" : {
      "id" : 191555477,
      "type" : "unknown",
      "location" : {
        "lat" : 29.6584308887,
        "lon" : -82.3231472242
      }
    },
    "lastUpdate" : "20150209T050102Z"
  }, {
    "type" : "place",
    "startTime" : "20150208T213853-0500",
    "endTime" : "20150209T055704-0500",
    "place" : {
      "id" : 193512500,
      "name" : "Home",
      "type" : "home",
      "location" : {
        "lat" : 29.6564969542,
        "lon" : -82.3267639009
      }
    },
    "lastUpdate" : "20150209T123545Z"
  } ],
  "lastUpdate" : "20150209T123545Z"
} ]