[ {
  "date" : "20150216",
  "segments" : [ {
    "type" : "place",
    "startTime" : "20150215T204850-0500",
    "endTime" : "20150216T154233-0500",
    "place" : {
      "id" : 193512500,
      "name" : "Home",
      "type" : "home",
      "location" : {
        "lat" : 29.6564969542,
        "lon" : -82.3267639009
      }
    },
    "lastUpdate" : "20150216T235341Z"
  }, {
    "type" : "place",
    "startTime" : "20150216T155558-0500",
    "endTime" : "20150216T184009-0500",
    "place" : {
      "id" : 191770626,
      "type" : "unknown",
      "location" : {
        "lat" : 29.6401239601,
        "lon" : -82.3500331577
      }
    },
    "lastUpdate" : "20150217T012729Z"
  }, {
    "type" : "place",
    "startTime" : "20150216T185401-0500",
    "endTime" : "20150216T210800-0500",
    "place" : {
      "id" : 192984494,
      "type" : "unknown",
      "location" : {
        "lat" : 29.6565615853,
        "lon" : -82.3187163055
      }
    },
    "lastUpdate" : "20150217T042918Z"
  }, {
    "type" : "place",
    "startTime" : "20150216T211718-0500",
    "endTime" : "20150217T091017-0500",
    "place" : {
      "id" : 193512500,
      "name" : "Home",
      "type" : "home",
      "location" : {
        "lat" : 29.6564969542,
        "lon" : -82.3267639009
      }
    },
    "lastUpdate" : "20150217T163721Z"
  } ],
  "lastUpdate" : "20150217T163721Z"
}, {
  "date" : "20150217",
  "segments" : [ {
    "type" : "place",
    "startTime" : "20150216T211718-0500",
    "endTime" : "20150217T091017-0500",
    "place" : {
      "id" : 193512500,
      "name" : "Home",
      "type" : "home",
      "location" : {
        "lat" : 29.6564969542,
        "lon" : -82.3267639009
      }
    },
    "lastUpdate" : "20150217T163721Z"
  }, {
    "type" : "place",
    "startTime" : "20150217T092402-0500",
    "endTime" : "20150217T114646-0500",
    "place" : {
      "id" : 191770626,
      "type" : "unknown",
      "location" : {
        "lat" : 29.6401239601,
        "lon" : -82.3500331577
      }
    },
    "lastUpdate" : "20150217T193933Z"
  }, {
    "type" : "place",
    "startTime" : "20150217T120716-0500",
    "endTime" : "20150218T183057-0500",
    "place" : {
      "id" : 193512500,
      "name" : "Home",
      "type" : "home",
      "location" : {
        "lat" : 29.6564969542,
        "lon" : -82.3267639009
      }
    },
    "lastUpdate" : "20150219T015923Z"
  } ],
  "lastUpdate" : "20150219T015923Z"
}, {
  "date" : "20150218",
  "segments" : [ {
    "type" : "place",
    "startTime" : "20150217T120716-0500",
    "endTime" : "20150218T183057-0500",
    "place" : {
      "id" : 193512500,
      "name" : "Home",
      "type" : "home",
      "location" : {
        "lat" : 29.6564969542,
        "lon" : -82.3267639009
      }
    },
    "lastUpdate" : "20150219T015923Z"
  }, {
    "type" : "place",
    "startTime" : "20150218T184309-0500",
    "endTime" : "20150218T185657-0500",
    "place" : {
      "id" : 197086191,
      "type" : "unknown",
      "location" : {
        "lat" : 29.6512781129,
        "lon" : -82.3239077761
      }
    },
    "lastUpdate" : "20150219T015923Z"
  }, {
    "type" : "place",
    "startTime" : "20150218T190302-0500",
    "endTime" : "20150218T204530-0500",
    "place" : {
      "id" : 197086192,
      "type" : "unknown",
      "location" : {
        "lat" : 29.6510939832,
        "lon" : -82.3257121445
      }
    },
    "lastUpdate" : "20150219T033102Z"
  }, {
    "type" : "place",
    "startTime" : "20150218T211050-0500",
    "endTime" : "20150218T213623-0500",
    "place" : {
      "id" : 192984494,
      "type" : "unknown",
      "location" : {
        "lat" : 29.6565615853,
        "lon" : -82.3187163055
      }
    },
    "lastUpdate" : "20150219T033102Z"
  }, {
    "type" : "place",
    "startTime" : "20150218T213934-0500",
    "endTime" : "20150219T092240-0500",
    "place" : {
      "id" : 193512500,
      "name" : "Home",
      "type" : "home",
      "location" : {
        "lat" : 29.6564969542,
        "lon" : -82.3267639009
      }
    },
    "lastUpdate" : "20150219T170916Z"
  } ],
  "lastUpdate" : "20150219T170916Z"
}, {
  "date" : "20150219",
  "segments" : [ {
    "type" : "place",
    "startTime" : "20150218T213934-0500",
    "endTime" : "20150219T092240-0500",
    "place" : {
      "id" : 193512500,
      "name" : "Home",
      "type" : "home",
      "location" : {
        "lat" : 29.6564969542,
        "lon" : -82.3267639009
      }
    },
    "lastUpdate" : "20150219T170916Z"
  }, {
    "type" : "place",
    "startTime" : "20150219T110318-0500",
    "endTime" : "20150219T125132-0500",
    "place" : {
      "id" : 197240158,
      "type" : "unknown",
      "location" : {
        "lat" : 30.2574715356,
        "lon" : -81.589977203
      }
    },
    "lastUpdate" : "20150219T214232Z"
  }, {
    "type" : "place",
    "startTime" : "20150219T130424-0500",
    "endTime" : "20150219T134412-0500",
    "place" : {
      "id" : 197291753,
      "type" : "unknown",
      "location" : {
        "lat" : 30.2196736991,
        "lon" : -81.5858445254
      }
    },
    "lastUpdate" : "20150219T214232Z"
  }, {
    "type" : "place",
    "startTime" : "20150219T152609-0500",
    "endTime" : "20150219T174713-0500",
    "place" : {
      "id" : 193512500,
      "name" : "Home",
      "type" : "home",
      "location" : {
        "lat" : 29.6564969542,
        "lon" : -82.3267639009
      }
    },
    "lastUpdate" : "20150220T004453Z"
  }, {
    "type" : "place",
    "startTime" : "20150219T175552-0500",
    "endTime" : "20150219T201216-0500",
    "place" : {
      "id" : 192487158,
      "type" : "unknown",
      "location" : {
        "lat" : 29.641591782,
        "lon" : -82.3448683504
      }
    },
    "lastUpdate" : "20150220T021518Z"
  }, {
    "type" : "place",
    "startTime" : "20150219T202413-0500",
    "endTime" : "20150219T213224-0500",
    "place" : {
      "id" : 191555477,
      "type" : "unknown",
      "location" : {
        "lat" : 29.6584308887,
        "lon" : -82.3231472242
      }
    },
    "lastUpdate" : "20150220T034614Z"
  }, {
    "type" : "place",
    "startTime" : "20150219T213336-0500",
    "endTime" : "20150220T083153-0500",
    "place" : {
      "id" : 193512500,
      "name" : "Home",
      "type" : "home",
      "location" : {
        "lat" : 29.6564969542,
        "lon" : -82.3267639009
      }
    },
    "lastUpdate" : "20150220T133156Z"
  } ],
  "lastUpdate" : "20150220T133156Z"
}, {
  "date" : "20150220",
  "segments" : [ {
    "type" : "place",
    "startTime" : "20150219T213336-0500",
    "endTime" : "20150220T083153-0500",
    "place" : {
      "id" : 193512500,
      "name" : "Home",
      "type" : "home",
      "location" : {
        "lat" : 29.6564969542,
        "lon" : -82.3267639009
      }
    },
    "lastUpdate" : "20150220T133156Z"
  } ],
  "lastUpdate" : "20150220T133156Z"
} ]