[ {
  "date" : "20150126",
  "segments" : [ {
    "type" : "place",
    "startTime" : "20150125T163750-0500",
    "endTime" : "20150126T161304-0500",
    "place" : {
      "id" : 191508619,
      "type" : "unknown",
      "location" : {
        "lat" : 29.6565354608,
        "lon" : -82.326775329
      }
    },
    "lastUpdate" : "20150126T233816Z"
  }, {
    "type" : "place",
    "startTime" : "20150126T162438-0500",
    "endTime" : "20150126T184219-0500",
    "place" : {
      "id" : 191770626,
      "type" : "unknown",
      "location" : {
        "lat" : 29.6401239601,
        "lon" : -82.3500331577
      }
    },
    "lastUpdate" : "20150127T010912Z"
  }, {
    "type" : "place",
    "startTime" : "20150126T185534-0500",
    "endTime" : "20150127T062233-0500",
    "place" : {
      "id" : 191508619,
      "type" : "unknown",
      "location" : {
        "lat" : 29.6565354608,
        "lon" : -82.326775329
      }
    },
    "lastUpdate" : "20150127T125931Z"
  } ],
  "lastUpdate" : "20150127T125931Z"
}, {
  "date" : "20150127",
  "segments" : [ {
    "type" : "place",
    "startTime" : "20150126T185534-0500",
    "endTime" : "20150127T062233-0500",
    "place" : {
      "id" : 191508619,
      "type" : "unknown",
      "location" : {
        "lat" : 29.6565354608,
        "lon" : -82.326775329
      }
    },
    "lastUpdate" : "20150127T125931Z"
  }, {
    "type" : "place",
    "startTime" : "20150127T062654-0500",
    "endTime" : "20150127T080939-0500",
    "place" : {
      "id" : 191508619,
      "type" : "unknown",
      "location" : {
        "lat" : 29.6565354608,
        "lon" : -82.326775329
      }
    },
    "lastUpdate" : "20150127T144807Z"
  }, {
    "type" : "place",
    "startTime" : "20150127T082101-0500",
    "endTime" : "20150127T091147-0500",
    "place" : {
      "id" : 191864250,
      "type" : "unknown",
      "location" : {
        "lat" : 29.6717569188,
        "lon" : -82.3393605736
      }
    },
    "lastUpdate" : "20150127T161906Z"
  }, {
    "type" : "place",
    "startTime" : "20150127T092929-0500",
    "endTime" : "20150127T114220-0500",
    "place" : {
      "id" : 191770626,
      "type" : "unknown",
      "location" : {
        "lat" : 29.6401239601,
        "lon" : -82.3500331577
      }
    },
    "lastUpdate" : "20150127T222346Z"
  }, {
    "type" : "place",
    "startTime" : "20150127T115233-0500",
    "endTime" : "20150127T115628-0500",
    "place" : {
      "id" : 191902248,
      "type" : "unknown",
      "location" : {
        "lat" : 29.6350970312,
        "lon" : -82.3553268138
      }
    },
    "lastUpdate" : "20150127T222346Z"
  }, {
    "type" : "place",
    "startTime" : "20150127T121214-0500",
    "endTime" : "20150128T193330-0500",
    "place" : {
      "id" : 191508619,
      "type" : "unknown",
      "location" : {
        "lat" : 29.6565354608,
        "lon" : -82.326775329
      }
    },
    "lastUpdate" : "20150129T021540Z"
  } ],
  "lastUpdate" : "20150129T021540Z"
}, {
  "date" : "20150128",
  "segments" : [ {
    "type" : "place",
    "startTime" : "20150127T121214-0500",
    "endTime" : "20150128T193330-0500",
    "place" : {
      "id" : 191508619,
      "type" : "unknown",
      "location" : {
        "lat" : 29.6565354608,
        "lon" : -82.326775329
      }
    },
    "lastUpdate" : "20150129T021540Z"
  }, {
    "type" : "place",
    "startTime" : "20150128T193815-0500",
    "endTime" : "20150128T221611-0500",
    "place" : {
      "id" : 191555477,
      "type" : "unknown",
      "location" : {
        "lat" : 29.6584308887,
        "lon" : -82.3231472242
      }
    },
    "lastUpdate" : "20150129T044302Z"
  }, {
    "type" : "place",
    "startTime" : "20150128T222443-0500",
    "endTime" : "20150129T125333-0500",
    "place" : {
      "id" : 191508619,
      "type" : "unknown",
      "location" : {
        "lat" : 29.6565354608,
        "lon" : -82.326775329
      }
    },
    "lastUpdate" : "20150129T195301Z"
  } ],
  "lastUpdate" : "20150129T195301Z"
}, {
  "date" : "20150129",
  "segments" : [ {
    "type" : "place",
    "startTime" : "20150128T222443-0500",
    "endTime" : "20150129T125333-0500",
    "place" : {
      "id" : 191508619,
      "type" : "unknown",
      "location" : {
        "lat" : 29.6565354608,
        "lon" : -82.326775329
      }
    },
    "lastUpdate" : "20150129T195301Z"
  }, {
    "type" : "place",
    "startTime" : "20150129T130704-0500",
    "endTime" : "20150129T135854-0500",
    "place" : {
      "id" : 191770626,
      "type" : "unknown",
      "location" : {
        "lat" : 29.6401239601,
        "lon" : -82.3500331577
      }
    },
    "lastUpdate" : "20150129T212409Z"
  }, {
    "type" : "place",
    "startTime" : "20150129T140124-0500",
    "endTime" : "20150129T140349-0500",
    "place" : {
      "id" : 192323596,
      "type" : "unknown",
      "location" : {
        "lat" : 29.6412653071,
        "lon" : -82.3444141007
      }
    },
    "lastUpdate" : "20150129T212409Z"
  }, {
    "type" : "place",
    "startTime" : "20150129T141923-0500",
    "endTime" : "20150129T160607-0500",
    "place" : {
      "id" : 192323597,
      "type" : "unknown",
      "location" : {
        "lat" : 29.6375018345,
        "lon" : -82.3518371665
      }
    },
    "lastUpdate" : "20150129T215354Z"
  }, {
    "type" : "place",
    "startTime" : "20150129T161204-0500",
    "endTime" : "20150129T202033-0500",
    "place" : {
      "id" : 192365686,
      "type" : "unknown",
      "location" : {
        "lat" : 29.641386103,
        "lon" : -82.3454001983
      }
    },
    "lastUpdate" : "20150130T032801Z"
  }, {
    "type" : "place",
    "startTime" : "20150129T203236-0500",
    "endTime" : "20150130T091715-0500",
    "place" : {
      "id" : 191508619,
      "type" : "unknown",
      "location" : {
        "lat" : 29.6565354608,
        "lon" : -82.326775329
      }
    },
    "lastUpdate" : "20150130T170701Z"
  } ],
  "lastUpdate" : "20150130T170701Z"
}, {
  "date" : "20150130",
  "segments" : [ {
    "type" : "place",
    "startTime" : "20150129T203236-0500",
    "endTime" : "20150130T091715-0500",
    "place" : {
      "id" : 191508619,
      "type" : "unknown",
      "location" : {
        "lat" : 29.6565354608,
        "lon" : -82.326775329
      }
    },
    "lastUpdate" : "20150130T170701Z"
  }, {
    "type" : "place",
    "startTime" : "20150130T092643-0500",
    "endTime" : "20150130T123711-0500",
    "place" : {
      "id" : 192487158,
      "type" : "unknown",
      "location" : {
        "lat" : 29.641591782,
        "lon" : -82.3448683504
      }
    },
    "lastUpdate" : "20150130T185831Z"
  }, {
    "type" : "place",
    "startTime" : "20150130T125317-0500",
    "endTime" : "20150130T133427-0500",
    "place" : {
      "id" : 192508698,
      "type" : "unknown",
      "location" : {
        "lat" : 29.6487508042,
        "lon" : -82.2959208587
      }
    },
    "lastUpdate" : "20150130T214036Z"
  }, {
    "type" : "place",
    "startTime" : "20150130T134056-0500",
    "endTime" : "20150130T134849-0500",
    "place" : {
      "id" : 192536760,
      "type" : "unknown",
      "location" : {
        "lat" : 29.6465881362,
        "lon" : -82.2937236646
      }
    },
    "lastUpdate" : "20150130T214036Z"
  }, {
    "type" : "place",
    "startTime" : "20150130T134930-0500",
    "endTime" : "20150130T170936-0500",
    "place" : {
      "id" : 192536761,
      "type" : "unknown",
      "location" : {
        "lat" : 29.6494642535,
        "lon" : -82.2954513859
      }
    },
    "lastUpdate" : "20150131T004125Z"
  }, {
    "type" : "place",
    "startTime" : "20150130T172259-0500",
    "endTime" : "20150130T214228-0500",
    "place" : {
      "id" : 191508619,
      "type" : "unknown",
      "location" : {
        "lat" : 29.6565354608,
        "lon" : -82.326775329
      }
    },
    "lastUpdate" : "20150131T051437Z"
  }, {
    "type" : "place",
    "startTime" : "20150130T221132-0500",
    "endTime" : "20150131T151335-0500",
    "place" : {
      "id" : 191508619,
      "type" : "unknown",
      "location" : {
        "lat" : 29.6565354608,
        "lon" : -82.326775329
      }
    },
    "lastUpdate" : "20150131T215550Z"
  } ],
  "lastUpdate" : "20150131T215550Z"
}, {
  "date" : "20150131",
  "segments" : [ {
    "type" : "place",
    "startTime" : "20150130T221132-0500",
    "endTime" : "20150131T151335-0500",
    "place" : {
      "id" : 191508619,
      "type" : "unknown",
      "location" : {
        "lat" : 29.6565354608,
        "lon" : -82.326775329
      }
    },
    "lastUpdate" : "20150131T215550Z"
  }, {
    "type" : "place",
    "startTime" : "20150131T151913-0500",
    "endTime" : "20150131T154939-0500",
    "place" : {
      "id" : 192798050,
      "type" : "unknown",
      "location" : {
        "lat" : 29.6592685914,
        "lon" : -82.3276915099
      }
    },
    "lastUpdate" : "20150131T215550Z"
  }, {
    "type" : "place",
    "startTime" : "20150131T155423-0500",
    "endTime" : "20150131T160111-0500",
    "place" : {
      "id" : 191508619,
      "type" : "unknown",
      "location" : {
        "lat" : 29.6565354608,
        "lon" : -82.326775329
      }
    },
    "lastUpdate" : "20150131T215550Z"
  }, {
    "type" : "place",
    "startTime" : "20150131T160757-0500",
    "endTime" : "20150131T181457-0500",
    "place" : {
      "id" : 192798051,
      "type" : "unknown",
      "location" : {
        "lat" : 29.6555884898,
        "lon" : -82.3229598209
      }
    },
    "lastUpdate" : "20150201T005710Z"
  }, {
    "type" : "place",
    "startTime" : "20150131T182411-0500",
    "endTime" : "20150131T194137-0500",
    "place" : {
      "id" : 191508619,
      "type" : "unknown",
      "location" : {
        "lat" : 29.6565354608,
        "lon" : -82.326775329
      }
    },
    "lastUpdate" : "20150201T022837Z"
  }, {
    "type" : "place",
    "startTime" : "20150131T194447-0500",
    "endTime" : "20150131T195542-0500",
    "place" : {
      "id" : 192842681,
      "type" : "unknown",
      "location" : {
        "lat" : 29.652208279,
        "lon" : -82.3256059046
      }
    },
    "lastUpdate" : "20150201T022837Z"
  }, {
    "type" : "place",
    "startTime" : "20150131T195725-0500",
    "endTime" : "20150201T101519-0500",
    "place" : {
      "id" : 191508619,
      "type" : "unknown",
      "location" : {
        "lat" : 29.6565354608,
        "lon" : -82.326775329
      }
    },
    "lastUpdate" : "20150201T172933Z"
  } ],
  "lastUpdate" : "20150201T172933Z"
}, {
  "date" : "20150201",
  "segments" : [ {
    "type" : "place",
    "startTime" : "20150131T195725-0500",
    "endTime" : "20150201T101519-0500",
    "place" : {
      "id" : 191508619,
      "type" : "unknown",
      "location" : {
        "lat" : 29.6565354608,
        "lon" : -82.326775329
      }
    },
    "lastUpdate" : "20150201T172933Z"
  }, {
    "type" : "place",
    "startTime" : "20150201T103230-0500",
    "endTime" : "20150201T122805-0500",
    "place" : {
      "id" : 192984494,
      "type" : "unknown",
      "location" : {
        "lat" : 29.6565615853,
        "lon" : -82.3187163055
      }
    },
    "lastUpdate" : "20150201T190954Z"
  }, {
    "type" : "place",
    "startTime" : "20150201T123905-0500",
    "endTime" : "20150201T145436-0500",
    "place" : {
      "id" : 191508619,
      "type" : "unknown",
      "location" : {
        "lat" : 29.6565354608,
        "lon" : -82.326775329
      }
    },
    "lastUpdate" : "20150201T204026Z"
  }, {
    "type" : "place",
    "startTime" : "20150201T145854-0500",
    "endTime" : "20150201T153816-0500",
    "place" : {
      "id" : 193013889,
      "type" : "unknown",
      "location" : {
        "lat" : 29.6497119143,
        "lon" : -82.3241800181
      }
    },
    "lastUpdate" : "20150201T221214Z"
  }, {
    "type" : "place",
    "startTime" : "20150201T154223-0500",
    "endTime" : "20150201T185238-0500",
    "place" : {
      "id" : 191508619,
      "type" : "unknown",
      "location" : {
        "lat" : 29.6565354608,
        "lon" : -82.326775329
      }
    },
    "lastUpdate" : "20150202T022359Z"
  }, {
    "type" : "place",
    "startTime" : "20150201T190018-0500",
    "endTime" : "20150201T190346-0500",
    "place" : {
      "id" : 193043072,
      "type" : "unknown",
      "location" : {
        "lat" : 29.6557379966,
        "lon" : -82.3225204735
      }
    },
    "lastUpdate" : "20150202T022359Z"
  }, {
    "type" : "place",
    "startTime" : "20150201T201414-0500",
    "endTime" : "20150201T202004-0500",
    "place" : {
      "id" : 192984494,
      "type" : "unknown",
      "location" : {
        "lat" : 29.6565615853,
        "lon" : -82.3187163055
      }
    },
    "lastUpdate" : "20150202T022359Z"
  }, {
    "type" : "place",
    "startTime" : "20150201T202939-0500",
    "endTime" : "20150201T211405-0500",
    "place" : {
      "id" : 193051555,
      "type" : "unknown",
      "location" : {
        "lat" : 29.6315585254,
        "lon" : -82.3393422039
      }
    },
    "lastUpdate" : "20150202T035244Z"
  }, {
    "type" : "place",
    "startTime" : "20150201T222120-0500",
    "endTime" : "20150201T223738-0500",
    "place" : {
      "id" : 192984494,
      "type" : "unknown",
      "location" : {
        "lat" : 29.6565615853,
        "lon" : -82.3187163055
      }
    },
    "lastUpdate" : "20150202T065248Z"
  }, {
    "type" : "place",
    "startTime" : "20150201T225342-0500",
    "endTime" : "20150202T052950-0500",
    "place" : {
      "id" : 191508619,
      "type" : "unknown",
      "location" : {
        "lat" : 29.6565354608,
        "lon" : -82.326775329
      }
    },
    "lastUpdate" : "20150202T105307Z"
  } ],
  "lastUpdate" : "20150202T105307Z"
} ]