[ {
  "date" : "20150125",
  "segments" : [ {
    "type" : "place",
    "startTime" : "20150125T104611-0500",
    "endTime" : "20150125T124643-0500",
    "place" : {
      "id" : 191508619,
      "type" : "unknown",
      "location" : {
        "lat" : 29.6565354608,
        "lon" : -82.326775329
      }
    },
    "lastUpdate" : "20150125T202015Z"
  }, {
    "type" : "place",
    "startTime" : "20150125T125733-0500",
    "endTime" : "20150125T134933-0500",
    "place" : {
      "id" : 191555476,
      "type" : "unknown",
      "location" : {
        "lat" : 29.6617215257,
        "lon" : -82.3222402478
      }
    },
    "lastUpdate" : "20150125T202015Z"
  }, {
    "type" : "place",
    "startTime" : "20150125T135430-0500",
    "endTime" : "20150125T140411-0500",
    "place" : {
      "id" : 191555477,
      "type" : "unknown",
      "location" : {
        "lat" : 29.6584308887,
        "lon" : -82.3231472242
      }
    },
    "lastUpdate" : "20150125T202015Z"
  }, {
    "type" : "place",
    "startTime" : "20150125T140736-0500",
    "endTime" : "20150125T161409-0500",
    "place" : {
      "id" : 191508619,
      "type" : "unknown",
      "location" : {
        "lat" : 29.6565354608,
        "lon" : -82.326775329
      }
    },
    "lastUpdate" : "20150125T235000Z"
  }, {
    "type" : "place",
    "startTime" : "20150125T163750-0500",
    "endTime" : "20150126T161304-0500",
    "place" : {
      "id" : 191508619,
      "type" : "unknown",
      "location" : {
        "lat" : 29.6565354608,
        "lon" : -82.326775329
      }
    },
    "lastUpdate" : "20150126T233816Z"
  } ],
  "lastUpdate" : "20150126T233816Z"
} ]