[ {
  "date" : "20150216",
  "summary" : [ {
    "activity" : "walking",
    "group" : "walking",
    "duration" : 1486.0,
    "distance" : 1336.0,
    "steps" : 2034
  }, {
    "activity" : "cycling",
    "group" : "cycling",
    "duration" : 1637.0,
    "distance" : 8728.0
  }, {
    "activity" : "transport",
    "group" : "transport",
    "duration" : 558.0,
    "distance" : 955.0
  } ],
  "segments" : [ {
    "type" : "place",
    "startTime" : "20150215T204850-0500",
    "endTime" : "20150216T154233-0500",
    "place" : {
      "id" : 193512500,
      "name" : "Home",
      "type" : "home",
      "location" : {
        "lat" : 29.6564969542,
        "lon" : -82.3267639009
      }
    },
    "activities" : [ {
      "activity" : "walking",
      "group" : "walking",
      "manual" : false,
      "startTime" : "20150216T045858-0500",
      "endTime" : "20150216T045928-0500",
      "duration" : 30.0,
      "distance" : 20.0,
      "steps" : 41,
      "trackPoints" : [ ]
    }, {
      "activity" : "walking",
      "group" : "walking",
      "manual" : false,
      "startTime" : "20150216T051003-0500",
      "endTime" : "20150216T051033-0500",
      "duration" : 30.0,
      "distance" : 15.0,
      "steps" : 20,
      "trackPoints" : [ ]
    }, {
      "activity" : "walking",
      "group" : "walking",
      "manual" : false,
      "startTime" : "20150216T083331-0500",
      "endTime" : "20150216T083602-0500",
      "duration" : 151.0,
      "distance" : 113.0,
      "steps" : 92,
      "trackPoints" : [ ]
    }, {
      "activity" : "walking",
      "group" : "walking",
      "manual" : false,
      "startTime" : "20150216T095539-0500",
      "endTime" : "20150216T095609-0500",
      "duration" : 30.0,
      "distance" : 15.0,
      "steps" : 25,
      "trackPoints" : [ ]
    }, {
      "activity" : "walking",
      "group" : "walking",
      "manual" : false,
      "startTime" : "20150216T133107-0500",
      "endTime" : "20150216T133137-0500",
      "duration" : 30.0,
      "distance" : 15.0,
      "steps" : 27,
      "trackPoints" : [ ]
    }, {
      "activity" : "walking",
      "group" : "walking",
      "manual" : false,
      "startTime" : "20150216T143418-0500",
      "endTime" : "20150216T143518-0500",
      "duration" : 60.0,
      "distance" : 46.0,
      "steps" : 91,
      "trackPoints" : [ ]
    }, {
      "activity" : "walking",
      "group" : "walking",
      "manual" : false,
      "startTime" : "20150216T154003-0500",
      "endTime" : "20150216T154103-0500",
      "duration" : 60.0,
      "distance" : 50.0,
      "steps" : 101,
      "trackPoints" : [ ]
    } ],
    "lastUpdate" : "20150216T235341Z"
  }, {
    "type" : "move",
    "startTime" : "20150216T154234-0500",
    "endTime" : "20150216T155558-0500",
    "activities" : [ {
      "activity" : "cycling",
      "group" : "cycling",
      "manual" : false,
      "startTime" : "20150216T154234-0500",
      "endTime" : "20150216T155558-0500",
      "duration" : 804.0,
      "distance" : 4004.0,
      "trackPoints" : [ {
        "lat" : 29.6564969542,
        "lon" : -82.3267639009,
        "time" : "20150216T154234-0500"
      }, {
        "lat" : 29.6565001608,
        "lon" : -82.3267750186,
        "time" : "20150216T154251-0500"
      }, {
        "lat" : 29.6564837987,
        "lon" : -82.3267851942,
        "time" : "20150216T154312-0500"
      }, {
        "lat" : 29.6564445894,
        "lon" : -82.3268124392,
        "time" : "20150216T154336-0500"
      }, {
        "lat" : 29.655068988,
        "lon" : -82.3278813033,
        "time" : "20150216T154356-0500"
      }, {
        "lat" : 29.6545891911,
        "lon" : -82.3280510457,
        "time" : "20150216T154416-0500"
      }, {
        "lat" : 29.6528507417,
        "lon" : -82.3283305669,
        "time" : "20150216T154447-0500"
      }, {
        "lat" : 29.6521294992,
        "lon" : -82.3285132355,
        "time" : "20150216T154508-0500"
      }, {
        "lat" : 29.6502834691,
        "lon" : -82.3308818388,
        "time" : "20150216T154609-0500"
      }, {
        "lat" : 29.6502193729,
        "lon" : -82.3307915227,
        "time" : "20150216T154631-0500"
      }, {
        "lat" : 29.6502617527,
        "lon" : -82.3329856052,
        "time" : "20150216T154705-0500"
      }, {
        "lat" : 29.6502347356,
        "lon" : -82.3344625011,
        "time" : "20150216T154725-0500"
      }, {
        "lat" : 29.6502128626,
        "lon" : -82.3353104417,
        "time" : "20150216T154741-0500"
      }, {
        "lat" : 29.6501973088,
        "lon" : -82.3367515723,
        "time" : "20150216T154802-0500"
      }, {
        "lat" : 29.6502445769,
        "lon" : -82.3380289938,
        "time" : "20150216T154817-0500"
      }, {
        "lat" : 29.6496895014,
        "lon" : -82.3406924177,
        "time" : "20150216T154839-0500"
      }, {
        "lat" : 29.6496895014,
        "lon" : -82.3406924177,
        "time" : "20150216T154858-0500"
      }, {
        "lat" : 29.6496895014,
        "lon" : -82.3406924177,
        "time" : "20150216T154918-0500"
      }, {
        "lat" : 29.6495771377,
        "lon" : -82.341312905,
        "time" : "20150216T155017-0500"
      }, {
        "lat" : 29.6495895279,
        "lon" : -82.342315813,
        "time" : "20150216T155039-0500"
      }, {
        "lat" : 29.6494375038,
        "lon" : -82.3428016795,
        "time" : "20150216T155110-0500"
      }, {
        "lat" : 29.6486019487,
        "lon" : -82.3435580635,
        "time" : "20150216T155131-0500"
      }, {
        "lat" : 29.6480485508,
        "lon" : -82.3438482418,
        "time" : "20150216T155151-0500"
      }, {
        "lat" : 29.6460964657,
        "lon" : -82.3441622046,
        "time" : "20150216T155221-0500"
      }, {
        "lat" : 29.6451289403,
        "lon" : -82.3444642473,
        "time" : "20150216T155242-0500"
      }, {
        "lat" : 29.6447386791,
        "lon" : -82.3453943141,
        "time" : "20150216T155304-0500"
      }, {
        "lat" : 29.6439664091,
        "lon" : -82.346368333,
        "time" : "20150216T155339-0500"
      }, {
        "lat" : 29.6433114086,
        "lon" : -82.3469126155,
        "time" : "20150216T155405-0500"
      }, {
        "lat" : 29.6428474941,
        "lon" : -82.3468781615,
        "time" : "20150216T155424-0500"
      }, {
        "lat" : 29.6403964702,
        "lon" : -82.3468969959,
        "time" : "20150216T155456-0500"
      }, {
        "lat" : 29.6399916903,
        "lon" : -82.3470307032,
        "time" : "20150216T155516-0500"
      }, {
        "lat" : 29.6401239601,
        "lon" : -82.3500331577,
        "time" : "20150216T155558-0500"
      } ]
    } ],
    "lastUpdate" : "20150216T235341Z"
  }, {
    "type" : "place",
    "startTime" : "20150216T155558-0500",
    "endTime" : "20150216T184009-0500",
    "place" : {
      "id" : 191770626,
      "type" : "unknown",
      "location" : {
        "lat" : 29.6401239601,
        "lon" : -82.3500331577
      }
    },
    "activities" : [ {
      "activity" : "walking",
      "group" : "walking",
      "manual" : false,
      "startTime" : "20150216T155642-0500",
      "endTime" : "20150216T155726-0500",
      "duration" : 44.0,
      "distance" : 44.0,
      "steps" : 87,
      "trackPoints" : [ ]
    }, {
      "activity" : "walking",
      "group" : "walking",
      "manual" : false,
      "startTime" : "20150216T160000-0500",
      "endTime" : "20150216T160205-0500",
      "duration" : 125.0,
      "distance" : 159.0,
      "steps" : 211,
      "trackPoints" : [ ]
    }, {
      "activity" : "walking",
      "group" : "walking",
      "manual" : false,
      "startTime" : "20150216T174340-0500",
      "endTime" : "20150216T174536-0500",
      "duration" : 116.0,
      "distance" : 82.0,
      "steps" : 164,
      "trackPoints" : [ ]
    }, {
      "activity" : "walking",
      "group" : "walking",
      "manual" : false,
      "startTime" : "20150216T183111-0500",
      "endTime" : "20150216T183941-0500",
      "duration" : 510.0,
      "distance" : 567.0,
      "steps" : 756,
      "trackPoints" : [ ]
    } ],
    "lastUpdate" : "20150217T012729Z"
  }, {
    "type" : "move",
    "startTime" : "20150216T184009-0500",
    "endTime" : "20150216T185401-0500",
    "activities" : [ {
      "activity" : "cycling",
      "group" : "cycling",
      "manual" : false,
      "startTime" : "20150216T184009-0500",
      "endTime" : "20150216T185402-0500",
      "duration" : 833.0,
      "distance" : 4724.0,
      "trackPoints" : [ {
        "lat" : 29.6401239601,
        "lon" : -82.3500331577,
        "time" : "20150216T184009-0500"
      }, {
        "lat" : 29.6386444978,
        "lon" : -82.3485281409,
        "time" : "20150216T184031-0500"
      }, {
        "lat" : 29.6382856138,
        "lon" : -82.3480576779,
        "time" : "20150216T184051-0500"
      }, {
        "lat" : 29.6383327453,
        "lon" : -82.3468121994,
        "time" : "20150216T184130-0500"
      }, {
        "lat" : 29.6386929672,
        "lon" : -82.3453804115,
        "time" : "20150216T184152-0500"
      }, {
        "lat" : 29.6389595182,
        "lon" : -82.3444408236,
        "time" : "20150216T184212-0500"
      }, {
        "lat" : 29.6398124138,
        "lon" : -82.3416761805,
        "time" : "20150216T184239-0500"
      }, {
        "lat" : 29.6404538347,
        "lon" : -82.3406561855,
        "time" : "20150216T184257-0500"
      }, {
        "lat" : 29.6411963302,
        "lon" : -82.3391243021,
        "time" : "20150216T184343-0500"
      }, {
        "lat" : 29.641507446,
        "lon" : -82.3385649125,
        "time" : "20150216T184403-0500"
      }, {
        "lat" : 29.6421684693,
        "lon" : -82.3374485229,
        "time" : "20150216T184422-0500"
      }, {
        "lat" : 29.6424640915,
        "lon" : -82.3368218327,
        "time" : "20150216T184443-0500"
      }, {
        "lat" : 29.6430771766,
        "lon" : -82.3344935142,
        "time" : "20150216T184514-0500"
      }, {
        "lat" : 29.643229261,
        "lon" : -82.3338404063,
        "time" : "20150216T184534-0500"
      }, {
        "lat" : 29.6437672543,
        "lon" : -82.3316786607,
        "time" : "20150216T184603-0500"
      }, {
        "lat" : 29.6442683029,
        "lon" : -82.3310906222,
        "time" : "20150216T184618-0500"
      }, {
        "lat" : 29.6441003554,
        "lon" : -82.3313278156,
        "time" : "20150216T184643-0500"
      }, {
        "lat" : 29.6440407005,
        "lon" : -82.3314209509,
        "time" : "20150216T184700-0500"
      }, {
        "lat" : 29.6443363198,
        "lon" : -82.3313224844,
        "time" : "20150216T184724-0500"
      }, {
        "lat" : 29.6502265959,
        "lon" : -82.3278344196,
        "time" : "20150216T184926-0500"
      }, {
        "lat" : 29.6504952943,
        "lon" : -82.3252925376,
        "time" : "20150216T185006-0500"
      }, {
        "lat" : 29.6507660824,
        "lon" : -82.3250604458,
        "time" : "20150216T185030-0500"
      }, {
        "lat" : 29.6509990453,
        "lon" : -82.3249259257,
        "time" : "20150216T185050-0500"
      }, {
        "lat" : 29.6516631703,
        "lon" : -82.3243079215,
        "time" : "20150216T185114-0500"
      }, {
        "lat" : 29.6518919287,
        "lon" : -82.3241176669,
        "time" : "20150216T185135-0500"
      }, {
        "lat" : 29.6519898652,
        "lon" : -82.3240907813,
        "time" : "20150216T185155-0500"
      }, {
        "lat" : 29.6533772384,
        "lon" : -82.3238391766,
        "time" : "20150216T185215-0500"
      }, {
        "lat" : 29.6538584484,
        "lon" : -82.3235203012,
        "time" : "20150216T185235-0500"
      }, {
        "lat" : 29.6546300893,
        "lon" : -82.3216896267,
        "time" : "20150216T185311-0500"
      }, {
        "lat" : 29.6548342947,
        "lon" : -82.3206208545,
        "time" : "20150216T185328-0500"
      }, {
        "lat" : 29.6565615853,
        "lon" : -82.3187163055,
        "time" : "20150216T185401-0500"
      } ]
    } ],
    "lastUpdate" : "20150217T012729Z"
  }, {
    "type" : "place",
    "startTime" : "20150216T185401-0500",
    "endTime" : "20150216T210800-0500",
    "place" : {
      "id" : 192984494,
      "type" : "unknown",
      "location" : {
        "lat" : 29.6565615853,
        "lon" : -82.3187163055
      }
    },
    "activities" : [ {
      "activity" : "walking",
      "group" : "walking",
      "manual" : false,
      "startTime" : "20150216T185612-0500",
      "endTime" : "20150216T185712-0500",
      "duration" : 60.0,
      "distance" : 51.0,
      "steps" : 101,
      "trackPoints" : [ ]
    }, {
      "activity" : "walking",
      "group" : "walking",
      "manual" : false,
      "startTime" : "20150216T191512-0500",
      "endTime" : "20150216T191712-0500",
      "duration" : 120.0,
      "distance" : 66.0,
      "steps" : 132,
      "trackPoints" : [ ]
    }, {
      "activity" : "walking",
      "group" : "walking",
      "manual" : false,
      "startTime" : "20150216T200820-0500",
      "endTime" : "20150216T200920-0500",
      "duration" : 60.0,
      "distance" : 33.0,
      "steps" : 65,
      "trackPoints" : [ ]
    } ],
    "lastUpdate" : "20150217T042918Z"
  }, {
    "type" : "move",
    "startTime" : "20150216T210800-0500",
    "endTime" : "20150216T211718-0500",
    "activities" : [ {
      "activity" : "transport",
      "group" : "transport",
      "manual" : false,
      "startTime" : "20150216T210800-0500",
      "endTime" : "20150216T211718-0500",
      "duration" : 558.0,
      "distance" : 955.0,
      "trackPoints" : [ {
        "lat" : 29.6565615853,
        "lon" : -82.3187163055,
        "time" : "20150216T210800-0500"
      }, {
        "lat" : 29.6570456622,
        "lon" : -82.3190242783,
        "time" : "20150216T210821-0500"
      }, {
        "lat" : 29.657368566,
        "lon" : -82.3199445405,
        "time" : "20150216T210853-0500"
      }, {
        "lat" : 29.6572415941,
        "lon" : -82.3201895747,
        "time" : "20150216T210914-0500"
      }, {
        "lat" : 29.6569106738,
        "lon" : -82.3205331532,
        "time" : "20150216T210947-0500"
      }, {
        "lat" : 29.6568247282,
        "lon" : -82.320687161,
        "time" : "20150216T211008-0500"
      }, {
        "lat" : 29.6567181094,
        "lon" : -82.3223195892,
        "time" : "20150216T211102-0500"
      }, {
        "lat" : 29.6567117679,
        "lon" : -82.3225130091,
        "time" : "20150216T211124-0500"
      }, {
        "lat" : 29.6567179073,
        "lon" : -82.322687399,
        "time" : "20150216T211144-0500"
      }, {
        "lat" : 29.6567191547,
        "lon" : -82.3227357829,
        "time" : "20150216T211205-0500"
      }, {
        "lat" : 29.6567199711,
        "lon" : -82.3227722247,
        "time" : "20150216T211226-0500"
      }, {
        "lat" : 29.6567199902,
        "lon" : -82.3227731192,
        "time" : "20150216T211247-0500"
      }, {
        "lat" : 29.6567199902,
        "lon" : -82.3227731192,
        "time" : "20150216T211307-0500"
      }, {
        "lat" : 29.6567199902,
        "lon" : -82.3227731192,
        "time" : "20150216T211338-0500"
      }, {
        "lat" : 29.6567199902,
        "lon" : -82.3227731192,
        "time" : "20150216T211359-0500"
      }, {
        "lat" : 29.6567199206,
        "lon" : -82.3227725182,
        "time" : "20150216T211431-0500"
      }, {
        "lat" : 29.6567198754,
        "lon" : -82.3227737016,
        "time" : "20150216T211453-0500"
      }, {
        "lat" : 29.6567201397,
        "lon" : -82.3227792944,
        "time" : "20150216T211513-0500"
      }, {
        "lat" : 29.656721211,
        "lon" : -82.3227943656,
        "time" : "20150216T211530-0500"
      }, {
        "lat" : 29.6568706677,
        "lon" : -82.3242258884,
        "time" : "20150216T211552-0500"
      }, {
        "lat" : 29.6568514534,
        "lon" : -82.3249419519,
        "time" : "20150216T211612-0500"
      }, {
        "lat" : 29.6568116631,
        "lon" : -82.3251955506,
        "time" : "20150216T211629-0500"
      }, {
        "lat" : 29.6564969542,
        "lon" : -82.3267639009,
        "time" : "20150216T211718-0500"
      } ]
    } ],
    "lastUpdate" : "20150217T042918Z"
  }, {
    "type" : "place",
    "startTime" : "20150216T211718-0500",
    "endTime" : "20150217T091017-0500",
    "place" : {
      "id" : 193512500,
      "name" : "Home",
      "type" : "home",
      "location" : {
        "lat" : 29.6564969542,
        "lon" : -82.3267639009
      }
    },
    "activities" : [ {
      "activity" : "walking",
      "group" : "walking",
      "manual" : false,
      "startTime" : "20150216T211859-0500",
      "endTime" : "20150216T211959-0500",
      "duration" : 60.0,
      "distance" : 60.0,
      "steps" : 121,
      "trackPoints" : [ ]
    } ],
    "lastUpdate" : "20150217T163721Z"
  } ],
  "lastUpdate" : "20150217T163721Z"
}, {
  "date" : "20150217",
  "summary" : [ {
    "activity" : "walking",
    "group" : "walking",
    "duration" : 2352.0,
    "distance" : 2292.0,
    "steps" : 3446
  }, {
    "activity" : "cycling",
    "group" : "cycling",
    "duration" : 2056.0,
    "distance" : 8229.0
  } ],
  "segments" : [ {
    "type" : "place",
    "startTime" : "20150216T211718-0500",
    "endTime" : "20150217T091017-0500",
    "place" : {
      "id" : 193512500,
      "name" : "Home",
      "type" : "home",
      "location" : {
        "lat" : 29.6564969542,
        "lon" : -82.3267639009
      }
    },
    "activities" : [ {
      "activity" : "walking",
      "group" : "walking",
      "manual" : false,
      "startTime" : "20150217T001837-0500",
      "endTime" : "20150217T001907-0500",
      "duration" : 30.0,
      "distance" : 20.0,
      "steps" : 41,
      "trackPoints" : [ ]
    }, {
      "activity" : "walking",
      "group" : "walking",
      "manual" : false,
      "startTime" : "20150217T055459-0500",
      "endTime" : "20150217T055529-0500",
      "duration" : 30.0,
      "distance" : 15.0,
      "steps" : 30,
      "trackPoints" : [ ]
    }, {
      "activity" : "walking",
      "group" : "walking",
      "manual" : false,
      "startTime" : "20150217T073245-0500",
      "endTime" : "20150217T073415-0500",
      "duration" : 90.0,
      "distance" : 56.0,
      "steps" : 111,
      "trackPoints" : [ ]
    }, {
      "activity" : "walking",
      "group" : "walking",
      "manual" : false,
      "startTime" : "20150217T090117-0500",
      "endTime" : "20150217T091659-0500",
      "duration" : 942.0,
      "distance" : 1189.0,
      "steps" : 1585,
      "trackPoints" : [ ]
    } ],
    "lastUpdate" : "20150217T163721Z"
  }, {
    "type" : "move",
    "startTime" : "20150217T091017-0500",
    "endTime" : "20150217T092401-0500",
    "activities" : [ {
      "activity" : "cycling",
      "group" : "cycling",
      "manual" : false,
      "startTime" : "20150217T091017-0500",
      "endTime" : "20150217T092402-0500",
      "duration" : 825.0,
      "distance" : 3940.0,
      "trackPoints" : [ {
        "lat" : 29.6564969542,
        "lon" : -82.3267639009,
        "time" : "20150217T091017-0500"
      }, {
        "lat" : 29.6565149942,
        "lon" : -82.3268306708,
        "time" : "20150217T091037-0500"
      }, {
        "lat" : 29.6563541342,
        "lon" : -82.3271319032,
        "time" : "20150217T091055-0500"
      }, {
        "lat" : 29.6558424787,
        "lon" : -82.3275718492,
        "time" : "20150217T091121-0500"
      }, {
        "lat" : 29.6547092689,
        "lon" : -82.3278556643,
        "time" : "20150217T091147-0500"
      }, {
        "lat" : 29.653443349,
        "lon" : -82.3280048268,
        "time" : "20150217T091216-0500"
      }, {
        "lat" : 29.6530357644,
        "lon" : -82.3280946716,
        "time" : "20150217T091236-0500"
      }, {
        "lat" : 29.6521244705,
        "lon" : -82.3283619887,
        "time" : "20150217T091307-0500"
      }, {
        "lat" : 29.6517512941,
        "lon" : -82.3286690835,
        "time" : "20150217T091326-0500"
      }, {
        "lat" : 29.6504399326,
        "lon" : -82.3299643512,
        "time" : "20150217T091350-0500"
      }, {
        "lat" : 29.6501219603,
        "lon" : -82.3307543554,
        "time" : "20150217T091420-0500"
      }, {
        "lat" : 29.6501372819,
        "lon" : -82.3312265686,
        "time" : "20150217T091437-0500"
      }, {
        "lat" : 29.6502690067,
        "lon" : -82.333192325,
        "time" : "20150217T091457-0500"
      }, {
        "lat" : 29.6502223608,
        "lon" : -82.3359068234,
        "time" : "20150217T091532-0500"
      }, {
        "lat" : 29.6502265909,
        "lon" : -82.3364745193,
        "time" : "20150217T091547-0500"
      }, {
        "lat" : 29.6502767845,
        "lon" : -82.3386609211,
        "time" : "20150217T091632-0500"
      }, {
        "lat" : 29.6502250942,
        "lon" : -82.3390229555,
        "time" : "20150217T091652-0500"
      }, {
        "lat" : 29.6499592145,
        "lon" : -82.3401734334,
        "time" : "20150217T091711-0500"
      }, {
        "lat" : 29.6496427918,
        "lon" : -82.3406863341,
        "time" : "20150217T091726-0500"
      }, {
        "lat" : 29.6454511737,
        "lon" : -82.3436751412,
        "time" : "20150217T091901-0500"
      }, {
        "lat" : 29.6449872016,
        "lon" : -82.3444071165,
        "time" : "20150217T091921-0500"
      }, {
        "lat" : 29.6448978179,
        "lon" : -82.3455231651,
        "time" : "20150217T091942-0500"
      }, {
        "lat" : 29.6436198217,
        "lon" : -82.3471041908,
        "time" : "20150217T092103-0500"
      }, {
        "lat" : 29.6425361913,
        "lon" : -82.3472768204,
        "time" : "20150217T092121-0500"
      }, {
        "lat" : 29.6407376489,
        "lon" : -82.3468237873,
        "time" : "20150217T092143-0500"
      }, {
        "lat" : 29.6401239601,
        "lon" : -82.3500331577,
        "time" : "20150217T092401-0500"
      } ]
    } ],
    "lastUpdate" : "20150217T163721Z"
  }, {
    "type" : "place",
    "startTime" : "20150217T092402-0500",
    "endTime" : "20150217T114646-0500",
    "place" : {
      "id" : 191770626,
      "type" : "unknown",
      "location" : {
        "lat" : 29.6401239601,
        "lon" : -82.3500331577
      }
    },
    "activities" : [ {
      "activity" : "walking",
      "group" : "walking",
      "manual" : false,
      "startTime" : "20150217T092421-0500",
      "endTime" : "20150217T092621-0500",
      "duration" : 120.0,
      "distance" : 116.0,
      "steps" : 232,
      "trackPoints" : [ ]
    }, {
      "activity" : "walking",
      "group" : "walking",
      "manual" : false,
      "startTime" : "20150217T113754-0500",
      "endTime" : "20150217T113924-0500",
      "duration" : 90.0,
      "distance" : 66.0,
      "steps" : 132,
      "trackPoints" : [ ]
    } ],
    "lastUpdate" : "20150217T193933Z"
  }, {
    "type" : "move",
    "startTime" : "20150217T114646-0500",
    "endTime" : "20150217T120716-0500",
    "activities" : [ {
      "activity" : "cycling",
      "group" : "cycling",
      "manual" : false,
      "startTime" : "20150217T114646-0500",
      "endTime" : "20150217T120717-0500",
      "duration" : 1231.0,
      "distance" : 4289.0,
      "trackPoints" : [ {
        "lat" : 29.6401239601,
        "lon" : -82.3500331577,
        "time" : "20150217T114646-0500"
      }, {
        "lat" : 29.6399349315,
        "lon" : -82.3491782042,
        "time" : "20150217T114707-0500"
      }, {
        "lat" : 29.6399343213,
        "lon" : -82.3491544443,
        "time" : "20150217T114728-0500"
      }, {
        "lat" : 29.6401373371,
        "lon" : -82.3469064557,
        "time" : "20150217T114758-0500"
      }, {
        "lat" : 29.6406237708,
        "lon" : -82.3469282294,
        "time" : "20150217T114818-0500"
      }, {
        "lat" : 29.6428459076,
        "lon" : -82.3469550174,
        "time" : "20150217T114847-0500"
      }, {
        "lat" : 29.6433377567,
        "lon" : -82.3469980128,
        "time" : "20150217T114904-0500"
      }, {
        "lat" : 29.6432244887,
        "lon" : -82.3470826546,
        "time" : "20150217T114928-0500"
      }, {
        "lat" : 29.6431790604,
        "lon" : -82.3470016959,
        "time" : "20150217T114958-0500"
      }, {
        "lat" : 29.6433508018,
        "lon" : -82.346592202,
        "time" : "20150217T115025-0500"
      }, {
        "lat" : 29.6445093742,
        "lon" : -82.3442612152,
        "time" : "20150217T115109-0500"
      }, {
        "lat" : 29.6447400219,
        "lon" : -82.3440553211,
        "time" : "20150217T115131-0500"
      }, {
        "lat" : 29.6453148107,
        "lon" : -82.3444672826,
        "time" : "20150217T115147-0500"
      }, {
        "lat" : 29.6464656789,
        "lon" : -82.343944041,
        "time" : "20150217T115218-0500"
      }, {
        "lat" : 29.6469537793,
        "lon" : -82.3438014789,
        "time" : "20150217T115252-0500"
      }, {
        "lat" : 29.6491944576,
        "lon" : -82.3433092639,
        "time" : "20150217T115333-0500"
      }, {
        "lat" : 29.6494244499,
        "lon" : -82.343032322,
        "time" : "20150217T115353-0500"
      }, {
        "lat" : 29.6498684496,
        "lon" : -82.3407468111,
        "time" : "20150217T115423-0500"
      }, {
        "lat" : 29.6500388962,
        "lon" : -82.3400969306,
        "time" : "20150217T115443-0500"
      }, {
        "lat" : 29.6502799622,
        "lon" : -82.3396665278,
        "time" : "20150217T115503-0500"
      }, {
        "lat" : 29.650194398,
        "lon" : -82.3395133289,
        "time" : "20150217T115532-0500"
      }, {
        "lat" : 29.6502754935,
        "lon" : -82.339257417,
        "time" : "20150217T115552-0500"
      }, {
        "lat" : 29.6502754935,
        "lon" : -82.339257417,
        "time" : "20150217T115612-0500"
      }, {
        "lat" : 29.6502754935,
        "lon" : -82.339257417,
        "time" : "20150217T115632-0500"
      }, {
        "lat" : 29.6502762044,
        "lon" : -82.3390939035,
        "time" : "20150217T115653-0500"
      }, {
        "lat" : 29.6502732978,
        "lon" : -82.3388960006,
        "time" : "20150217T115713-0500"
      }, {
        "lat" : 29.6502385633,
        "lon" : -82.3373453849,
        "time" : "20150217T115730-0500"
      }, {
        "lat" : 29.6502470123,
        "lon" : -82.3348611821,
        "time" : "20150217T115803-0500"
      }, {
        "lat" : 29.6502685138,
        "lon" : -82.3325972141,
        "time" : "20150217T115834-0500"
      }, {
        "lat" : 29.6501604843,
        "lon" : -82.3306972568,
        "time" : "20150217T115900-0500"
      }, {
        "lat" : 29.6501739104,
        "lon" : -82.3302290399,
        "time" : "20150217T115919-0500"
      }, {
        "lat" : 29.6503786468,
        "lon" : -82.3280570308,
        "time" : "20150217T115948-0500"
      }, {
        "lat" : 29.6506987201,
        "lon" : -82.3275486459,
        "time" : "20150217T115959-0500"
      }, {
        "lat" : 29.650698988,
        "lon" : -82.3275482205,
        "time" : "20150217T120000-0500"
      }, {
        "lat" : 29.6508719347,
        "lon" : -82.3272735225,
        "time" : "20150217T120006-0500"
      }, {
        "lat" : 29.651406679,
        "lon" : -82.3269069986,
        "time" : "20150217T120026-0500"
      }, {
        "lat" : 29.6518801975,
        "lon" : -82.3271170188,
        "time" : "20150217T120056-0500"
      }, {
        "lat" : 29.6519985065,
        "lon" : -82.3271688482,
        "time" : "20150217T120117-0500"
      }, {
        "lat" : 29.6520179673,
        "lon" : -82.3271720073,
        "time" : "20150217T120137-0500"
      }, {
        "lat" : 29.6520197129,
        "lon" : -82.32717335,
        "time" : "20150217T120153-0500"
      }, {
        "lat" : 29.6520233025,
        "lon" : -82.3271744488,
        "time" : "20150217T120208-0500"
      }, {
        "lat" : 29.652031422,
        "lon" : -82.3271751795,
        "time" : "20150217T120228-0500"
      }, {
        "lat" : 29.6520436629,
        "lon" : -82.3271746756,
        "time" : "20150217T120248-0500"
      }, {
        "lat" : 29.6520607015,
        "lon" : -82.3271727974,
        "time" : "20150217T120308-0500"
      }, {
        "lat" : 29.6520787435,
        "lon" : -82.327170188,
        "time" : "20150217T120328-0500"
      }, {
        "lat" : 29.6520787435,
        "lon" : -82.327170188,
        "time" : "20150217T120348-0500"
      }, {
        "lat" : 29.6520752234,
        "lon" : -82.3271708594,
        "time" : "20150217T120409-0500"
      }, {
        "lat" : 29.6520747451,
        "lon" : -82.3271709778,
        "time" : "20150217T120429-0500"
      }, {
        "lat" : 29.6520865929,
        "lon" : -82.3271687494,
        "time" : "20150217T120449-0500"
      }, {
        "lat" : 29.6521107479,
        "lon" : -82.3271641949,
        "time" : "20150217T120508-0500"
      }, {
        "lat" : 29.6521317159,
        "lon" : -82.3271602492,
        "time" : "20150217T120539-0500"
      }, {
        "lat" : 29.6521721254,
        "lon" : -82.3271523884,
        "time" : "20150217T120559-0500"
      }, {
        "lat" : 29.6544092512,
        "lon" : -82.3267301692,
        "time" : "20150217T120629-0500"
      }, {
        "lat" : 29.6564969542,
        "lon" : -82.3267639009,
        "time" : "20150217T120716-0500"
      } ]
    } ],
    "lastUpdate" : "20150217T193933Z"
  }, {
    "type" : "place",
    "startTime" : "20150217T120716-0500",
    "endTime" : "20150218T183057-0500",
    "place" : {
      "id" : 193512500,
      "name" : "Home",
      "type" : "home",
      "location" : {
        "lat" : 29.6564969542,
        "lon" : -82.3267639009
      }
    },
    "activities" : [ {
      "activity" : "walking",
      "group" : "walking",
      "manual" : false,
      "startTime" : "20150217T120822-0500",
      "endTime" : "20150217T121022-0500",
      "duration" : 120.0,
      "distance" : 76.0,
      "steps" : 152,
      "trackPoints" : [ ]
    }, {
      "activity" : "walking",
      "group" : "walking",
      "manual" : false,
      "startTime" : "20150217T152300-0500",
      "endTime" : "20150217T152330-0500",
      "duration" : 30.0,
      "distance" : 15.0,
      "steps" : 20,
      "trackPoints" : [ ]
    }, {
      "activity" : "walking",
      "group" : "walking",
      "manual" : false,
      "startTime" : "20150217T161652-0500",
      "endTime" : "20150217T161829-0500",
      "duration" : 97.0,
      "distance" : 58.0,
      "steps" : 116,
      "trackPoints" : [ ]
    }, {
      "activity" : "walking",
      "group" : "walking",
      "manual" : false,
      "startTime" : "20150217T174230-0500",
      "endTime" : "20150217T174300-0500",
      "duration" : 30.0,
      "distance" : 15.0,
      "steps" : 30,
      "trackPoints" : [ ]
    }, {
      "activity" : "walking",
      "group" : "walking",
      "manual" : false,
      "startTime" : "20150217T180153-0500",
      "endTime" : "20150217T180353-0500",
      "duration" : 120.0,
      "distance" : 73.0,
      "steps" : 147,
      "trackPoints" : [ ]
    }, {
      "activity" : "walking",
      "group" : "walking",
      "manual" : false,
      "startTime" : "20150217T190509-0500",
      "endTime" : "20150217T191402-0500",
      "duration" : 533.0,
      "distance" : 507.0,
      "steps" : 676,
      "trackPoints" : [ ]
    }, {
      "activity" : "walking",
      "group" : "walking",
      "manual" : false,
      "startTime" : "20150217T204838-0500",
      "endTime" : "20150217T204938-0500",
      "duration" : 60.0,
      "distance" : 51.0,
      "steps" : 102,
      "trackPoints" : [ ]
    }, {
      "activity" : "walking",
      "group" : "walking",
      "manual" : false,
      "startTime" : "20150217T213925-0500",
      "endTime" : "20150217T213955-0500",
      "duration" : 30.0,
      "distance" : 15.0,
      "steps" : 31,
      "trackPoints" : [ ]
    }, {
      "activity" : "walking",
      "group" : "walking",
      "manual" : false,
      "startTime" : "20150217T220048-0500",
      "endTime" : "20150217T220118-0500",
      "duration" : 30.0,
      "distance" : 20.0,
      "steps" : 41,
      "trackPoints" : [ ]
    } ],
    "lastUpdate" : "20150219T015923Z"
  } ],
  "lastUpdate" : "20150219T015923Z"
}, {
  "date" : "20150218",
  "summary" : [ {
    "activity" : "walking",
    "group" : "walking",
    "duration" : 3113.0,
    "distance" : 2911.0,
    "steps" : 4301
  }, {
    "activity" : "transport",
    "group" : "transport",
    "duration" : 191.0,
    "distance" : 905.0
  } ],
  "segments" : [ {
    "type" : "place",
    "startTime" : "20150217T120716-0500",
    "endTime" : "20150218T183057-0500",
    "place" : {
      "id" : 193512500,
      "name" : "Home",
      "type" : "home",
      "location" : {
        "lat" : 29.6564969542,
        "lon" : -82.3267639009
      }
    },
    "activities" : [ {
      "activity" : "walking",
      "group" : "walking",
      "manual" : false,
      "startTime" : "20150218T073100-0500",
      "endTime" : "20150218T073309-0500",
      "duration" : 129.0,
      "distance" : 128.0,
      "steps" : 170,
      "trackPoints" : [ ]
    }, {
      "activity" : "walking",
      "group" : "walking",
      "manual" : false,
      "startTime" : "20150218T124636-0500",
      "endTime" : "20150218T124706-0500",
      "duration" : 30.0,
      "distance" : 15.0,
      "steps" : 30,
      "trackPoints" : [ ]
    }, {
      "activity" : "walking",
      "group" : "walking",
      "manual" : false,
      "startTime" : "20150218T182518-0500",
      "endTime" : "20150218T182548-0500",
      "duration" : 30.0,
      "distance" : 15.0,
      "steps" : 25,
      "trackPoints" : [ ]
    } ],
    "lastUpdate" : "20150219T015923Z"
  }, {
    "type" : "move",
    "startTime" : "20150218T183057-0500",
    "endTime" : "20150218T184309-0500",
    "activities" : [ {
      "activity" : "walking",
      "group" : "walking",
      "manual" : false,
      "startTime" : "20150218T183057-0500",
      "endTime" : "20150218T184309-0500",
      "duration" : 732.0,
      "distance" : 741.0,
      "steps" : 1165,
      "trackPoints" : [ {
        "lat" : 29.6564969542,
        "lon" : -82.3267639009,
        "time" : "20150218T183057-0500"
      }, {
        "lat" : 29.656493299,
        "lon" : -82.3267487177,
        "time" : "20150218T183118-0500"
      }, {
        "lat" : 29.6564798969,
        "lon" : -82.3267410716,
        "time" : "20150218T183138-0500"
      }, {
        "lat" : 29.6564617792,
        "lon" : -82.3267312568,
        "time" : "20150218T183158-0500"
      }, {
        "lat" : 29.6564390595,
        "lon" : -82.326719657,
        "time" : "20150218T183217-0500"
      }, {
        "lat" : 29.6563607426,
        "lon" : -82.3266825555,
        "time" : "20150218T183307-0500"
      }, {
        "lat" : 29.6563307304,
        "lon" : -82.3266659112,
        "time" : "20150218T183328-0500"
      }, {
        "lat" : 29.6563186595,
        "lon" : -82.3266503634,
        "time" : "20150218T183349-0500"
      }, {
        "lat" : 29.6560434339,
        "lon" : -82.3266154048,
        "time" : "20150218T183419-0500"
      }, {
        "lat" : 29.6558430372,
        "lon" : -82.3266000541,
        "time" : "20150218T183440-0500"
      }, {
        "lat" : 29.6552129424,
        "lon" : -82.3265681743,
        "time" : "20150218T183523-0500"
      }, {
        "lat" : 29.6549970284,
        "lon" : -82.3265531567,
        "time" : "20150218T183538-0500"
      }, {
        "lat" : 29.6548168696,
        "lon" : -82.3264984428,
        "time" : "20150218T183557-0500"
      }, {
        "lat" : 29.6547195779,
        "lon" : -82.3263458638,
        "time" : "20150218T183618-0500"
      }, {
        "lat" : 29.6546438176,
        "lon" : -82.3261546203,
        "time" : "20150218T183638-0500"
      }, {
        "lat" : 29.654570857,
        "lon" : -82.3260380435,
        "time" : "20150218T183658-0500"
      }, {
        "lat" : 29.6544796271,
        "lon" : -82.3259606971,
        "time" : "20150218T183720-0500"
      }, {
        "lat" : 29.6543299633,
        "lon" : -82.3259029263,
        "time" : "20150218T183740-0500"
      }, {
        "lat" : 29.6542635749,
        "lon" : -82.3258819384,
        "time" : "20150218T183801-0500"
      }, {
        "lat" : 29.6542070708,
        "lon" : -82.3258643925,
        "time" : "20150218T183821-0500"
      }, {
        "lat" : 29.6541509208,
        "lon" : -82.3258369649,
        "time" : "20150218T183842-0500"
      }, {
        "lat" : 29.6537062026,
        "lon" : -82.3255638351,
        "time" : "20150218T183908-0500"
      }, {
        "lat" : 29.6533228335,
        "lon" : -82.3253800111,
        "time" : "20150218T183930-0500"
      }, {
        "lat" : 29.6528766791,
        "lon" : -82.3253038935,
        "time" : "20150218T184002-0500"
      }, {
        "lat" : 29.6525409228,
        "lon" : -82.3252388194,
        "time" : "20150218T184029-0500"
      }, {
        "lat" : 29.6522095508,
        "lon" : -82.3251710295,
        "time" : "20150218T184103-0500"
      }, {
        "lat" : 29.6520710119,
        "lon" : -82.3251481419,
        "time" : "20150218T184123-0500"
      }, {
        "lat" : 29.6520083724,
        "lon" : -82.3251197366,
        "time" : "20150218T184144-0500"
      }, {
        "lat" : 29.6519814787,
        "lon" : -82.3247787667,
        "time" : "20150218T184229-0500"
      }, {
        "lat" : 29.6519811625,
        "lon" : -82.3246572515,
        "time" : "20150218T184249-0500"
      }, {
        "lat" : 29.6512781129,
        "lon" : -82.3239077761,
        "time" : "20150218T184309-0500"
      } ]
    } ],
    "lastUpdate" : "20150219T015923Z"
  }, {
    "type" : "place",
    "startTime" : "20150218T184309-0500",
    "endTime" : "20150218T185657-0500",
    "place" : {
      "id" : 197086191,
      "type" : "unknown",
      "location" : {
        "lat" : 29.6512781129,
        "lon" : -82.3239077761
      }
    },
    "activities" : [ {
      "activity" : "walking",
      "group" : "walking",
      "manual" : false,
      "startTime" : "20150218T184502-0500",
      "endTime" : "20150218T184632-0500",
      "duration" : 90.0,
      "distance" : 51.0,
      "steps" : 101,
      "trackPoints" : [ ]
    } ],
    "lastUpdate" : "20150219T015923Z"
  }, {
    "type" : "move",
    "startTime" : "20150218T185657-0500",
    "endTime" : "20150218T190302-0500",
    "activities" : [ {
      "activity" : "walking",
      "group" : "walking",
      "manual" : false,
      "startTime" : "20150218T185657-0500",
      "endTime" : "20150218T190302-0500",
      "duration" : 365.0,
      "distance" : 343.0,
      "steps" : 493,
      "trackPoints" : [ {
        "lat" : 29.6512781129,
        "lon" : -82.3239077761,
        "time" : "20150218T185657-0500"
      }, {
        "lat" : 29.6514538324,
        "lon" : -82.3239818751,
        "time" : "20150218T185717-0500"
      }, {
        "lat" : 29.651499683,
        "lon" : -82.3239832917,
        "time" : "20150218T185748-0500"
      }, {
        "lat" : 29.6518096574,
        "lon" : -82.3239037398,
        "time" : "20150218T185815-0500"
      }, {
        "lat" : 29.6518674593,
        "lon" : -82.324033938,
        "time" : "20150218T185841-0500"
      }, {
        "lat" : 29.6519095205,
        "lon" : -82.3241781761,
        "time" : "20150218T185904-0500"
      }, {
        "lat" : 29.6519436842,
        "lon" : -82.3243044713,
        "time" : "20150218T185924-0500"
      }, {
        "lat" : 29.6519882722,
        "lon" : -82.3245119698,
        "time" : "20150218T185954-0500"
      }, {
        "lat" : 29.6519946257,
        "lon" : -82.3245574799,
        "time" : "20150218T185959-0500"
      }, {
        "lat" : 29.6519946376,
        "lon" : -82.3245575656,
        "time" : "20150218T190000-0500"
      }, {
        "lat" : 29.6520128418,
        "lon" : -82.3246879617,
        "time" : "20150218T190015-0500"
      }, {
        "lat" : 29.6520525382,
        "lon" : -82.324844644,
        "time" : "20150218T190035-0500"
      }, {
        "lat" : 29.6520500375,
        "lon" : -82.3249366372,
        "time" : "20150218T190056-0500"
      }, {
        "lat" : 29.6519537523,
        "lon" : -82.3249697279,
        "time" : "20150218T190117-0500"
      }, {
        "lat" : 29.6516999491,
        "lon" : -82.3249913489,
        "time" : "20150218T190141-0500"
      }, {
        "lat" : 29.6515205362,
        "lon" : -82.325005347,
        "time" : "20150218T190201-0500"
      }, {
        "lat" : 29.6513787573,
        "lon" : -82.3250178695,
        "time" : "20150218T190222-0500"
      }, {
        "lat" : 29.6512674918,
        "lon" : -82.3250427612,
        "time" : "20150218T190242-0500"
      }, {
        "lat" : 29.6510939832,
        "lon" : -82.3257121445,
        "time" : "20150218T190302-0500"
      } ]
    } ],
    "lastUpdate" : "20150219T015923Z"
  }, {
    "type" : "place",
    "startTime" : "20150218T190302-0500",
    "endTime" : "20150218T204530-0500",
    "place" : {
      "id" : 197086192,
      "type" : "unknown",
      "location" : {
        "lat" : 29.6510939832,
        "lon" : -82.3257121445
      }
    },
    "activities" : [ {
      "activity" : "walking",
      "group" : "walking",
      "manual" : false,
      "startTime" : "20150218T190302-0500",
      "endTime" : "20150218T190505-0500",
      "duration" : 123.0,
      "distance" : 156.0,
      "steps" : 208,
      "trackPoints" : [ ]
    } ],
    "lastUpdate" : "20150219T033102Z"
  }, {
    "type" : "move",
    "startTime" : "20150218T204530-0500",
    "endTime" : "20150218T211049-0500",
    "activities" : [ {
      "activity" : "walking",
      "group" : "walking",
      "manual" : false,
      "startTime" : "20150218T204530-0500",
      "endTime" : "20150218T211050-0500",
      "duration" : 1520.0,
      "distance" : 1372.0,
      "steps" : 1929,
      "trackPoints" : [ {
        "lat" : 29.6510939832,
        "lon" : -82.3257121445,
        "time" : "20150218T204530-0500"
      }, {
        "lat" : 29.6510984905,
        "lon" : -82.3257593987,
        "time" : "20150218T204601-0500"
      }, {
        "lat" : 29.6511003232,
        "lon" : -82.3257579252,
        "time" : "20150218T204622-0500"
      }, {
        "lat" : 29.6511027828,
        "lon" : -82.3257534554,
        "time" : "20150218T204642-0500"
      }, {
        "lat" : 29.6511060827,
        "lon" : -82.3257458864,
        "time" : "20150218T204702-0500"
      }, {
        "lat" : 29.6511104311,
        "lon" : -82.3257350944,
        "time" : "20150218T204722-0500"
      }, {
        "lat" : 29.6511163406,
        "lon" : -82.3257206886,
        "time" : "20150218T204742-0500"
      }, {
        "lat" : 29.6511239709,
        "lon" : -82.325704735,
        "time" : "20150218T204800-0500"
      }, {
        "lat" : 29.6511355634,
        "lon" : -82.3256828844,
        "time" : "20150218T204820-0500"
      }, {
        "lat" : 29.6511512451,
        "lon" : -82.3256561619,
        "time" : "20150218T204841-0500"
      }, {
        "lat" : 29.6511692115,
        "lon" : -82.3256276973,
        "time" : "20150218T204901-0500"
      }, {
        "lat" : 29.65120531,
        "lon" : -82.3255849337,
        "time" : "20150218T204921-0500"
      }, {
        "lat" : 29.6515126283,
        "lon" : -82.325299642,
        "time" : "20150218T204941-0500"
      }, {
        "lat" : 29.6517271434,
        "lon" : -82.3250989687,
        "time" : "20150218T205001-0500"
      }, {
        "lat" : 29.6518271437,
        "lon" : -82.324966336,
        "time" : "20150218T205022-0500"
      }, {
        "lat" : 29.6518820943,
        "lon" : -82.3248121152,
        "time" : "20150218T205042-0500"
      }, {
        "lat" : 29.6519503222,
        "lon" : -82.3244166542,
        "time" : "20150218T205106-0500"
      }, {
        "lat" : 29.6519781149,
        "lon" : -82.324226724,
        "time" : "20150218T205131-0500"
      }, {
        "lat" : 29.6519935012,
        "lon" : -82.3241529912,
        "time" : "20150218T205151-0500"
      }, {
        "lat" : 29.6520182457,
        "lon" : -82.3241124836,
        "time" : "20150218T205211-0500"
      }, {
        "lat" : 29.6520752316,
        "lon" : -82.3240897529,
        "time" : "20150218T205232-0500"
      }, {
        "lat" : 29.6521875178,
        "lon" : -82.324078963,
        "time" : "20150218T205254-0500"
      }, {
        "lat" : 29.6529364354,
        "lon" : -82.3240690627,
        "time" : "20150218T205344-0500"
      }, {
        "lat" : 29.6534151353,
        "lon" : -82.3240625579,
        "time" : "20150218T205416-0500"
      }, {
        "lat" : 29.6538027886,
        "lon" : -82.3240380763,
        "time" : "20150218T205446-0500"
      }, {
        "lat" : 29.6538916014,
        "lon" : -82.3241447011,
        "time" : "20150218T205523-0500"
      }, {
        "lat" : 29.6539272289,
        "lon" : -82.3242051878,
        "time" : "20150218T205543-0500"
      }, {
        "lat" : 29.6539639323,
        "lon" : -82.3242676768,
        "time" : "20150218T205603-0500"
      }, {
        "lat" : 29.6540015093,
        "lon" : -82.3243217452,
        "time" : "20150218T205623-0500"
      }, {
        "lat" : 29.654028508,
        "lon" : -82.3243548843,
        "time" : "20150218T205643-0500"
      }, {
        "lat" : 29.6541584986,
        "lon" : -82.3243882643,
        "time" : "20150218T205705-0500"
      }, {
        "lat" : 29.6544697055,
        "lon" : -82.3243644884,
        "time" : "20150218T205726-0500"
      }, {
        "lat" : 29.6557284468,
        "lon" : -82.3241322142,
        "time" : "20150218T205806-0500"
      }, {
        "lat" : 29.6558079807,
        "lon" : -82.3240887923,
        "time" : "20150218T205822-0500"
      }, {
        "lat" : 29.6557664626,
        "lon" : -82.3238490594,
        "time" : "20150218T205854-0500"
      }, {
        "lat" : 29.6557724789,
        "lon" : -82.3237995468,
        "time" : "20150218T205914-0500"
      }, {
        "lat" : 29.6558020279,
        "lon" : -82.3237934171,
        "time" : "20150218T205934-0500"
      }, {
        "lat" : 29.6559147374,
        "lon" : -82.323803007,
        "time" : "20150218T205954-0500"
      }, {
        "lat" : 29.6560003576,
        "lon" : -82.3238094399,
        "time" : "20150218T205959-0500"
      }, {
        "lat" : 29.6560005061,
        "lon" : -82.323809451,
        "time" : "20150218T210000-0500"
      }, {
        "lat" : 29.6563746955,
        "lon" : -82.3238375646,
        "time" : "20150218T210025-0500"
      }, {
        "lat" : 29.6565487208,
        "lon" : -82.3238273982,
        "time" : "20150218T210046-0500"
      }, {
        "lat" : 29.6566394517,
        "lon" : -82.3238048337,
        "time" : "20150218T210105-0500"
      }, {
        "lat" : 29.6566759653,
        "lon" : -82.3237747459,
        "time" : "20150218T210123-0500"
      }, {
        "lat" : 29.6566915487,
        "lon" : -82.3237046369,
        "time" : "20150218T210144-0500"
      }, {
        "lat" : 29.6566960409,
        "lon" : -82.3235300017,
        "time" : "20150218T210205-0500"
      }, {
        "lat" : 29.6566890737,
        "lon" : -82.3230965027,
        "time" : "20150218T210225-0500"
      }, {
        "lat" : 29.6566595859,
        "lon" : -82.3226619918,
        "time" : "20150218T210256-0500"
      }, {
        "lat" : 29.6566381823,
        "lon" : -82.3225723754,
        "time" : "20150218T210317-0500"
      }, {
        "lat" : 29.6566330127,
        "lon" : -82.3225425127,
        "time" : "20150218T210337-0500"
      }, {
        "lat" : 29.6566275685,
        "lon" : -82.3225120538,
        "time" : "20150218T210357-0500"
      }, {
        "lat" : 29.6566242233,
        "lon" : -82.3224726749,
        "time" : "20150218T210423-0500"
      }, {
        "lat" : 29.6566298193,
        "lon" : -82.3223242577,
        "time" : "20150218T210445-0500"
      }, {
        "lat" : 29.656664887,
        "lon" : -82.3215593605,
        "time" : "20150218T210505-0500"
      }, {
        "lat" : 29.6567319688,
        "lon" : -82.3208075623,
        "time" : "20150218T210535-0500"
      }, {
        "lat" : 29.6567669732,
        "lon" : -82.3206417781,
        "time" : "20150218T210557-0500"
      }, {
        "lat" : 29.6567714371,
        "lon" : -82.3205495415,
        "time" : "20150218T210617-0500"
      }, {
        "lat" : 29.6567415731,
        "lon" : -82.3204271109,
        "time" : "20150218T210637-0500"
      }, {
        "lat" : 29.6567434939,
        "lon" : -82.3203308131,
        "time" : "20150218T210659-0500"
      }, {
        "lat" : 29.6569231708,
        "lon" : -82.3199852817,
        "time" : "20150218T210724-0500"
      }, {
        "lat" : 29.6569769472,
        "lon" : -82.3197903728,
        "time" : "20150218T210745-0500"
      }, {
        "lat" : 29.6569016918,
        "lon" : -82.319741438,
        "time" : "20150218T210806-0500"
      }, {
        "lat" : 29.6568857107,
        "lon" : -82.3197199459,
        "time" : "20150218T210826-0500"
      }, {
        "lat" : 29.6568984433,
        "lon" : -82.3196850931,
        "time" : "20150218T210846-0500"
      }, {
        "lat" : 29.6569048963,
        "lon" : -82.3196276897,
        "time" : "20150218T210906-0500"
      }, {
        "lat" : 29.6568430291,
        "lon" : -82.3192579994,
        "time" : "20150218T210936-0500"
      }, {
        "lat" : 29.6565615853,
        "lon" : -82.3187163055,
        "time" : "20150218T211049-0500"
      } ]
    } ],
    "lastUpdate" : "20150219T033102Z"
  }, {
    "type" : "place",
    "startTime" : "20150218T211050-0500",
    "endTime" : "20150218T213623-0500",
    "place" : {
      "id" : 192984494,
      "type" : "unknown",
      "location" : {
        "lat" : 29.6565615853,
        "lon" : -82.3187163055
      }
    },
    "activities" : [ {
      "activity" : "walking",
      "group" : "walking",
      "manual" : false,
      "startTime" : "20150218T213343-0500",
      "endTime" : "20150218T213413-0500",
      "duration" : 30.0,
      "distance" : 30.0,
      "steps" : 61,
      "trackPoints" : [ ]
    } ],
    "lastUpdate" : "20150219T033102Z"
  }, {
    "type" : "move",
    "startTime" : "20150218T213623-0500",
    "endTime" : "20150218T213934-0500",
    "activities" : [ {
      "activity" : "transport",
      "group" : "transport",
      "manual" : false,
      "startTime" : "20150218T213623-0500",
      "endTime" : "20150218T213934-0500",
      "duration" : 191.0,
      "distance" : 905.0,
      "trackPoints" : [ {
        "lat" : 29.6565615853,
        "lon" : -82.3187163055,
        "time" : "20150218T213623-0500"
      }, {
        "lat" : 29.6567170002,
        "lon" : -82.3201930199,
        "time" : "20150218T213656-0500"
      }, {
        "lat" : 29.6569455425,
        "lon" : -82.32454442,
        "time" : "20150218T213750-0500"
      }, {
        "lat" : 29.6568529317,
        "lon" : -82.3254135338,
        "time" : "20150218T213818-0500"
      }, {
        "lat" : 29.6566916403,
        "lon" : -82.3262950725,
        "time" : "20150218T213901-0500"
      }, {
        "lat" : 29.6564969542,
        "lon" : -82.3267639009,
        "time" : "20150218T213934-0500"
      } ]
    } ],
    "lastUpdate" : "20150219T033102Z"
  }, {
    "type" : "place",
    "startTime" : "20150218T213934-0500",
    "endTime" : "20150219T092240-0500",
    "place" : {
      "id" : 193512500,
      "name" : "Home",
      "type" : "home",
      "location" : {
        "lat" : 29.6564969542,
        "lon" : -82.3267639009
      }
    },
    "activities" : [ {
      "activity" : "walking",
      "group" : "walking",
      "manual" : false,
      "startTime" : "20150218T214013-0500",
      "endTime" : "20150218T214117-0500",
      "duration" : 64.0,
      "distance" : 60.0,
      "steps" : 119,
      "trackPoints" : [ ]
    } ],
    "lastUpdate" : "20150219T170916Z"
  } ],
  "lastUpdate" : "20150219T170916Z"
}, {
  "date" : "20150219",
  "summary" : [ {
    "activity" : "walking",
    "group" : "walking",
    "duration" : 1713.0,
    "distance" : 1574.0,
    "steps" : 2233
  }, {
    "activity" : "transport",
    "group" : "transport",
    "duration" : 13002.0,
    "distance" : 267204.0
  }, {
    "activity" : "cycling",
    "group" : "cycling",
    "duration" : 1235.0,
    "distance" : 7392.0
  } ],
  "segments" : [ {
    "type" : "place",
    "startTime" : "20150218T213934-0500",
    "endTime" : "20150219T092240-0500",
    "place" : {
      "id" : 193512500,
      "name" : "Home",
      "type" : "home",
      "location" : {
        "lat" : 29.6564969542,
        "lon" : -82.3267639009
      }
    },
    "activities" : [ {
      "activity" : "walking",
      "group" : "walking",
      "manual" : false,
      "startTime" : "20150219T090106-0500",
      "endTime" : "20150219T090403-0500",
      "duration" : 177.0,
      "distance" : 201.0,
      "steps" : 268,
      "trackPoints" : [ ]
    } ],
    "lastUpdate" : "20150219T170916Z"
  }, {
    "type" : "move",
    "startTime" : "20150219T092240-0500",
    "endTime" : "20150219T110318-0500",
    "activities" : [ {
      "activity" : "transport",
      "group" : "transport",
      "manual" : false,
      "startTime" : "20150219T092240-0500",
      "endTime" : "20150219T110319-0500",
      "duration" : 6039.0,
      "distance" : 140568.0,
      "trackPoints" : [ {
        "lat" : 29.6564969542,
        "lon" : -82.3267639009,
        "time" : "20150219T092240-0500"
      }, {
        "lat" : 29.6576665787,
        "lon" : -82.3273906502,
        "time" : "20150219T092308-0500"
      }, {
        "lat" : 29.6577795136,
        "lon" : -82.328263034,
        "time" : "20150219T092327-0500"
      }, {
        "lat" : 29.6578929896,
        "lon" : -82.329406312,
        "time" : "20150219T092404-0500"
      }, {
        "lat" : 29.6578972951,
        "lon" : -82.3296406171,
        "time" : "20150219T092427-0500"
      }, {
        "lat" : 29.6579531426,
        "lon" : -82.3296141526,
        "time" : "20150219T092506-0500"
      }, {
        "lat" : 29.6579610849,
        "lon" : -82.3295976602,
        "time" : "20150219T092524-0500"
      }, {
        "lat" : 29.6579630159,
        "lon" : -82.3295940259,
        "time" : "20150219T092546-0500"
      }, {
        "lat" : 29.6579670843,
        "lon" : -82.3295919068,
        "time" : "20150219T092608-0500"
      }, {
        "lat" : 29.6579734233,
        "lon" : -82.3295910436,
        "time" : "20150219T092631-0500"
      }, {
        "lat" : 29.6579817872,
        "lon" : -82.3295927428,
        "time" : "20150219T092654-0500"
      }, {
        "lat" : 29.6579909067,
        "lon" : -82.3295950449,
        "time" : "20150219T092716-0500"
      }, {
        "lat" : 29.6580020054,
        "lon" : -82.3295993017,
        "time" : "20150219T092738-0500"
      }, {
        "lat" : 29.658013148,
        "lon" : -82.3296052625,
        "time" : "20150219T092755-0500"
      }, {
        "lat" : 29.6580295536,
        "lon" : -82.3296164903,
        "time" : "20150219T092815-0500"
      }, {
        "lat" : 29.6580520529,
        "lon" : -82.3296351526,
        "time" : "20150219T092836-0500"
      }, {
        "lat" : 29.6580895022,
        "lon" : -82.3296636839,
        "time" : "20150219T092858-0500"
      }, {
        "lat" : 29.658168149,
        "lon" : -82.3296941106,
        "time" : "20150219T092918-0500"
      }, {
        "lat" : 29.659055139,
        "lon" : -82.3279563012,
        "time" : "20150219T092939-0500"
      }, {
        "lat" : 29.6591550805,
        "lon" : -82.325337619,
        "time" : "20150219T093017-0500"
      }, {
        "lat" : 29.6591173324,
        "lon" : -82.3243464008,
        "time" : "20150219T093042-0500"
      }, {
        "lat" : 29.6592279021,
        "lon" : -82.3222394808,
        "time" : "20150219T093057-0500"
      }, {
        "lat" : 29.6591868768,
        "lon" : -82.3193866513,
        "time" : "20150219T093117-0500"
      }, {
        "lat" : 29.6593276224,
        "lon" : -82.3175748506,
        "time" : "20150219T093138-0500"
      }, {
        "lat" : 29.6593343062,
        "lon" : -82.3166961696,
        "time" : "20150219T093157-0500"
      }, {
        "lat" : 29.6595231359,
        "lon" : -82.3073548336,
        "time" : "20150219T093240-0500"
      }, {
        "lat" : 29.6596725326,
        "lon" : -82.3069144918,
        "time" : "20150219T093258-0500"
      }, {
        "lat" : 29.672380342,
        "lon" : -82.297693434,
        "time" : "20150219T093444-0500"
      }, {
        "lat" : 29.6973443314,
        "lon" : -82.2807544647,
        "time" : "20150219T093813-0500"
      }, {
        "lat" : 29.7354683931,
        "lon" : -82.2419130694,
        "time" : "20150219T094148-0500"
      }, {
        "lat" : 29.7858690245,
        "lon" : -82.1730569145,
        "time" : "20150219T094653-0500"
      }, {
        "lat" : 29.7880635398,
        "lon" : -82.1705921892,
        "time" : "20150219T094715-0500"
      }, {
        "lat" : 29.7894931436,
        "lon" : -82.168651559,
        "time" : "20150219T094732-0500"
      }, {
        "lat" : 29.7910310186,
        "lon" : -82.1669058507,
        "time" : "20150219T094748-0500"
      }, {
        "lat" : 29.7931221516,
        "lon" : -82.1661740409,
        "time" : "20150219T094806-0500"
      }, {
        "lat" : 29.7948057713,
        "lon" : -82.1669468199,
        "time" : "20150219T094828-0500"
      }, {
        "lat" : 29.8159849807,
        "lon" : -82.1692010643,
        "time" : "20150219T095035-0500"
      }, {
        "lat" : 29.81600329,
        "lon" : -82.1692043898,
        "time" : "20150219T095056-0500"
      }, {
        "lat" : 29.8266321282,
        "lon" : -82.1675066699,
        "time" : "20150219T095146-0500"
      }, {
        "lat" : 29.8458609399,
        "lon" : -82.1584091677,
        "time" : "20150219T095315-0500"
      }, {
        "lat" : 29.8714088085,
        "lon" : -82.1522923201,
        "time" : "20150219T095512-0500"
      }, {
        "lat" : 29.8851189161,
        "lon" : -82.1457757424,
        "time" : "20150219T095615-0500"
      }, {
        "lat" : 29.8965792066,
        "lon" : -82.1385851112,
        "time" : "20150219T095707-0500"
      }, {
        "lat" : 29.9069526336,
        "lon" : -82.1339731861,
        "time" : "20150219T095801-0500"
      }, {
        "lat" : 29.9176628661,
        "lon" : -82.1305547164,
        "time" : "20150219T095848-0500"
      }, {
        "lat" : 29.9195732596,
        "lon" : -82.128854425,
        "time" : "20150219T095914-0500"
      }, {
        "lat" : 29.9213741765,
        "lon" : -82.1278849529,
        "time" : "20150219T095934-0500"
      }, {
        "lat" : 29.9261363137,
        "lon" : -82.1247048502,
        "time" : "20150219T095959-0500"
      }, {
        "lat" : 29.9261381565,
        "lon" : -82.1247036195,
        "time" : "20150219T100000-0500"
      }, {
        "lat" : 29.9325245914,
        "lon" : -82.1204388287,
        "time" : "20150219T100034-0500"
      }, {
        "lat" : 29.9415550948,
        "lon" : -82.1111612812,
        "time" : "20150219T100617-0500"
      }, {
        "lat" : 29.9429638701,
        "lon" : -82.1115543099,
        "time" : "20150219T100632-0500"
      }, {
        "lat" : 29.945229499,
        "lon" : -82.1113050031,
        "time" : "20150219T100657-0500"
      }, {
        "lat" : 29.9536953949,
        "lon" : -82.1077690266,
        "time" : "20150219T100747-0500"
      }, {
        "lat" : 29.9663094022,
        "lon" : -82.1039999753,
        "time" : "20150219T100912-0500"
      }, {
        "lat" : 29.9667032731,
        "lon" : -82.1035854288,
        "time" : "20150219T100932-0500"
      }, {
        "lat" : 29.9904324067,
        "lon" : -82.0954149443,
        "time" : "20150219T101126-0500"
      }, {
        "lat" : 30.0093497559,
        "lon" : -82.0898477776,
        "time" : "20150219T101241-0500"
      }, {
        "lat" : 30.0682764327,
        "lon" : -82.0655362119,
        "time" : "20150219T101720-0500"
      }, {
        "lat" : 30.2095069723,
        "lon" : -82.0122756713,
        "time" : "20150219T102745-0500"
      }, {
        "lat" : 30.2835727868,
        "lon" : -81.983488706,
        "time" : "20150219T103231-0500"
      }, {
        "lat" : 30.2838552736,
        "lon" : -81.9836107805,
        "time" : "20150219T103251-0500"
      }, {
        "lat" : 30.2838892993,
        "lon" : -81.983666898,
        "time" : "20150219T103312-0500"
      }, {
        "lat" : 30.2842348751,
        "lon" : -81.9842259713,
        "time" : "20150219T103343-0500"
      }, {
        "lat" : 30.2843158091,
        "lon" : -81.9843219659,
        "time" : "20150219T103404-0500"
      }, {
        "lat" : 30.2843853373,
        "lon" : -81.9843453332,
        "time" : "20150219T103424-0500"
      }, {
        "lat" : 30.2844340997,
        "lon" : -81.9843562213,
        "time" : "20150219T103447-0500"
      }, {
        "lat" : 30.2844626317,
        "lon" : -81.9843683852,
        "time" : "20150219T103507-0500"
      }, {
        "lat" : 30.2853959081,
        "lon" : -81.9843586157,
        "time" : "20150219T103529-0500"
      }, {
        "lat" : 30.2858620139,
        "lon" : -81.9844005264,
        "time" : "20150219T103550-0500"
      }, {
        "lat" : 30.3081734996,
        "lon" : -81.8529236695,
        "time" : "20150219T104207-0500"
      }, {
        "lat" : 30.3086056163,
        "lon" : -81.8452665312,
        "time" : "20150219T104227-0500"
      }, {
        "lat" : 30.308668514,
        "lon" : -81.8444142439,
        "time" : "20150219T104243-0500"
      }, {
        "lat" : 30.3131954559,
        "lon" : -81.790569759,
        "time" : "20150219T104519-0500"
      }, {
        "lat" : 30.3144321683,
        "lon" : -81.7810672812,
        "time" : "20150219T104554-0500"
      }, {
        "lat" : 30.3146076923,
        "lon" : -81.7777851346,
        "time" : "20150219T104615-0500"
      }, {
        "lat" : 30.3148660412,
        "lon" : -81.7629683297,
        "time" : "20150219T104655-0500"
      }, {
        "lat" : 30.3148325363,
        "lon" : -81.761576716,
        "time" : "20150219T104717-0500"
      }, {
        "lat" : 30.3143877806,
        "lon" : -81.7529615867,
        "time" : "20150219T104738-0500"
      }, {
        "lat" : 30.3202832717,
        "lon" : -81.711445026,
        "time" : "20150219T105017-0500"
      }, {
        "lat" : 30.3203129363,
        "lon" : -81.7033544429,
        "time" : "20150219T105038-0500"
      }, {
        "lat" : 30.3202857342,
        "lon" : -81.7021720907,
        "time" : "20150219T105059-0500"
      }, {
        "lat" : 30.3187599114,
        "lon" : -81.6820301645,
        "time" : "20150219T105210-0500"
      }, {
        "lat" : 30.3147775848,
        "lon" : -81.654814817,
        "time" : "20150219T105413-0500"
      }, {
        "lat" : 30.3040295864,
        "lon" : -81.644662076,
        "time" : "20150219T105514-0500"
      }, {
        "lat" : 30.2877069029,
        "lon" : -81.6271043833,
        "time" : "20150219T105648-0500"
      }, {
        "lat" : 30.2652598539,
        "lon" : -81.6113489898,
        "time" : "20150219T105959-0500"
      }, {
        "lat" : 30.2652576149,
        "lon" : -81.6113343959,
        "time" : "20150219T105959-0500"
      }, {
        "lat" : 30.2652574538,
        "lon" : -81.611333346,
        "time" : "20150219T110000-0500"
      }, {
        "lat" : 30.2645432761,
        "lon" : -81.6066784125,
        "time" : "20150219T110044-0500"
      }, {
        "lat" : 30.2588349556,
        "lon" : -81.602337023,
        "time" : "20150219T110207-0500"
      }, {
        "lat" : 30.2574715356,
        "lon" : -81.589977203,
        "time" : "20150219T110318-0500"
      } ]
    } ],
    "lastUpdate" : "20150219T170916Z"
  }, {
    "type" : "place",
    "startTime" : "20150219T110318-0500",
    "endTime" : "20150219T125132-0500",
    "place" : {
      "id" : 197240158,
      "type" : "unknown",
      "location" : {
        "lat" : 30.2574715356,
        "lon" : -81.589977203
      }
    },
    "activities" : [ {
      "activity" : "walking",
      "group" : "walking",
      "manual" : false,
      "startTime" : "20150219T111105-0500",
      "endTime" : "20150219T111135-0500",
      "duration" : 30.0,
      "distance" : 25.0,
      "steps" : 51,
      "trackPoints" : [ ]
    }, {
      "activity" : "walking",
      "group" : "walking",
      "manual" : false,
      "startTime" : "20150219T120600-0500",
      "endTime" : "20150219T121121-0500",
      "duration" : 321.0,
      "distance" : 241.0,
      "steps" : 286,
      "trackPoints" : [ ]
    } ],
    "lastUpdate" : "20150219T214232Z"
  }, {
    "type" : "move",
    "startTime" : "20150219T125132-0500",
    "endTime" : "20150219T130424-0500",
    "activities" : [ {
      "activity" : "transport",
      "group" : "transport",
      "manual" : false,
      "startTime" : "20150219T125132-0500",
      "endTime" : "20150219T130425-0500",
      "duration" : 773.0,
      "distance" : 6048.0,
      "trackPoints" : [ {
        "lat" : 30.2574715356,
        "lon" : -81.589977203,
        "time" : "20150219T125132-0500"
      }, {
        "lat" : 30.2585361168,
        "lon" : -81.5902939373,
        "time" : "20150219T125232-0500"
      }, {
        "lat" : 30.2586136641,
        "lon" : -81.5902296919,
        "time" : "20150219T125248-0500"
      }, {
        "lat" : 30.2586136641,
        "lon" : -81.5902296919,
        "time" : "20150219T125317-0500"
      }, {
        "lat" : 30.2579923971,
        "lon" : -81.5904638725,
        "time" : "20150219T125429-0500"
      }, {
        "lat" : 30.2577747588,
        "lon" : -81.5904397814,
        "time" : "20150219T125451-0500"
      }, {
        "lat" : 30.2552598044,
        "lon" : -81.5899182472,
        "time" : "20150219T125513-0500"
      }, {
        "lat" : 30.2543414053,
        "lon" : -81.5883949992,
        "time" : "20150219T125536-0500"
      }, {
        "lat" : 30.2511867958,
        "lon" : -81.5892728744,
        "time" : "20150219T125605-0500"
      }, {
        "lat" : 30.2468613542,
        "lon" : -81.5971924404,
        "time" : "20150219T125709-0500"
      }, {
        "lat" : 30.2444518224,
        "lon" : -81.5936072462,
        "time" : "20150219T125801-0500"
      }, {
        "lat" : 30.2413695968,
        "lon" : -81.5940138786,
        "time" : "20150219T125832-0500"
      }, {
        "lat" : 30.2381389373,
        "lon" : -81.5935729545,
        "time" : "20150219T125854-0500"
      }, {
        "lat" : 30.233907947,
        "lon" : -81.5918019926,
        "time" : "20150219T125959-0500"
      }, {
        "lat" : 30.2339072984,
        "lon" : -81.5918017211,
        "time" : "20150219T130000-0500"
      }, {
        "lat" : 30.223365951,
        "lon" : -81.5873894385,
        "time" : "20150219T130242-0500"
      }, {
        "lat" : 30.2211342038,
        "lon" : -81.5863927934,
        "time" : "20150219T130321-0500"
      }, {
        "lat" : 30.2210551739,
        "lon" : -81.5862946123,
        "time" : "20150219T130342-0500"
      }, {
        "lat" : 30.2210314289,
        "lon" : -81.5862705647,
        "time" : "20150219T130403-0500"
      }, {
        "lat" : 30.2196736991,
        "lon" : -81.5858445254,
        "time" : "20150219T130424-0500"
      } ]
    } ],
    "lastUpdate" : "20150219T214232Z"
  }, {
    "type" : "place",
    "startTime" : "20150219T130424-0500",
    "endTime" : "20150219T134412-0500",
    "place" : {
      "id" : 197291753,
      "type" : "unknown",
      "location" : {
        "lat" : 30.2196736991,
        "lon" : -81.5858445254
      }
    },
    "activities" : [ {
      "activity" : "walking",
      "group" : "walking",
      "manual" : false,
      "startTime" : "20150219T130530-0500",
      "endTime" : "20150219T130700-0500",
      "duration" : 90.0,
      "distance" : 66.0,
      "steps" : 132,
      "trackPoints" : [ ]
    } ],
    "lastUpdate" : "20150219T214232Z"
  }, {
    "type" : "move",
    "startTime" : "20150219T134412-0500",
    "endTime" : "20150219T152609-0500",
    "activities" : [ {
      "activity" : "transport",
      "group" : "transport",
      "manual" : false,
      "startTime" : "20150219T134412-0500",
      "endTime" : "20150219T152609-0500",
      "duration" : 6117.0,
      "distance" : 120068.0,
      "trackPoints" : [ {
        "lat" : 30.2196736991,
        "lon" : -81.5858445254,
        "time" : "20150219T134412-0500"
      }, {
        "lat" : 30.2208213372,
        "lon" : -81.5875926065,
        "time" : "20150219T134505-0500"
      }, {
        "lat" : 30.2208747464,
        "lon" : -81.5881560056,
        "time" : "20150219T134525-0500"
      }, {
        "lat" : 30.220984198,
        "lon" : -81.5991920843,
        "time" : "20150219T134626-0500"
      }, {
        "lat" : 30.2204637875,
        "lon" : -81.6014375532,
        "time" : "20150219T134702-0500"
      }, {
        "lat" : 30.2178708043,
        "lon" : -81.6163556959,
        "time" : "20150219T134825-0500"
      }, {
        "lat" : 30.2180892694,
        "lon" : -81.6166630379,
        "time" : "20150219T134846-0500"
      }, {
        "lat" : 30.2180882355,
        "lon" : -81.6167500772,
        "time" : "20150219T134904-0500"
      }, {
        "lat" : 30.2181858603,
        "lon" : -81.6167951016,
        "time" : "20150219T134926-0500"
      }, {
        "lat" : 30.2117075922,
        "lon" : -81.6176073904,
        "time" : "20150219T135023-0500"
      }, {
        "lat" : 30.2060958088,
        "lon" : -81.6168391528,
        "time" : "20150219T135104-0500"
      }, {
        "lat" : 30.2060550647,
        "lon" : -81.6168999402,
        "time" : "20150219T135126-0500"
      }, {
        "lat" : 30.2060503128,
        "lon" : -81.6169045667,
        "time" : "20150219T135147-0500"
      }, {
        "lat" : 30.2060481845,
        "lon" : -81.616906081,
        "time" : "20150219T135208-0500"
      }, {
        "lat" : 30.2002145536,
        "lon" : -81.6197593376,
        "time" : "20150219T135250-0500"
      }, {
        "lat" : 30.1952251586,
        "lon" : -81.6221506268,
        "time" : "20150219T135324-0500"
      }, {
        "lat" : 30.1904923697,
        "lon" : -81.6274565619,
        "time" : "20150219T135407-0500"
      }, {
        "lat" : 30.1851622758,
        "lon" : -81.6832256165,
        "time" : "20150219T135959-0500"
      }, {
        "lat" : 30.1851621247,
        "lon" : -81.6832271968,
        "time" : "20150219T140000-0500"
      }, {
        "lat" : 30.1797306126,
        "lon" : -81.7400573949,
        "time" : "20150219T140559-0500"
      }, {
        "lat" : 30.1790761415,
        "lon" : -81.740550429,
        "time" : "20150219T140625-0500"
      }, {
        "lat" : 30.1784015226,
        "lon" : -81.7419044235,
        "time" : "20150219T140651-0500"
      }, {
        "lat" : 30.1765154655,
        "lon" : -81.743833073,
        "time" : "20150219T140707-0500"
      }, {
        "lat" : 30.1687190015,
        "lon" : -81.7475514202,
        "time" : "20150219T140829-0500"
      }, {
        "lat" : 30.1663027538,
        "lon" : -81.7473766134,
        "time" : "20150219T140851-0500"
      }, {
        "lat" : 30.1631251415,
        "lon" : -81.7476980289,
        "time" : "20150219T140923-0500"
      }, {
        "lat" : 30.1557385544,
        "lon" : -81.7477188783,
        "time" : "20150219T141044-0500"
      }, {
        "lat" : 30.1554004872,
        "lon" : -81.7475691809,
        "time" : "20150219T141110-0500"
      }, {
        "lat" : 30.1510239885,
        "lon" : -81.7510855709,
        "time" : "20150219T141213-0500"
      }, {
        "lat" : 30.149697702,
        "lon" : -81.7555391146,
        "time" : "20150219T141308-0500"
      }, {
        "lat" : 30.1457241575,
        "lon" : -81.7608573614,
        "time" : "20150219T141339-0500"
      }, {
        "lat" : 30.1444114437,
        "lon" : -81.7635067643,
        "time" : "20150219T141416-0500"
      }, {
        "lat" : 30.1436930141,
        "lon" : -81.7644985191,
        "time" : "20150219T141442-0500"
      }, {
        "lat" : 30.1406954123,
        "lon" : -81.7697336027,
        "time" : "20150219T141547-0500"
      }, {
        "lat" : 30.1299028256,
        "lon" : -81.7876608849,
        "time" : "20150219T141741-0500"
      }, {
        "lat" : 30.129133374,
        "lon" : -81.7896656505,
        "time" : "20150219T141813-0500"
      }, {
        "lat" : 30.1231406283,
        "lon" : -81.7987319805,
        "time" : "20150219T141907-0500"
      }, {
        "lat" : 30.117546934,
        "lon" : -81.8058298025,
        "time" : "20150219T141938-0500"
      }, {
        "lat" : 30.1141737037,
        "lon" : -81.811887946,
        "time" : "20150219T142000-0500"
      }, {
        "lat" : 30.1140435977,
        "lon" : -81.8123987302,
        "time" : "20150219T142052-0500"
      }, {
        "lat" : 30.1139951749,
        "lon" : -81.8126442544,
        "time" : "20150219T142118-0500"
      }, {
        "lat" : 30.1127346703,
        "lon" : -81.8160292121,
        "time" : "20150219T142136-0500"
      }, {
        "lat" : 30.1093327196,
        "lon" : -81.8223888674,
        "time" : "20150219T142219-0500"
      }, {
        "lat" : 30.1092949816,
        "lon" : -81.8224499901,
        "time" : "20150219T142242-0500"
      }, {
        "lat" : 30.0902896316,
        "lon" : -81.852482728,
        "time" : "20150219T142504-0500"
      }, {
        "lat" : 30.0893968996,
        "lon" : -81.8538913176,
        "time" : "20150219T142521-0500"
      }, {
        "lat" : 30.0850730301,
        "lon" : -81.8596682814,
        "time" : "20150219T142613-0500"
      }, {
        "lat" : 30.0763625342,
        "lon" : -81.8633128933,
        "time" : "20150219T142706-0500"
      }, {
        "lat" : 30.0689668334,
        "lon" : -81.8664311343,
        "time" : "20150219T142808-0500"
      }, {
        "lat" : 30.0684021408,
        "lon" : -81.866573699,
        "time" : "20150219T142837-0500"
      }, {
        "lat" : 30.0683565996,
        "lon" : -81.8666731432,
        "time" : "20150219T142852-0500"
      }, {
        "lat" : 30.0683125084,
        "lon" : -81.8672031,
        "time" : "20150219T142912-0500"
      }, {
        "lat" : 30.0626231739,
        "lon" : -81.8751750167,
        "time" : "20150219T143128-0500"
      }, {
        "lat" : 30.0600893555,
        "lon" : -81.8784035473,
        "time" : "20150219T143150-0500"
      }, {
        "lat" : 30.0565610387,
        "lon" : -81.8818723025,
        "time" : "20150219T143212-0500"
      }, {
        "lat" : 30.037817499,
        "lon" : -81.8977524274,
        "time" : "20150219T143417-0500"
      }, {
        "lat" : 30.0265283005,
        "lon" : -81.9120695496,
        "time" : "20150219T143522-0500"
      }, {
        "lat" : 30.0229819728,
        "lon" : -81.91749929,
        "time" : "20150219T143543-0500"
      }, {
        "lat" : 30.0138123862,
        "lon" : -81.9279764112,
        "time" : "20150219T143645-0500"
      }, {
        "lat" : 29.9884424664,
        "lon" : -81.9616781968,
        "time" : "20150219T143917-0500"
      }, {
        "lat" : 29.9796136071,
        "lon" : -82.015092809,
        "time" : "20150219T144249-0500"
      }, {
        "lat" : 29.9558356333,
        "lon" : -82.0598191066,
        "time" : "20150219T144646-0500"
      }, {
        "lat" : 29.9539430954,
        "lon" : -82.072468837,
        "time" : "20150219T144729-0500"
      }, {
        "lat" : 29.95192915,
        "lon" : -82.079414776,
        "time" : "20150219T144749-0500"
      }, {
        "lat" : 29.9527334341,
        "lon" : -82.0860724074,
        "time" : "20150219T144822-0500"
      }, {
        "lat" : 29.9500926613,
        "lon" : -82.0981200142,
        "time" : "20150219T144842-0500"
      }, {
        "lat" : 29.9505624352,
        "lon" : -82.098114315,
        "time" : "20150219T144903-0500"
      }, {
        "lat" : 29.9503373294,
        "lon" : -82.1055048127,
        "time" : "20150219T144949-0500"
      }, {
        "lat" : 29.9502665405,
        "lon" : -82.1062937804,
        "time" : "20150219T145021-0500"
      }, {
        "lat" : 29.9511314823,
        "lon" : -82.108740656,
        "time" : "20150219T145043-0500"
      }, {
        "lat" : 29.9511466897,
        "lon" : -82.1087458399,
        "time" : "20150219T145104-0500"
      }, {
        "lat" : 29.9485953885,
        "lon" : -82.1099769445,
        "time" : "20150219T145136-0500"
      }, {
        "lat" : 29.9454372967,
        "lon" : -82.1112291616,
        "time" : "20150219T145158-0500"
      }, {
        "lat" : 29.9448708633,
        "lon" : -82.1113102396,
        "time" : "20150219T145219-0500"
      }, {
        "lat" : 29.9446218531,
        "lon" : -82.1113789941,
        "time" : "20150219T145242-0500"
      }, {
        "lat" : 29.9433556729,
        "lon" : -82.1119593579,
        "time" : "20150219T145309-0500"
      }, {
        "lat" : 29.937817743,
        "lon" : -82.1121448027,
        "time" : "20150219T145351-0500"
      }, {
        "lat" : 29.9377544121,
        "lon" : -82.112242352,
        "time" : "20150219T145410-0500"
      }, {
        "lat" : 29.9341480913,
        "lon" : -82.1152427669,
        "time" : "20150219T145441-0500"
      }, {
        "lat" : 29.9213659058,
        "lon" : -82.1278354777,
        "time" : "20150219T145559-0500"
      }, {
        "lat" : 29.9200759411,
        "lon" : -82.1288071162,
        "time" : "20150219T145630-0500"
      }, {
        "lat" : 29.9191765951,
        "lon" : -82.1290124109,
        "time" : "20150219T145650-0500"
      }, {
        "lat" : 29.9188110249,
        "lon" : -82.1291588999,
        "time" : "20150219T145711-0500"
      }, {
        "lat" : 29.8869178077,
        "lon" : -82.1441200405,
        "time" : "20150219T145904-0500"
      }, {
        "lat" : 29.884019297,
        "lon" : -82.1476476474,
        "time" : "20150219T145921-0500"
      }, {
        "lat" : 29.8760714375,
        "lon" : -82.1500731664,
        "time" : "20150219T145959-0500"
      }, {
        "lat" : 29.8760693904,
        "lon" : -82.1500737912,
        "time" : "20150219T150000-0500"
      }, {
        "lat" : 29.8646292958,
        "lon" : -82.1535650667,
        "time" : "20150219T150055-0500"
      }, {
        "lat" : 29.7988129732,
        "lon" : -82.1675017916,
        "time" : "20150219T150620-0500"
      }, {
        "lat" : 29.7906053224,
        "lon" : -82.1683030378,
        "time" : "20150219T150729-0500"
      }, {
        "lat" : 29.7889707787,
        "lon" : -82.1696870557,
        "time" : "20150219T150758-0500"
      }, {
        "lat" : 29.786458854,
        "lon" : -82.1723326361,
        "time" : "20150219T150824-0500"
      }, {
        "lat" : 29.7683385655,
        "lon" : -82.1971666464,
        "time" : "20150219T150955-0500"
      }, {
        "lat" : 29.6955735056,
        "lon" : -82.2822400269,
        "time" : "20150219T151651-0500"
      }, {
        "lat" : 29.6928560768,
        "lon" : -82.2840417203,
        "time" : "20150219T151711-0500"
      }, {
        "lat" : 29.6808474252,
        "lon" : -82.292599278,
        "time" : "20150219T151940-0500"
      }, {
        "lat" : 29.6712873337,
        "lon" : -82.2986095325,
        "time" : "20150219T152032-0500"
      }, {
        "lat" : 29.670062242,
        "lon" : -82.2999010791,
        "time" : "20150219T152104-0500"
      }, {
        "lat" : 29.6591225439,
        "lon" : -82.3205848066,
        "time" : "20150219T152403-0500"
      }, {
        "lat" : 29.6591275963,
        "lon" : -82.3253620492,
        "time" : "20150219T152457-0500"
      }, {
        "lat" : 29.6572113527,
        "lon" : -82.325471616,
        "time" : "20150219T152521-0500"
      }, {
        "lat" : 29.6564969542,
        "lon" : -82.3267639009,
        "time" : "20150219T152609-0500"
      } ]
    } ],
    "lastUpdate" : "20150219T214232Z"
  }, {
    "type" : "place",
    "startTime" : "20150219T152609-0500",
    "endTime" : "20150219T174713-0500",
    "place" : {
      "id" : 193512500,
      "name" : "Home",
      "type" : "home",
      "location" : {
        "lat" : 29.6564969542,
        "lon" : -82.3267639009
      }
    },
    "activities" : [ {
      "activity" : "walking",
      "group" : "walking",
      "manual" : false,
      "startTime" : "20150219T152609-0500",
      "endTime" : "20150219T152733-0500",
      "duration" : 84.0,
      "distance" : 57.0,
      "steps" : 114,
      "trackPoints" : [ ]
    }, {
      "activity" : "walking",
      "group" : "walking",
      "manual" : false,
      "startTime" : "20150219T172610-0500",
      "endTime" : "20150219T173043-0500",
      "duration" : 273.0,
      "distance" : 233.0,
      "steps" : 311,
      "trackPoints" : [ ]
    } ],
    "lastUpdate" : "20150220T004453Z"
  }, {
    "type" : "move",
    "startTime" : "20150219T174713-0500",
    "endTime" : "20150219T175552-0500",
    "activities" : [ {
      "activity" : "cycling",
      "group" : "cycling",
      "manual" : false,
      "startTime" : "20150219T174713-0500",
      "endTime" : "20150219T175552-0500",
      "duration" : 519.0,
      "distance" : 3199.0,
      "trackPoints" : [ {
        "lat" : 29.6564969542,
        "lon" : -82.3267639009,
        "time" : "20150219T174713-0500"
      }, {
        "lat" : 29.6552183921,
        "lon" : -82.3272605989,
        "time" : "20150219T174742-0500"
      }, {
        "lat" : 29.6539992628,
        "lon" : -82.327886493,
        "time" : "20150219T174807-0500"
      }, {
        "lat" : 29.653443595,
        "lon" : -82.3281697258,
        "time" : "20150219T174827-0500"
      }, {
        "lat" : 29.6512543241,
        "lon" : -82.329365847,
        "time" : "20150219T174910-0500"
      }, {
        "lat" : 29.650584732,
        "lon" : -82.3303433654,
        "time" : "20150219T174932-0500"
      }, {
        "lat" : 29.6503345753,
        "lon" : -82.3310490472,
        "time" : "20150219T174951-0500"
      }, {
        "lat" : 29.6502342546,
        "lon" : -82.3330452468,
        "time" : "20150219T175014-0500"
      }, {
        "lat" : 29.6503269489,
        "lon" : -82.3346774841,
        "time" : "20150219T175032-0500"
      }, {
        "lat" : 29.6503815155,
        "lon" : -82.3367056135,
        "time" : "20150219T175059-0500"
      }, {
        "lat" : 29.6504390875,
        "lon" : -82.33778886,
        "time" : "20150219T175115-0500"
      }, {
        "lat" : 29.6503417423,
        "lon" : -82.3390428795,
        "time" : "20150219T175139-0500"
      }, {
        "lat" : 29.650294669,
        "lon" : -82.3391924206,
        "time" : "20150219T175154-0500"
      }, {
        "lat" : 29.6503436003,
        "lon" : -82.3392179355,
        "time" : "20150219T175224-0500"
      }, {
        "lat" : 29.6504257792,
        "lon" : -82.3395224303,
        "time" : "20150219T175243-0500"
      }, {
        "lat" : 29.6499788711,
        "lon" : -82.3410067138,
        "time" : "20150219T175313-0500"
      }, {
        "lat" : 29.6492792897,
        "lon" : -82.3433538001,
        "time" : "20150219T175353-0500"
      }, {
        "lat" : 29.6481474771,
        "lon" : -82.3437871903,
        "time" : "20150219T175418-0500"
      }, {
        "lat" : 29.6443938409,
        "lon" : -82.3439235781,
        "time" : "20150219T175507-0500"
      }, {
        "lat" : 29.643960587,
        "lon" : -82.3438665635,
        "time" : "20150219T175527-0500"
      }, {
        "lat" : 29.641591782,
        "lon" : -82.3448683504,
        "time" : "20150219T175552-0500"
      } ]
    } ],
    "lastUpdate" : "20150220T004453Z"
  }, {
    "type" : "place",
    "startTime" : "20150219T175552-0500",
    "endTime" : "20150219T201216-0500",
    "place" : {
      "id" : 192487158,
      "type" : "unknown",
      "location" : {
        "lat" : 29.641591782,
        "lon" : -82.3448683504
      }
    },
    "activities" : [ {
      "activity" : "walking",
      "group" : "walking",
      "manual" : false,
      "startTime" : "20150219T175635-0500",
      "endTime" : "20150219T175904-0500",
      "duration" : 149.0,
      "distance" : 144.0,
      "steps" : 191,
      "trackPoints" : [ ]
    }, {
      "activity" : "walking",
      "group" : "walking",
      "manual" : false,
      "startTime" : "20150219T200622-0500",
      "endTime" : "20150219T201126-0500",
      "duration" : 304.0,
      "distance" : 303.0,
      "steps" : 405,
      "trackPoints" : [ ]
    } ],
    "lastUpdate" : "20150220T021518Z"
  }, {
    "type" : "move",
    "startTime" : "20150219T201216-0500",
    "endTime" : "20150219T202413-0500",
    "activities" : [ {
      "activity" : "cycling",
      "group" : "cycling",
      "manual" : false,
      "startTime" : "20150219T201216-0500",
      "endTime" : "20150219T202412-0500",
      "duration" : 716.0,
      "distance" : 4193.0,
      "trackPoints" : [ {
        "lat" : 29.641591782,
        "lon" : -82.3448683504,
        "time" : "20150219T201216-0500"
      }, {
        "lat" : 29.6414115702,
        "lon" : -82.3445497259,
        "time" : "20150219T201237-0500"
      }, {
        "lat" : 29.6414276212,
        "lon" : -82.3445218173,
        "time" : "20150219T201258-0500"
      }, {
        "lat" : 29.6415259017,
        "lon" : -82.3444671189,
        "time" : "20150219T201317-0500"
      }, {
        "lat" : 29.6436143139,
        "lon" : -82.3437399569,
        "time" : "20150219T201348-0500"
      }, {
        "lat" : 29.6435948859,
        "lon" : -82.343712056,
        "time" : "20150219T201408-0500"
      }, {
        "lat" : 29.6444127384,
        "lon" : -82.3442598605,
        "time" : "20150219T201439-0500"
      }, {
        "lat" : 29.6452591395,
        "lon" : -82.3450147047,
        "time" : "20150219T201510-0500"
      }, {
        "lat" : 29.6468704921,
        "lon" : -82.3439686453,
        "time" : "20150219T201541-0500"
      }, {
        "lat" : 29.6488419619,
        "lon" : -82.3434079903,
        "time" : "20150219T201611-0500"
      }, {
        "lat" : 29.6492731714,
        "lon" : -82.3430527316,
        "time" : "20150219T201631-0500"
      }, {
        "lat" : 29.6493603208,
        "lon" : -82.3428629649,
        "time" : "20150219T201651-0500"
      }, {
        "lat" : 29.6498031519,
        "lon" : -82.3410193754,
        "time" : "20150219T201711-0500"
      }, {
        "lat" : 29.6499626855,
        "lon" : -82.3403314163,
        "time" : "20150219T201732-0500"
      }, {
        "lat" : 29.6500995984,
        "lon" : -82.3396582589,
        "time" : "20150219T201755-0500"
      }, {
        "lat" : 29.6502160018,
        "lon" : -82.339186642,
        "time" : "20150219T201819-0500"
      }, {
        "lat" : 29.6502509038,
        "lon" : -82.3389219111,
        "time" : "20150219T201840-0500"
      }, {
        "lat" : 29.6502588214,
        "lon" : -82.3384000854,
        "time" : "20150219T201900-0500"
      }, {
        "lat" : 29.6502677707,
        "lon" : -82.3369963617,
        "time" : "20150219T201920-0500"
      }, {
        "lat" : 29.6504070776,
        "lon" : -82.3340618837,
        "time" : "20150219T201951-0500"
      }, {
        "lat" : 29.6504572523,
        "lon" : -82.3327888721,
        "time" : "20150219T202010-0500"
      }, {
        "lat" : 29.6502940306,
        "lon" : -82.3276424483,
        "time" : "20150219T202044-0500"
      }, {
        "lat" : 29.6501854567,
        "lon" : -82.3262646068,
        "time" : "20150219T202103-0500"
      }, {
        "lat" : 29.6507613052,
        "lon" : -82.3249609859,
        "time" : "20150219T202202-0500"
      }, {
        "lat" : 29.6509359895,
        "lon" : -82.324773717,
        "time" : "20150219T202222-0500"
      }, {
        "lat" : 29.6522800852,
        "lon" : -82.3241954109,
        "time" : "20150219T202303-0500"
      }, {
        "lat" : 29.6535464291,
        "lon" : -82.3241401086,
        "time" : "20150219T202326-0500"
      }, {
        "lat" : 29.6542274068,
        "lon" : -82.3241327999,
        "time" : "20150219T202347-0500"
      }, {
        "lat" : 29.6584308887,
        "lon" : -82.3231472242,
        "time" : "20150219T202413-0500"
      } ]
    } ],
    "lastUpdate" : "20150220T021518Z"
  }, {
    "type" : "place",
    "startTime" : "20150219T202413-0500",
    "endTime" : "20150219T213224-0500",
    "place" : {
      "id" : 191555477,
      "type" : "unknown",
      "location" : {
        "lat" : 29.6584308887,
        "lon" : -82.3231472242
      }
    },
    "activities" : [ {
      "activity" : "walking",
      "group" : "walking",
      "manual" : false,
      "startTime" : "20150219T202601-0500",
      "endTime" : "20150219T202701-0500",
      "duration" : 60.0,
      "distance" : 40.0,
      "steps" : 81,
      "trackPoints" : [ ]
    }, {
      "activity" : "walking",
      "group" : "walking",
      "manual" : false,
      "startTime" : "20150219T213210-0500",
      "endTime" : "20150219T213425-0500",
      "duration" : 135.0,
      "distance" : 204.0,
      "steps" : 272,
      "trackPoints" : [ ]
    } ],
    "lastUpdate" : "20150220T034614Z"
  }, {
    "type" : "move",
    "startTime" : "20150219T213224-0500",
    "endTime" : "20150219T213336-0500",
    "activities" : [ {
      "activity" : "transport",
      "group" : "transport",
      "manual" : false,
      "startTime" : "20150219T213224-0500",
      "endTime" : "20150219T213337-0500",
      "duration" : 73.0,
      "distance" : 520.0,
      "trackPoints" : [ {
        "lat" : 29.6584308887,
        "lon" : -82.3231472242,
        "time" : "20150219T213224-0500"
      }, {
        "lat" : 29.6584493554,
        "lon" : -82.3249280578,
        "time" : "20150219T213252-0500"
      }, {
        "lat" : 29.6564969542,
        "lon" : -82.3267639009,
        "time" : "20150219T213336-0500"
      } ]
    } ],
    "lastUpdate" : "20150220T034614Z"
  }, {
    "type" : "place",
    "startTime" : "20150219T213336-0500",
    "endTime" : "20150220T083153-0500",
    "place" : {
      "id" : 193512500,
      "name" : "Home",
      "type" : "home",
      "location" : {
        "lat" : 29.6564969542,
        "lon" : -82.3267639009
      }
    },
    "activities" : [ {
      "activity" : "walking",
      "group" : "walking",
      "manual" : false,
      "startTime" : "20150219T214209-0500",
      "endTime" : "20150219T214309-0500",
      "duration" : 60.0,
      "distance" : 35.0,
      "steps" : 71,
      "trackPoints" : [ ]
    }, {
      "activity" : "walking",
      "group" : "walking",
      "manual" : false,
      "startTime" : "20150219T222246-0500",
      "endTime" : "20150219T222316-0500",
      "duration" : 30.0,
      "distance" : 25.0,
      "steps" : 51,
      "trackPoints" : [ ]
    } ],
    "lastUpdate" : "20150220T133156Z"
  } ],
  "lastUpdate" : "20150220T133156Z"
}, {
  "date" : "20150220",
  "summary" : [ {
    "activity" : "walking",
    "group" : "walking",
    "duration" : 208.0,
    "distance" : 159.0,
    "steps" : 193
  } ],
  "segments" : [ {
    "type" : "place",
    "startTime" : "20150219T213336-0500",
    "endTime" : "20150220T083153-0500",
    "place" : {
      "id" : 193512500,
      "name" : "Home",
      "type" : "home",
      "location" : {
        "lat" : 29.6564969542,
        "lon" : -82.3267639009
      }
    },
    "activities" : [ {
      "activity" : "walking",
      "group" : "walking",
      "manual" : false,
      "startTime" : "20150220T073408-0500",
      "endTime" : "20150220T073714-0500",
      "duration" : 186.0,
      "distance" : 140.0,
      "steps" : 156,
      "trackPoints" : [ ]
    }, {
      "activity" : "walking",
      "group" : "walking",
      "manual" : false,
      "startTime" : "20150220T083128-0500",
      "endTime" : "20150220T083150-0500",
      "duration" : 22.0,
      "distance" : 19.0,
      "steps" : 37,
      "trackPoints" : [ ]
    } ],
    "lastUpdate" : "20150220T133156Z"
  } ],
  "lastUpdate" : "20150220T133156Z"
} ]