[ {
  "date" : "20150209",
  "summary" : [ {
    "activity" : "walking",
    "group" : "walking",
    "duration" : 3125.0,
    "distance" : 3599.0,
    "steps" : 4489
  }, {
    "activity" : "running",
    "group" : "running",
    "duration" : 334.0,
    "distance" : 665.0,
    "steps" : 826
  }, {
    "activity" : "cycling",
    "group" : "cycling",
    "duration" : 1406.0,
    "distance" : 6313.0
  } ],
  "segments" : [ {
    "type" : "place",
    "startTime" : "20150208T213853-0500",
    "endTime" : "20150209T055704-0500",
    "place" : {
      "id" : 193512500,
      "name" : "Home",
      "type" : "home",
      "location" : {
        "lat" : 29.6564969542,
        "lon" : -82.3267639009
      }
    },
    "activities" : [ {
      "activity" : "walking",
      "group" : "walking",
      "manual" : false,
      "startTime" : "20150209T055218-0500",
      "endTime" : "20150209T055318-0500",
      "duration" : 60.0,
      "distance" : 35.0,
      "steps" : 71,
      "trackPoints" : [ ]
    } ],
    "lastUpdate" : "20150209T123545Z"
  }, {
    "type" : "move",
    "startTime" : "20150209T055704-0500",
    "endTime" : "20150209T060237-0500",
    "activities" : [ {
      "activity" : "running",
      "group" : "running",
      "manual" : false,
      "startTime" : "20150209T055704-0500",
      "endTime" : "20150209T060238-0500",
      "duration" : 334.0,
      "distance" : 665.0,
      "steps" : 826,
      "trackPoints" : [ {
        "lat" : 29.6564969542,
        "lon" : -82.3267639009,
        "time" : "20150209T055704-0500"
      }, {
        "lat" : 29.6565079195,
        "lon" : -82.3267550331,
        "time" : "20150209T055736-0500"
      }, {
        "lat" : 29.6565125,
        "lon" : -82.3267483845,
        "time" : "20150209T055759-0500"
      }, {
        "lat" : 29.6558563396,
        "lon" : -82.3270569576,
        "time" : "20150209T055843-0500"
      }, {
        "lat" : 29.6556454839,
        "lon" : -82.3273423782,
        "time" : "20150209T055912-0500"
      }, {
        "lat" : 29.6557238993,
        "lon" : -82.3274556114,
        "time" : "20150209T055932-0500"
      }, {
        "lat" : 29.6559178978,
        "lon" : -82.3275416465,
        "time" : "20150209T055953-0500"
      }, {
        "lat" : 29.6561245308,
        "lon" : -82.3275925492,
        "time" : "20150209T055959-0500"
      }, {
        "lat" : 29.6561248598,
        "lon" : -82.3275926302,
        "time" : "20150209T060000-0500"
      }, {
        "lat" : 29.656937671,
        "lon" : -82.327792861,
        "time" : "20150209T060024-0500"
      }, {
        "lat" : 29.6574146837,
        "lon" : -82.3276462183,
        "time" : "20150209T060046-0500"
      }, {
        "lat" : 29.6575531352,
        "lon" : -82.3275164224,
        "time" : "20150209T060108-0500"
      }, {
        "lat" : 29.6575726375,
        "lon" : -82.3273513046,
        "time" : "20150209T060128-0500"
      }, {
        "lat" : 29.6564969542,
        "lon" : -82.3267639009,
        "time" : "20150209T060237-0500"
      } ]
    } ],
    "lastUpdate" : "20150209T123545Z"
  }, {
    "type" : "place",
    "startTime" : "20150209T060238-0500",
    "endTime" : "20150209T184227-0500",
    "place" : {
      "id" : 193512500,
      "name" : "Home",
      "type" : "home",
      "location" : {
        "lat" : 29.6564969542,
        "lon" : -82.3267639009
      }
    },
    "activities" : [ {
      "activity" : "walking",
      "group" : "walking",
      "manual" : false,
      "startTime" : "20150209T072111-0500",
      "endTime" : "20150209T072301-0500",
      "duration" : 110.0,
      "distance" : 55.0,
      "steps" : 106,
      "trackPoints" : [ ]
    }, {
      "activity" : "walking",
      "group" : "walking",
      "manual" : false,
      "startTime" : "20150209T080321-0500",
      "endTime" : "20150209T080351-0500",
      "duration" : 30.0,
      "distance" : 15.0,
      "steps" : 20,
      "trackPoints" : [ ]
    }, {
      "activity" : "walking",
      "group" : "walking",
      "manual" : false,
      "startTime" : "20150209T094053-0500",
      "endTime" : "20150209T094123-0500",
      "duration" : 30.0,
      "distance" : 15.0,
      "steps" : 20,
      "trackPoints" : [ ]
    }, {
      "activity" : "walking",
      "group" : "walking",
      "manual" : false,
      "startTime" : "20150209T104950-0500",
      "endTime" : "20150209T105020-0500",
      "duration" : 30.0,
      "distance" : 30.0,
      "steps" : 61,
      "trackPoints" : [ ]
    }, {
      "activity" : "walking",
      "group" : "walking",
      "manual" : false,
      "startTime" : "20150209T183643-0500",
      "endTime" : "20150209T183843-0500",
      "duration" : 120.0,
      "distance" : 99.0,
      "steps" : 132,
      "trackPoints" : [ ]
    } ],
    "lastUpdate" : "20150210T003449Z"
  }, {
    "type" : "move",
    "startTime" : "20150209T184227-0500",
    "endTime" : "20150209T184936-0500",
    "activities" : [ {
      "activity" : "cycling",
      "group" : "cycling",
      "manual" : false,
      "startTime" : "20150209T184227-0500",
      "endTime" : "20150209T184936-0500",
      "duration" : 429.0,
      "distance" : 1994.0,
      "trackPoints" : [ {
        "lat" : 29.6564969542,
        "lon" : -82.3267639009,
        "time" : "20150209T184227-0500"
      }, {
        "lat" : 29.6554073818,
        "lon" : -82.3271860184,
        "time" : "20150209T184305-0500"
      }, {
        "lat" : 29.6547387506,
        "lon" : -82.3278607414,
        "time" : "20150209T184332-0500"
      }, {
        "lat" : 29.6538772226,
        "lon" : -82.3280708125,
        "time" : "20150209T184351-0500"
      }, {
        "lat" : 29.653566241,
        "lon" : -82.3284322419,
        "time" : "20150209T184411-0500"
      }, {
        "lat" : 29.653607768,
        "lon" : -82.3312784301,
        "time" : "20150209T184508-0500"
      }, {
        "lat" : 29.6536960001,
        "lon" : -82.3324933283,
        "time" : "20150209T184528-0500"
      }, {
        "lat" : 29.6537438159,
        "lon" : -82.3331342754,
        "time" : "20150209T184549-0500"
      }, {
        "lat" : 29.6538258209,
        "lon" : -82.3351199498,
        "time" : "20150209T184610-0500"
      }, {
        "lat" : 29.6538372637,
        "lon" : -82.336301764,
        "time" : "20150209T184631-0500"
      }, {
        "lat" : 29.6538459543,
        "lon" : -82.3366516205,
        "time" : "20150209T184653-0500"
      }, {
        "lat" : 29.6539213067,
        "lon" : -82.3392302107,
        "time" : "20150209T184724-0500"
      }, {
        "lat" : 29.6528773524,
        "lon" : -82.3393486522,
        "time" : "20150209T184746-0500"
      }, {
        "lat" : 29.6526494162,
        "lon" : -82.3394015263,
        "time" : "20150209T184808-0500"
      }, {
        "lat" : 29.6526508146,
        "lon" : -82.3394330624,
        "time" : "20150209T184832-0500"
      }, {
        "lat" : 29.6522515547,
        "lon" : -82.341182013,
        "time" : "20150209T184936-0500"
      } ]
    } ],
    "lastUpdate" : "20150210T003449Z"
  }, {
    "type" : "place",
    "startTime" : "20150209T184937-0500",
    "endTime" : "20150209T190154-0500",
    "place" : {
      "id" : 194838947,
      "type" : "unknown",
      "location" : {
        "lat" : 29.6522515547,
        "lon" : -82.341182013
      }
    },
    "activities" : [ {
      "activity" : "walking",
      "group" : "walking",
      "manual" : false,
      "startTime" : "20150209T185018-0500",
      "endTime" : "20150209T185118-0500",
      "duration" : 60.0,
      "distance" : 46.0,
      "steps" : 92,
      "trackPoints" : [ ]
    } ],
    "lastUpdate" : "20150210T003449Z"
  }, {
    "type" : "move",
    "startTime" : "20150209T190154-0500",
    "endTime" : "20150209T191129-0500",
    "activities" : [ {
      "activity" : "cycling",
      "group" : "cycling",
      "manual" : false,
      "startTime" : "20150209T190154-0500",
      "endTime" : "20150209T190727-0500",
      "duration" : 333.0,
      "distance" : 1254.0,
      "trackPoints" : [ {
        "lat" : 29.6522515547,
        "lon" : -82.341182013,
        "time" : "20150209T190154-0500"
      }, {
        "lat" : 29.6522498377,
        "lon" : -82.3412122839,
        "time" : "20150209T190214-0500"
      }, {
        "lat" : 29.6521870202,
        "lon" : -82.3433666209,
        "time" : "20150209T190258-0500"
      }, {
        "lat" : 29.6521858362,
        "lon" : -82.3439652206,
        "time" : "20150209T190317-0500"
      }, {
        "lat" : 29.6521717803,
        "lon" : -82.3442799784,
        "time" : "20150209T190340-0500"
      }, {
        "lat" : 29.6519000613,
        "lon" : -82.3461706932,
        "time" : "20150209T190420-0500"
      }, {
        "lat" : 29.6514654141,
        "lon" : -82.3481866338,
        "time" : "20150209T190501-0500"
      }, {
        "lat" : 29.6512070548,
        "lon" : -82.3491057818,
        "time" : "20150209T190523-0500"
      }, {
        "lat" : 29.6506867461,
        "lon" : -82.3500002072,
        "time" : "20150209T190551-0500"
      }, {
        "lat" : 29.6502626192,
        "lon" : -82.351126945,
        "time" : "20150209T190638-0500"
      }, {
        "lat" : 29.6502621774,
        "lon" : -82.3518833945,
        "time" : "20150209T190707-0500"
      }, {
        "lat" : 29.6502453576,
        "lon" : -82.3520526906,
        "time" : "20150209T190727-0500"
      } ]
    }, {
      "activity" : "walking",
      "group" : "walking",
      "manual" : false,
      "startTime" : "20150209T190727-0500",
      "endTime" : "20150209T191129-0500",
      "duration" : 242.0,
      "distance" : 209.0,
      "steps" : 306,
      "trackPoints" : [ {
        "lat" : 29.6502453576,
        "lon" : -82.3520526906,
        "time" : "20150209T190727-0500"
      }, {
        "lat" : 29.6501882216,
        "lon" : -82.352004547,
        "time" : "20150209T190800-0500"
      }, {
        "lat" : 29.6501950256,
        "lon" : -82.3520463497,
        "time" : "20150209T190819-0500"
      }, {
        "lat" : 29.6499829746,
        "lon" : -82.3510880987,
        "time" : "20150209T190918-0500"
      }, {
        "lat" : 29.6498804114,
        "lon" : -82.3507118352,
        "time" : "20150209T190948-0500"
      }, {
        "lat" : 29.6498254339,
        "lon" : -82.350646572,
        "time" : "20150209T191009-0500"
      }, {
        "lat" : 29.6497937427,
        "lon" : -82.3506491663,
        "time" : "20150209T191027-0500"
      }, {
        "lat" : 29.649744299,
        "lon" : -82.3506851542,
        "time" : "20150209T191047-0500"
      }, {
        "lat" : 29.6497070049,
        "lon" : -82.3507144532,
        "time" : "20150209T191109-0500"
      }, {
        "lat" : 29.6495476259,
        "lon" : -82.3506812083,
        "time" : "20150209T191129-0500"
      } ]
    } ],
    "lastUpdate" : "20150210T003449Z"
  }, {
    "type" : "place",
    "startTime" : "20150209T191129-0500",
    "endTime" : "20150209T195020-0500",
    "place" : {
      "id" : 194849085,
      "type" : "unknown",
      "location" : {
        "lat" : 29.6493321855,
        "lon" : -82.3504432401
      }
    },
    "activities" : [ {
      "activity" : "walking",
      "group" : "walking",
      "manual" : false,
      "startTime" : "20150209T191321-0500",
      "endTime" : "20150209T192012-0500",
      "duration" : 411.0,
      "distance" : 419.0,
      "steps" : 559,
      "trackPoints" : [ ]
    } ],
    "lastUpdate" : "20150210T021443Z"
  }, {
    "type" : "move",
    "startTime" : "20150209T195020-0500",
    "endTime" : "20150209T200611-0500",
    "activities" : [ {
      "activity" : "walking",
      "group" : "walking",
      "manual" : false,
      "startTime" : "20150209T195020-0500",
      "endTime" : "20150209T200611-0500",
      "duration" : 951.0,
      "distance" : 1141.0,
      "steps" : 1475,
      "trackPoints" : [ {
        "lat" : 29.6493321855,
        "lon" : -82.3504432401,
        "time" : "20150209T195020-0500"
      }, {
        "lat" : 29.6494724598,
        "lon" : -82.3503507805,
        "time" : "20150209T195036-0500"
      }, {
        "lat" : 29.649462614,
        "lon" : -82.3503555362,
        "time" : "20150209T195057-0500"
      }, {
        "lat" : 29.6494514003,
        "lon" : -82.3503615131,
        "time" : "20150209T195118-0500"
      }, {
        "lat" : 29.649439142,
        "lon" : -82.3503685388,
        "time" : "20150209T195134-0500"
      }, {
        "lat" : 29.6492099826,
        "lon" : -82.3505262647,
        "time" : "20150209T195205-0500"
      }, {
        "lat" : 29.6491224958,
        "lon" : -82.3505541241,
        "time" : "20150209T195226-0500"
      }, {
        "lat" : 29.6492226724,
        "lon" : -82.3503693562,
        "time" : "20150209T195310-0500"
      }, {
        "lat" : 29.6492481555,
        "lon" : -82.3502888155,
        "time" : "20150209T195330-0500"
      }, {
        "lat" : 29.6492496467,
        "lon" : -82.3502313108,
        "time" : "20150209T195351-0500"
      }, {
        "lat" : 29.6492362748,
        "lon" : -82.3501949228,
        "time" : "20150209T195411-0500"
      }, {
        "lat" : 29.6492187173,
        "lon" : -82.3502026354,
        "time" : "20150209T195432-0500"
      }, {
        "lat" : 29.6491077352,
        "lon" : -82.3503302712,
        "time" : "20150209T195501-0500"
      }, {
        "lat" : 29.6490383205,
        "lon" : -82.350409223,
        "time" : "20150209T195519-0500"
      }, {
        "lat" : 29.6489460916,
        "lon" : -82.3505005359,
        "time" : "20150209T195546-0500"
      }, {
        "lat" : 29.6488207917,
        "lon" : -82.3505734596,
        "time" : "20150209T195619-0500"
      }, {
        "lat" : 29.6485567813,
        "lon" : -82.3506931548,
        "time" : "20150209T195650-0500"
      }, {
        "lat" : 29.6483948267,
        "lon" : -82.3507616076,
        "time" : "20150209T195711-0500"
      }, {
        "lat" : 29.6482771791,
        "lon" : -82.3508190497,
        "time" : "20150209T195732-0500"
      }, {
        "lat" : 29.6482361344,
        "lon" : -82.3509122478,
        "time" : "20150209T195754-0500"
      }, {
        "lat" : 29.6482147622,
        "lon" : -82.351022188,
        "time" : "20150209T195814-0500"
      }, {
        "lat" : 29.6482088244,
        "lon" : -82.3511569175,
        "time" : "20150209T195835-0500"
      }, {
        "lat" : 29.6482501089,
        "lon" : -82.3512351558,
        "time" : "20150209T195856-0500"
      }, {
        "lat" : 29.6482816851,
        "lon" : -82.3513834124,
        "time" : "20150209T195916-0500"
      }, {
        "lat" : 29.6483286399,
        "lon" : -82.3519962034,
        "time" : "20150209T195945-0500"
      }, {
        "lat" : 29.6483436743,
        "lon" : -82.3523234341,
        "time" : "20150209T195959-0500"
      }, {
        "lat" : 29.6483436849,
        "lon" : -82.3523236645,
        "time" : "20150209T200000-0500"
      }, {
        "lat" : 29.6483550937,
        "lon" : -82.352571984,
        "time" : "20150209T200010-0500"
      }, {
        "lat" : 29.6483566849,
        "lon" : -82.3529225233,
        "time" : "20150209T200026-0500"
      }, {
        "lat" : 29.648317723,
        "lon" : -82.3535587839,
        "time" : "20150209T200100-0500"
      }, {
        "lat" : 29.6481979924,
        "lon" : -82.3536549242,
        "time" : "20150209T200119-0500"
      }, {
        "lat" : 29.6481418673,
        "lon" : -82.3538619888,
        "time" : "20150209T200141-0500"
      }, {
        "lat" : 29.6481333612,
        "lon" : -82.3540444303,
        "time" : "20150209T200200-0500"
      }, {
        "lat" : 29.6481238364,
        "lon" : -82.3541978051,
        "time" : "20150209T200222-0500"
      }, {
        "lat" : 29.6481289851,
        "lon" : -82.3543145712,
        "time" : "20150209T200241-0500"
      }, {
        "lat" : 29.6481466635,
        "lon" : -82.3544399964,
        "time" : "20150209T200301-0500"
      }, {
        "lat" : 29.6481659196,
        "lon" : -82.35453808,
        "time" : "20150209T200321-0500"
      }, {
        "lat" : 29.6482254836,
        "lon" : -82.3546162461,
        "time" : "20150209T200341-0500"
      }, {
        "lat" : 29.6488690185,
        "lon" : -82.3550340907,
        "time" : "20150209T200406-0500"
      }, {
        "lat" : 29.6495810954,
        "lon" : -82.3554854269,
        "time" : "20150209T200438-0500"
      }, {
        "lat" : 29.6498189918,
        "lon" : -82.3555876657,
        "time" : "20150209T200508-0500"
      }, {
        "lat" : 29.6499133824,
        "lon" : -82.3555618419,
        "time" : "20150209T200528-0500"
      }, {
        "lat" : 29.6504602095,
        "lon" : -82.3522851444,
        "time" : "20150209T200548-0500"
      }, {
        "lat" : 29.6504700508,
        "lon" : -82.3522286685,
        "time" : "20150209T200611-0500"
      } ]
    } ],
    "lastUpdate" : "20150210T021443Z"
  }, {
    "type" : "place",
    "startTime" : "20150209T200611-0500",
    "endTime" : "20150209T201601-0500",
    "place" : {
      "id" : 194843689,
      "type" : "unknown",
      "location" : {
        "lat" : 29.6504700508,
        "lon" : -82.3522286685
      }
    },
    "activities" : [ {
      "activity" : "walking",
      "group" : "walking",
      "manual" : false,
      "startTime" : "20150209T200611-0500",
      "endTime" : "20150209T200630-0500",
      "duration" : 19.0,
      "distance" : 16.0,
      "steps" : 32,
      "trackPoints" : [ ]
    } ],
    "lastUpdate" : "20150210T021443Z"
  }, {
    "type" : "move",
    "startTime" : "20150209T201601-0500",
    "endTime" : "20150209T202455-0500",
    "activities" : [ {
      "activity" : "walking",
      "group" : "walking",
      "manual" : false,
      "startTime" : "20150209T201601-0500",
      "endTime" : "20150209T202455-0500",
      "duration" : 534.0,
      "distance" : 931.0,
      "steps" : 776,
      "trackPoints" : [ {
        "lat" : 29.6504700508,
        "lon" : -82.3522286685,
        "time" : "20150209T201601-0500"
      }, {
        "lat" : 29.6497882188,
        "lon" : -82.3556160973,
        "time" : "20150209T201632-0500"
      }, {
        "lat" : 29.6497023793,
        "lon" : -82.355589766,
        "time" : "20150209T201655-0500"
      }, {
        "lat" : 29.6495920296,
        "lon" : -82.3555544389,
        "time" : "20150209T201715-0500"
      }, {
        "lat" : 29.6492643403,
        "lon" : -82.3554618902,
        "time" : "20150209T201735-0500"
      }, {
        "lat" : 29.6483369211,
        "lon" : -82.3551753232,
        "time" : "20150209T201805-0500"
      }, {
        "lat" : 29.6481868407,
        "lon" : -82.355070262,
        "time" : "20150209T201825-0500"
      }, {
        "lat" : 29.6481526018,
        "lon" : -82.354967084,
        "time" : "20150209T201847-0500"
      }, {
        "lat" : 29.6481450584,
        "lon" : -82.3548657319,
        "time" : "20150209T201907-0500"
      }, {
        "lat" : 29.648144354,
        "lon" : -82.3547620626,
        "time" : "20150209T201923-0500"
      }, {
        "lat" : 29.6481387275,
        "lon" : -82.3541781395,
        "time" : "20150209T201944-0500"
      }, {
        "lat" : 29.6481556169,
        "lon" : -82.3536880615,
        "time" : "20150209T202006-0500"
      }, {
        "lat" : 29.6481794623,
        "lon" : -82.3534901295,
        "time" : "20150209T202025-0500"
      }, {
        "lat" : 29.6481954537,
        "lon" : -82.3533492255,
        "time" : "20150209T202046-0500"
      }, {
        "lat" : 29.648205314,
        "lon" : -82.3532735177,
        "time" : "20150209T202102-0500"
      }, {
        "lat" : 29.6482176857,
        "lon" : -82.3530785633,
        "time" : "20150209T202125-0500"
      }, {
        "lat" : 29.6482785884,
        "lon" : -82.352033557,
        "time" : "20150209T202157-0500"
      }, {
        "lat" : 29.6483147145,
        "lon" : -82.3515621629,
        "time" : "20150209T202218-0500"
      }, {
        "lat" : 29.6483411873,
        "lon" : -82.351360676,
        "time" : "20150209T202237-0500"
      }, {
        "lat" : 29.6483654955,
        "lon" : -82.3512642677,
        "time" : "20150209T202256-0500"
      }, {
        "lat" : 29.6483954385,
        "lon" : -82.3511937304,
        "time" : "20150209T202316-0500"
      }, {
        "lat" : 29.6484154379,
        "lon" : -82.3511712226,
        "time" : "20150209T202336-0500"
      }, {
        "lat" : 29.6484568716,
        "lon" : -82.3511650032,
        "time" : "20150209T202356-0500"
      }, {
        "lat" : 29.6497400121,
        "lon" : -82.3514358593,
        "time" : "20150209T202455-0500"
      } ]
    } ],
    "lastUpdate" : "20150210T021443Z"
  }, {
    "type" : "place",
    "startTime" : "20150209T202456-0500",
    "endTime" : "20150209T204432-0500",
    "place" : {
      "id" : 194849086,
      "type" : "unknown",
      "location" : {
        "lat" : 29.6497400121,
        "lon" : -82.3514358593
      }
    },
    "activities" : [ {
      "activity" : "walking",
      "group" : "walking",
      "manual" : false,
      "startTime" : "20150209T203459-0500",
      "endTime" : "20150209T204116-0500",
      "duration" : 377.0,
      "distance" : 492.0,
      "steps" : 656,
      "trackPoints" : [ ]
    } ],
    "lastUpdate" : "20150210T034542Z"
  }, {
    "type" : "move",
    "startTime" : "20150209T204432-0500",
    "endTime" : "20150209T205515-0500",
    "activities" : [ {
      "activity" : "cycling",
      "group" : "cycling",
      "manual" : false,
      "startTime" : "20150209T204432-0500",
      "endTime" : "20150209T205516-0500",
      "duration" : 644.0,
      "distance" : 3065.0,
      "trackPoints" : [ {
        "lat" : 29.6497400121,
        "lon" : -82.3514358593,
        "time" : "20150209T204432-0500"
      }, {
        "lat" : 29.6507283932,
        "lon" : -82.3503225208,
        "time" : "20150209T204523-0500"
      }, {
        "lat" : 29.6511754359,
        "lon" : -82.3494766662,
        "time" : "20150209T204548-0500"
      }, {
        "lat" : 29.6513790499,
        "lon" : -82.348998849,
        "time" : "20150209T204608-0500"
      }, {
        "lat" : 29.651987689,
        "lon" : -82.346580172,
        "time" : "20150209T204652-0500"
      }, {
        "lat" : 29.6520907763,
        "lon" : -82.3463533208,
        "time" : "20150209T204707-0500"
      }, {
        "lat" : 29.6522592385,
        "lon" : -82.3461210382,
        "time" : "20150209T204728-0500"
      }, {
        "lat" : 29.6523676068,
        "lon" : -82.3458301746,
        "time" : "20150209T204748-0500"
      }, {
        "lat" : 29.6525024585,
        "lon" : -82.345444343,
        "time" : "20150209T204808-0500"
      }, {
        "lat" : 29.653168177,
        "lon" : -82.3436302826,
        "time" : "20150209T204838-0500"
      }, {
        "lat" : 29.6534639599,
        "lon" : -82.3431263923,
        "time" : "20150209T204859-0500"
      }, {
        "lat" : 29.6558048065,
        "lon" : -82.341148428,
        "time" : "20150209T205028-0500"
      }, {
        "lat" : 29.6557065472,
        "lon" : -82.3409414312,
        "time" : "20150209T205048-0500"
      }, {
        "lat" : 29.6558968556,
        "lon" : -82.3376397444,
        "time" : "20150209T205138-0500"
      }, {
        "lat" : 29.6558582263,
        "lon" : -82.3366689032,
        "time" : "20150209T205159-0500"
      }, {
        "lat" : 29.6556487842,
        "lon" : -82.3350919949,
        "time" : "20150209T205229-0500"
      }, {
        "lat" : 29.6555201819,
        "lon" : -82.3338752239,
        "time" : "20150209T205250-0500"
      }, {
        "lat" : 29.6554945791,
        "lon" : -82.3333607403,
        "time" : "20150209T205310-0500"
      }, {
        "lat" : 29.6554515225,
        "lon" : -82.330704719,
        "time" : "20150209T205345-0500"
      }, {
        "lat" : 29.6555666444,
        "lon" : -82.3299721578,
        "time" : "20150209T205410-0500"
      }, {
        "lat" : 29.6556060657,
        "lon" : -82.3295807075,
        "time" : "20150209T205430-0500"
      }, {
        "lat" : 29.6555958019,
        "lon" : -82.3286100502,
        "time" : "20150209T205451-0500"
      }, {
        "lat" : 29.6564969542,
        "lon" : -82.3267639009,
        "time" : "20150209T205515-0500"
      } ]
    } ],
    "lastUpdate" : "20150210T034542Z"
  }, {
    "type" : "place",
    "startTime" : "20150209T205515-0500",
    "endTime" : "20150210T092241-0500",
    "place" : {
      "id" : 193512500,
      "name" : "Home",
      "type" : "home",
      "location" : {
        "lat" : 29.6564969542,
        "lon" : -82.3267639009
      }
    },
    "activities" : [ {
      "activity" : "walking",
      "group" : "walking",
      "manual" : false,
      "startTime" : "20150209T205858-0500",
      "endTime" : "20150209T205959-0500",
      "duration" : 61.0,
      "distance" : 30.0,
      "steps" : 51,
      "trackPoints" : [ ]
    }, {
      "activity" : "walking",
      "group" : "walking",
      "manual" : false,
      "startTime" : "20150209T220953-0500",
      "endTime" : "20150209T221123-0500",
      "duration" : 90.0,
      "distance" : 66.0,
      "steps" : 132,
      "trackPoints" : [ ]
    } ],
    "lastUpdate" : "20150210T155424Z"
  } ],
  "lastUpdate" : "20150210T155424Z"
} ]