[ {
  "date" : "20150215",
  "summary" : [ {
    "activity" : "walking",
    "group" : "walking",
    "duration" : 1298.0,
    "distance" : 1131.0,
    "steps" : 1830
  }, {
    "activity" : "transport",
    "group" : "transport",
    "duration" : 1031.0,
    "distance" : 2598.0
  }, {
    "activity" : "cycling",
    "group" : "cycling",
    "duration" : 163.0,
    "distance" : 657.0
  } ],
  "segments" : [ {
    "type" : "place",
    "startTime" : "20150214T180829-0500",
    "endTime" : "20150215T182006-0500",
    "place" : {
      "id" : 193512500,
      "name" : "Home",
      "type" : "home",
      "location" : {
        "lat" : 29.6564969542,
        "lon" : -82.3267639009
      }
    },
    "activities" : [ {
      "activity" : "walking",
      "group" : "walking",
      "manual" : false,
      "startTime" : "20150215T074918-0500",
      "endTime" : "20150215T075017-0500",
      "duration" : 59.0,
      "distance" : 50.0,
      "steps" : 100,
      "trackPoints" : [ ]
    }, {
      "activity" : "walking",
      "group" : "walking",
      "manual" : false,
      "startTime" : "20150215T094419-0500",
      "endTime" : "20150215T094449-0500",
      "duration" : 30.0,
      "distance" : 20.0,
      "steps" : 40,
      "trackPoints" : [ ]
    }, {
      "activity" : "walking",
      "group" : "walking",
      "manual" : false,
      "startTime" : "20150215T102236-0500",
      "endTime" : "20150215T102624-0500",
      "duration" : 228.0,
      "distance" : 246.0,
      "steps" : 328,
      "trackPoints" : [ ]
    }, {
      "activity" : "walking",
      "group" : "walking",
      "manual" : false,
      "startTime" : "20150215T115606-0500",
      "endTime" : "20150215T115706-0500",
      "duration" : 60.0,
      "distance" : 36.0,
      "steps" : 71,
      "trackPoints" : [ ]
    }, {
      "activity" : "walking",
      "group" : "walking",
      "manual" : false,
      "startTime" : "20150215T132109-0500",
      "endTime" : "20150215T132301-0500",
      "duration" : 112.0,
      "distance" : 66.0,
      "steps" : 132,
      "trackPoints" : [ ]
    }, {
      "activity" : "walking",
      "group" : "walking",
      "manual" : false,
      "startTime" : "20150215T163207-0500",
      "endTime" : "20150215T163337-0500",
      "duration" : 90.0,
      "distance" : 63.0,
      "steps" : 127,
      "trackPoints" : [ ]
    }, {
      "activity" : "walking",
      "group" : "walking",
      "manual" : false,
      "startTime" : "20150215T170023-0500",
      "endTime" : "20150215T170323-0500",
      "duration" : 180.0,
      "distance" : 175.0,
      "steps" : 233,
      "trackPoints" : [ ]
    }, {
      "activity" : "walking",
      "group" : "walking",
      "manual" : false,
      "startTime" : "20150215T180412-0500",
      "endTime" : "20150215T180811-0500",
      "duration" : 239.0,
      "distance" : 226.0,
      "steps" : 301,
      "trackPoints" : [ ]
    } ],
    "lastUpdate" : "20150216T011132Z"
  }, {
    "type" : "move",
    "startTime" : "20150215T182006-0500",
    "endTime" : "20150215T182948-0500",
    "activities" : [ {
      "activity" : "transport",
      "group" : "transport",
      "manual" : false,
      "startTime" : "20150215T182006-0500",
      "endTime" : "20150215T182948-0500",
      "duration" : 582.0,
      "distance" : 1574.0,
      "trackPoints" : [ {
        "lat" : 29.6564969542,
        "lon" : -82.3267639009,
        "time" : "20150215T182006-0500"
      }, {
        "lat" : 29.656659661,
        "lon" : -82.3254625389,
        "time" : "20150215T182039-0500"
      }, {
        "lat" : 29.6567119834,
        "lon" : -82.3249770285,
        "time" : "20150215T182104-0500"
      }, {
        "lat" : 29.6566010211,
        "lon" : -82.3192970257,
        "time" : "20150215T182205-0500"
      }, {
        "lat" : 29.6565307612,
        "lon" : -82.3187948672,
        "time" : "20150215T182231-0500"
      }, {
        "lat" : 29.6565543779,
        "lon" : -82.3187671823,
        "time" : "20150215T182252-0500"
      }, {
        "lat" : 29.6565635024,
        "lon" : -82.3187661007,
        "time" : "20150215T182317-0500"
      }, {
        "lat" : 29.6565723255,
        "lon" : -82.3187659497,
        "time" : "20150215T182337-0500"
      }, {
        "lat" : 29.6565836797,
        "lon" : -82.3187677591,
        "time" : "20150215T182355-0500"
      }, {
        "lat" : 29.6565873186,
        "lon" : -82.3187742283,
        "time" : "20150215T182414-0500"
      }, {
        "lat" : 29.6565862972,
        "lon" : -82.3187755628,
        "time" : "20150215T182432-0500"
      }, {
        "lat" : 29.6565813632,
        "lon" : -82.3187729555,
        "time" : "20150215T182454-0500"
      }, {
        "lat" : 29.6565752594,
        "lon" : -82.3187686477,
        "time" : "20150215T182510-0500"
      }, {
        "lat" : 29.6565626624,
        "lon" : -82.3187589072,
        "time" : "20150215T182531-0500"
      }, {
        "lat" : 29.6565526502,
        "lon" : -82.3187508902,
        "time" : "20150215T182547-0500"
      }, {
        "lat" : 29.6565526502,
        "lon" : -82.3187508902,
        "time" : "20150215T182606-0500"
      }, {
        "lat" : 29.6565526502,
        "lon" : -82.3187508902,
        "time" : "20150215T182626-0500"
      }, {
        "lat" : 29.6565552724,
        "lon" : -82.3187505669,
        "time" : "20150215T182657-0500"
      }, {
        "lat" : 29.6568846851,
        "lon" : -82.3186420646,
        "time" : "20150215T182713-0500"
      }, {
        "lat" : 29.6578569442,
        "lon" : -82.3186506486,
        "time" : "20150215T182750-0500"
      }, {
        "lat" : 29.657999381,
        "lon" : -82.3188722218,
        "time" : "20150215T182811-0500"
      }, {
        "lat" : 29.6581004701,
        "lon" : -82.3197193534,
        "time" : "20150215T182832-0500"
      }, {
        "lat" : 29.6581559936,
        "lon" : -82.3202999437,
        "time" : "20150215T182852-0500"
      }, {
        "lat" : 29.6582212739,
        "lon" : -82.3215149384,
        "time" : "20150215T182916-0500"
      }, {
        "lat" : 29.6584308887,
        "lon" : -82.3231472242,
        "time" : "20150215T182948-0500"
      } ]
    } ],
    "lastUpdate" : "20150216T011132Z"
  }, {
    "type" : "place",
    "startTime" : "20150215T182948-0500",
    "endTime" : "20150215T202229-0500",
    "place" : {
      "id" : 191555477,
      "type" : "unknown",
      "location" : {
        "lat" : 29.6584308887,
        "lon" : -82.3231472242
      }
    },
    "activities" : [ {
      "activity" : "walking",
      "group" : "walking",
      "manual" : false,
      "startTime" : "20150215T182951-0500",
      "endTime" : "20150215T183121-0500",
      "duration" : 90.0,
      "distance" : 86.0,
      "steps" : 173,
      "trackPoints" : [ ]
    }, {
      "activity" : "walking",
      "group" : "walking",
      "manual" : false,
      "startTime" : "20150215T190232-0500",
      "endTime" : "20150215T190302-0500",
      "duration" : 30.0,
      "distance" : 20.0,
      "steps" : 41,
      "trackPoints" : [ ]
    }, {
      "activity" : "walking",
      "group" : "walking",
      "manual" : false,
      "startTime" : "20150215T200019-0500",
      "endTime" : "20150215T200149-0500",
      "duration" : 90.0,
      "distance" : 76.0,
      "steps" : 152,
      "trackPoints" : [ ]
    } ],
    "lastUpdate" : "20150216T024223Z"
  }, {
    "type" : "move",
    "startTime" : "20150215T202229-0500",
    "endTime" : "20150215T202512-0500",
    "activities" : [ {
      "activity" : "cycling",
      "group" : "cycling",
      "manual" : false,
      "startTime" : "20150215T202229-0500",
      "endTime" : "20150215T202512-0500",
      "duration" : 163.0,
      "distance" : 657.0,
      "trackPoints" : [ {
        "lat" : 29.6584308887,
        "lon" : -82.3231472242,
        "time" : "20150215T202229-0500"
      }, {
        "lat" : 29.6584752342,
        "lon" : -82.3229534936,
        "time" : "20150215T202251-0500"
      }, {
        "lat" : 29.6584613601,
        "lon" : -82.32292603,
        "time" : "20150215T202311-0500"
      }, {
        "lat" : 29.6584474604,
        "lon" : -82.322901928,
        "time" : "20150215T202329-0500"
      }, {
        "lat" : 29.658083167,
        "lon" : -82.3200435934,
        "time" : "20150215T202430-0500"
      }, {
        "lat" : 29.6580056304,
        "lon" : -82.3189301457,
        "time" : "20150215T202455-0500"
      }, {
        "lat" : 29.6565615853,
        "lon" : -82.3187163055,
        "time" : "20150215T202512-0500"
      } ]
    } ],
    "lastUpdate" : "20150216T024223Z"
  }, {
    "type" : "place",
    "startTime" : "20150215T202512-0500",
    "endTime" : "20150215T204121-0500",
    "place" : {
      "id" : 192984494,
      "type" : "unknown",
      "location" : {
        "lat" : 29.6565615853,
        "lon" : -82.3187163055
      }
    },
    "activities" : [ {
      "activity" : "walking",
      "group" : "walking",
      "manual" : false,
      "startTime" : "20150215T202631-0500",
      "endTime" : "20150215T202701-0500",
      "duration" : 30.0,
      "distance" : 31.0,
      "steps" : 61,
      "trackPoints" : [ ]
    } ],
    "lastUpdate" : "20150216T041336Z"
  }, {
    "type" : "move",
    "startTime" : "20150215T204121-0500",
    "endTime" : "20150215T204850-0500",
    "activities" : [ {
      "activity" : "transport",
      "group" : "transport",
      "manual" : false,
      "startTime" : "20150215T204121-0500",
      "endTime" : "20150215T204850-0500",
      "duration" : 449.0,
      "distance" : 1024.0,
      "trackPoints" : [ {
        "lat" : 29.6565615853,
        "lon" : -82.3187163055,
        "time" : "20150215T204121-0500"
      }, {
        "lat" : 29.6583787306,
        "lon" : -82.322594308,
        "time" : "20150215T204213-0500"
      }, {
        "lat" : 29.6584635471,
        "lon" : -82.3229988331,
        "time" : "20150215T204228-0500"
      }, {
        "lat" : 29.6584611015,
        "lon" : -82.3230328939,
        "time" : "20150215T204247-0500"
      }, {
        "lat" : 29.6584575101,
        "lon" : -82.3230747532,
        "time" : "20150215T204307-0500"
      }, {
        "lat" : 29.6584574399,
        "lon" : -82.3230755333,
        "time" : "20150215T204338-0500"
      }, {
        "lat" : 29.6584574399,
        "lon" : -82.3230755333,
        "time" : "20150215T204359-0500"
      }, {
        "lat" : 29.6584574871,
        "lon" : -82.3230754609,
        "time" : "20150215T204430-0500"
      }, {
        "lat" : 29.6584576481,
        "lon" : -82.3230752866,
        "time" : "20150215T204450-0500"
      }, {
        "lat" : 29.6584576026,
        "lon" : -82.3230758503,
        "time" : "20150215T204511-0500"
      }, {
        "lat" : 29.6584571788,
        "lon" : -82.323077335,
        "time" : "20150215T204531-0500"
      }, {
        "lat" : 29.658456074,
        "lon" : -82.3230807307,
        "time" : "20150215T204547-0500"
      }, {
        "lat" : 29.6584543905,
        "lon" : -82.323086542,
        "time" : "20150215T204607-0500"
      }, {
        "lat" : 29.6584557158,
        "lon" : -82.3230840277,
        "time" : "20150215T204627-0500"
      }, {
        "lat" : 29.6583508142,
        "lon" : -82.3233164012,
        "time" : "20150215T204643-0500"
      }, {
        "lat" : 29.6580652511,
        "lon" : -82.3242114924,
        "time" : "20150215T204725-0500"
      }, {
        "lat" : 29.6580085657,
        "lon" : -82.324493943,
        "time" : "20150215T204746-0500"
      }, {
        "lat" : 29.6578338872,
        "lon" : -82.3248365362,
        "time" : "20150215T204806-0500"
      }, {
        "lat" : 29.6564969542,
        "lon" : -82.3267639009,
        "time" : "20150215T204850-0500"
      } ]
    } ],
    "lastUpdate" : "20150216T041336Z"
  }, {
    "type" : "place",
    "startTime" : "20150215T204850-0500",
    "endTime" : "20150216T154233-0500",
    "place" : {
      "id" : 193512500,
      "name" : "Home",
      "type" : "home",
      "location" : {
        "lat" : 29.6564969542,
        "lon" : -82.3267639009
      }
    },
    "activities" : [ {
      "activity" : "walking",
      "group" : "walking",
      "manual" : false,
      "startTime" : "20150215T220750-0500",
      "endTime" : "20150215T220850-0500",
      "duration" : 60.0,
      "distance" : 36.0,
      "steps" : 71,
      "trackPoints" : [ ]
    } ],
    "lastUpdate" : "20150216T235341Z"
  } ],
  "lastUpdate" : "20150216T235341Z"
} ]