[ {
  "date" : "20150201",
  "summary" : [ {
    "activity" : "walking",
    "group" : "walking",
    "duration" : 11140.0,
    "distance" : 13088.0,
    "steps" : 18425
  }, {
    "activity" : "cycling",
    "group" : "cycling",
    "duration" : 259.0,
    "distance" : 921.0
  }, {
    "activity" : "transport",
    "group" : "transport",
    "duration" : 1439.0,
    "distance" : 11881.0
  } ],
  "segments" : [ {
    "type" : "place",
    "startTime" : "20150131T195725-0500",
    "endTime" : "20150201T101519-0500",
    "place" : {
      "id" : 191508619,
      "type" : "unknown",
      "location" : {
        "lat" : 29.6565354608,
        "lon" : -82.326775329
      }
    },
    "lastUpdate" : "20150201T172933Z"
  }, {
    "type" : "move",
    "startTime" : "20150201T101519-0500",
    "endTime" : "20150201T103230-0500",
    "activities" : [ {
      "activity" : "walking",
      "group" : "walking",
      "manual" : false,
      "startTime" : "20150201T101519-0500",
      "endTime" : "20150201T103231-0500",
      "duration" : 1032.0,
      "distance" : 882.0,
      "steps" : 1379,
      "trackPoints" : [ {
        "lat" : 29.6565354608,
        "lon" : -82.326775329,
        "time" : "20150201T101519-0500"
      }, {
        "lat" : 29.6565290029,
        "lon" : -82.3268130411,
        "time" : "20150201T101539-0500"
      }, {
        "lat" : 29.6565288306,
        "lon" : -82.3268127519,
        "time" : "20150201T101559-0500"
      }, {
        "lat" : 29.6565300589,
        "lon" : -82.326807497,
        "time" : "20150201T101620-0500"
      }, {
        "lat" : 29.6565311205,
        "lon" : -82.3268030974,
        "time" : "20150201T101636-0500"
      }, {
        "lat" : 29.656532676,
        "lon" : -82.3267967008,
        "time" : "20150201T101656-0500"
      }, {
        "lat" : 29.6565346214,
        "lon" : -82.3267891926,
        "time" : "20150201T101716-0500"
      }, {
        "lat" : 29.6565372131,
        "lon" : -82.3267799641,
        "time" : "20150201T101737-0500"
      }, {
        "lat" : 29.6565407089,
        "lon" : -82.3267685885,
        "time" : "20150201T101757-0500"
      }, {
        "lat" : 29.6565455616,
        "lon" : -82.3267538302,
        "time" : "20150201T101818-0500"
      }, {
        "lat" : 29.6565519299,
        "lon" : -82.3267357308,
        "time" : "20150201T101838-0500"
      }, {
        "lat" : 29.6565611446,
        "lon" : -82.3267118548,
        "time" : "20150201T101859-0500"
      }, {
        "lat" : 29.6565725875,
        "lon" : -82.3266837017,
        "time" : "20150201T101920-0500"
      }, {
        "lat" : 29.6565741614,
        "lon" : -82.3266776669,
        "time" : "20150201T101937-0500"
      }, {
        "lat" : 29.6568259022,
        "lon" : -82.3260717684,
        "time" : "20150201T101958-0500"
      }, {
        "lat" : 29.6567908871,
        "lon" : -82.325724299,
        "time" : "20150201T102018-0500"
      }, {
        "lat" : 29.6568145564,
        "lon" : -82.3254401332,
        "time" : "20150201T102035-0500"
      }, {
        "lat" : 29.6568196453,
        "lon" : -82.3252903479,
        "time" : "20150201T102054-0500"
      }, {
        "lat" : 29.6568154067,
        "lon" : -82.3250013871,
        "time" : "20150201T102110-0500"
      }, {
        "lat" : 29.6568363421,
        "lon" : -82.324657281,
        "time" : "20150201T102129-0500"
      }, {
        "lat" : 29.6568426719,
        "lon" : -82.3243851213,
        "time" : "20150201T102144-0500"
      }, {
        "lat" : 29.6568203666,
        "lon" : -82.3239088768,
        "time" : "20150201T102215-0500"
      }, {
        "lat" : 29.6568388467,
        "lon" : -82.3235335289,
        "time" : "20150201T102240-0500"
      }, {
        "lat" : 29.6568782854,
        "lon" : -82.3232127003,
        "time" : "20150201T102303-0500"
      }, {
        "lat" : 29.657028674,
        "lon" : -82.3231322369,
        "time" : "20150201T102335-0500"
      }, {
        "lat" : 29.6571399787,
        "lon" : -82.3230902749,
        "time" : "20150201T102352-0500"
      }, {
        "lat" : 29.6571038198,
        "lon" : -82.3229953032,
        "time" : "20150201T102407-0500"
      }, {
        "lat" : 29.6570935259,
        "lon" : -82.32297697,
        "time" : "20150201T102424-0500"
      }, {
        "lat" : 29.6570931327,
        "lon" : -82.3229764838,
        "time" : "20150201T102454-0500"
      }, {
        "lat" : 29.6570917628,
        "lon" : -82.3229747729,
        "time" : "20150201T102517-0500"
      }, {
        "lat" : 29.6570961029,
        "lon" : -82.3229817482,
        "time" : "20150201T102538-0500"
      }, {
        "lat" : 29.6570801207,
        "lon" : -82.3229584034,
        "time" : "20150201T102559-0500"
      }, {
        "lat" : 29.6570386022,
        "lon" : -82.3229063631,
        "time" : "20150201T102629-0500"
      }, {
        "lat" : 29.6570399626,
        "lon" : -82.3228955405,
        "time" : "20150201T102651-0500"
      }, {
        "lat" : 29.6570168842,
        "lon" : -82.3228677689,
        "time" : "20150201T102713-0500"
      }, {
        "lat" : 29.6569743852,
        "lon" : -82.3228163503,
        "time" : "20150201T102734-0500"
      }, {
        "lat" : 29.6569398998,
        "lon" : -82.3227732467,
        "time" : "20150201T102754-0500"
      }, {
        "lat" : 29.6569146199,
        "lon" : -82.3227346222,
        "time" : "20150201T102816-0500"
      }, {
        "lat" : 29.6568407891,
        "lon" : -82.3223712214,
        "time" : "20150201T102838-0500"
      }, {
        "lat" : 29.6567369022,
        "lon" : -82.3213345789,
        "time" : "20150201T102909-0500"
      }, {
        "lat" : 29.6567670868,
        "lon" : -82.3207941114,
        "time" : "20150201T102930-0500"
      }, {
        "lat" : 29.6568546352,
        "lon" : -82.3205642258,
        "time" : "20150201T102952-0500"
      }, {
        "lat" : 29.656895209,
        "lon" : -82.3204953481,
        "time" : "20150201T103012-0500"
      }, {
        "lat" : 29.6569184663,
        "lon" : -82.3204409512,
        "time" : "20150201T103033-0500"
      }, {
        "lat" : 29.6569158842,
        "lon" : -82.3203789795,
        "time" : "20150201T103053-0500"
      }, {
        "lat" : 29.6569264978,
        "lon" : -82.3201911865,
        "time" : "20150201T103113-0500"
      }, {
        "lat" : 29.6569422616,
        "lon" : -82.3195501539,
        "time" : "20150201T103136-0500"
      }, {
        "lat" : 29.656821765,
        "lon" : -82.3189185672,
        "time" : "20150201T103207-0500"
      }, {
        "lat" : 29.6565615853,
        "lon" : -82.3187163055,
        "time" : "20150201T103230-0500"
      } ]
    } ],
    "lastUpdate" : "20150201T172933Z"
  }, {
    "type" : "place",
    "startTime" : "20150201T103230-0500",
    "endTime" : "20150201T122805-0500",
    "place" : {
      "id" : 192984494,
      "type" : "unknown",
      "location" : {
        "lat" : 29.6565615853,
        "lon" : -82.3187163055
      }
    },
    "activities" : [ {
      "activity" : "walking",
      "group" : "walking",
      "manual" : false,
      "startTime" : "20150201T103450-0500",
      "endTime" : "20150201T103520-0500",
      "duration" : 30.0,
      "distance" : 15.0,
      "steps" : 30,
      "trackPoints" : [ ]
    }, {
      "activity" : "walking",
      "group" : "walking",
      "manual" : false,
      "startTime" : "20150201T121301-0500",
      "endTime" : "20150201T121430-0500",
      "duration" : 89.0,
      "distance" : 50.0,
      "steps" : 100,
      "trackPoints" : [ ]
    } ],
    "lastUpdate" : "20150201T190954Z"
  }, {
    "type" : "move",
    "startTime" : "20150201T122805-0500",
    "endTime" : "20150201T123905-0500",
    "activities" : [ {
      "activity" : "walking",
      "group" : "walking",
      "manual" : false,
      "startTime" : "20150201T122805-0500",
      "endTime" : "20150201T123905-0500",
      "duration" : 660.0,
      "distance" : 851.0,
      "steps" : 1108,
      "trackPoints" : [ {
        "lat" : 29.6565615853,
        "lon" : -82.3187163055,
        "time" : "20150201T122805-0500"
      }, {
        "lat" : 29.6566705184,
        "lon" : -82.3187444017,
        "time" : "20150201T122825-0500"
      }, {
        "lat" : 29.6566977476,
        "lon" : -82.3187703736,
        "time" : "20150201T122846-0500"
      }, {
        "lat" : 29.6567785218,
        "lon" : -82.3188983254,
        "time" : "20150201T122914-0500"
      }, {
        "lat" : 29.6569752115,
        "lon" : -82.3192991032,
        "time" : "20150201T122951-0500"
      }, {
        "lat" : 29.6570013926,
        "lon" : -82.3194877671,
        "time" : "20150201T123012-0500"
      }, {
        "lat" : 29.6569816772,
        "lon" : -82.3196694797,
        "time" : "20150201T123034-0500"
      }, {
        "lat" : 29.6569515689,
        "lon" : -82.3198861713,
        "time" : "20150201T123055-0500"
      }, {
        "lat" : 29.6569313698,
        "lon" : -82.3200368036,
        "time" : "20150201T123116-0500"
      }, {
        "lat" : 29.6569190037,
        "lon" : -82.3201130687,
        "time" : "20150201T123138-0500"
      }, {
        "lat" : 29.656886823,
        "lon" : -82.3202039345,
        "time" : "20150201T123200-0500"
      }, {
        "lat" : 29.6568629734,
        "lon" : -82.3202953793,
        "time" : "20150201T123222-0500"
      }, {
        "lat" : 29.6567345215,
        "lon" : -82.3215545475,
        "time" : "20150201T123304-0500"
      }, {
        "lat" : 29.6566914839,
        "lon" : -82.3220594456,
        "time" : "20150201T123325-0500"
      }, {
        "lat" : 29.6566602671,
        "lon" : -82.3223138161,
        "time" : "20150201T123346-0500"
      }, {
        "lat" : 29.6566491836,
        "lon" : -82.3224271794,
        "time" : "20150201T123406-0500"
      }, {
        "lat" : 29.6566370159,
        "lon" : -82.3225285054,
        "time" : "20150201T123428-0500"
      }, {
        "lat" : 29.6566048011,
        "lon" : -82.3228255333,
        "time" : "20150201T123450-0500"
      }, {
        "lat" : 29.6565441089,
        "lon" : -82.3236055833,
        "time" : "20150201T123511-0500"
      }, {
        "lat" : 29.6566000022,
        "lon" : -82.3239635984,
        "time" : "20150201T123533-0500"
      }, {
        "lat" : 29.6566512988,
        "lon" : -82.3241618134,
        "time" : "20150201T123554-0500"
      }, {
        "lat" : 29.6566775637,
        "lon" : -82.3242729727,
        "time" : "20150201T123615-0500"
      }, {
        "lat" : 29.6566905903,
        "lon" : -82.3243699528,
        "time" : "20150201T123636-0500"
      }, {
        "lat" : 29.6567020718,
        "lon" : -82.3244845443,
        "time" : "20150201T123656-0500"
      }, {
        "lat" : 29.6567515545,
        "lon" : -82.324977011,
        "time" : "20150201T123718-0500"
      }, {
        "lat" : 29.6567859192,
        "lon" : -82.3253803058,
        "time" : "20150201T123738-0500"
      }, {
        "lat" : 29.65678308,
        "lon" : -82.3255991899,
        "time" : "20150201T123759-0500"
      }, {
        "lat" : 29.6566976377,
        "lon" : -82.3261204094,
        "time" : "20150201T123836-0500"
      }, {
        "lat" : 29.6565354608,
        "lon" : -82.326775329,
        "time" : "20150201T123905-0500"
      } ]
    } ],
    "lastUpdate" : "20150201T190954Z"
  }, {
    "type" : "place",
    "startTime" : "20150201T123905-0500",
    "endTime" : "20150201T145436-0500",
    "place" : {
      "id" : 191508619,
      "type" : "unknown",
      "location" : {
        "lat" : 29.6565354608,
        "lon" : -82.326775329
      }
    },
    "activities" : [ {
      "activity" : "walking",
      "group" : "walking",
      "manual" : false,
      "startTime" : "20150201T124106-0500",
      "endTime" : "20150201T124136-0500",
      "duration" : 30.0,
      "distance" : 31.0,
      "steps" : 61,
      "trackPoints" : [ ]
    }, {
      "activity" : "walking",
      "group" : "walking",
      "manual" : false,
      "startTime" : "20150201T132211-0500",
      "endTime" : "20150201T132241-0500",
      "duration" : 30.0,
      "distance" : 15.0,
      "steps" : 25,
      "trackPoints" : [ ]
    }, {
      "activity" : "walking",
      "group" : "walking",
      "manual" : false,
      "startTime" : "20150201T145237-0500",
      "endTime" : "20150201T145337-0500",
      "duration" : 60.0,
      "distance" : 61.0,
      "steps" : 121,
      "trackPoints" : [ ]
    } ],
    "lastUpdate" : "20150201T204026Z"
  }, {
    "type" : "move",
    "startTime" : "20150201T145436-0500",
    "endTime" : "20150201T145854-0500",
    "activities" : [ {
      "activity" : "cycling",
      "group" : "cycling",
      "manual" : false,
      "startTime" : "20150201T145436-0500",
      "endTime" : "20150201T145855-0500",
      "duration" : 259.0,
      "distance" : 921.0,
      "trackPoints" : [ {
        "lat" : 29.6565354608,
        "lon" : -82.326775329,
        "time" : "20150201T145436-0500"
      }, {
        "lat" : 29.6564699714,
        "lon" : -82.3267225111,
        "time" : "20150201T145456-0500"
      }, {
        "lat" : 29.6564478698,
        "lon" : -82.3267174939,
        "time" : "20150201T145518-0500"
      }, {
        "lat" : 29.6564289523,
        "lon" : -82.3267124774,
        "time" : "20150201T145539-0500"
      }, {
        "lat" : 29.6564291456,
        "lon" : -82.326711819,
        "time" : "20150201T145556-0500"
      }, {
        "lat" : 29.6555187314,
        "lon" : -82.3265206639,
        "time" : "20150201T145619-0500"
      }, {
        "lat" : 29.6539677689,
        "lon" : -82.3258560736,
        "time" : "20150201T145700-0500"
      }, {
        "lat" : 29.6535219683,
        "lon" : -82.3256004964,
        "time" : "20150201T145719-0500"
      }, {
        "lat" : 29.6515298953,
        "lon" : -82.3247258426,
        "time" : "20150201T145812-0500"
      }, {
        "lat" : 29.6509493004,
        "lon" : -82.3244558986,
        "time" : "20150201T145830-0500"
      }, {
        "lat" : 29.6497119143,
        "lon" : -82.3241800181,
        "time" : "20150201T145854-0500"
      } ]
    } ],
    "lastUpdate" : "20150201T204026Z"
  }, {
    "type" : "place",
    "startTime" : "20150201T145854-0500",
    "endTime" : "20150201T153816-0500",
    "place" : {
      "id" : 193013889,
      "type" : "unknown",
      "location" : {
        "lat" : 29.6497119143,
        "lon" : -82.3241800181
      }
    },
    "activities" : [ {
      "activity" : "walking",
      "group" : "walking",
      "manual" : false,
      "startTime" : "20150201T145908-0500",
      "endTime" : "20150201T145938-0500",
      "duration" : 30.0,
      "distance" : 25.0,
      "steps" : 50,
      "trackPoints" : [ ]
    }, {
      "activity" : "walking",
      "group" : "walking",
      "manual" : false,
      "startTime" : "20150201T150208-0500",
      "endTime" : "20150201T150343-0500",
      "duration" : 95.0,
      "distance" : 64.0,
      "steps" : 128,
      "trackPoints" : [ ]
    } ],
    "lastUpdate" : "20150201T221214Z"
  }, {
    "type" : "move",
    "startTime" : "20150201T153816-0500",
    "endTime" : "20150201T154223-0500",
    "activities" : [ {
      "activity" : "transport",
      "group" : "transport",
      "manual" : false,
      "startTime" : "20150201T153816-0500",
      "endTime" : "20150201T154223-0500",
      "duration" : 247.0,
      "distance" : 949.0,
      "trackPoints" : [ {
        "lat" : 29.6497119143,
        "lon" : -82.3241800181,
        "time" : "20150201T153816-0500"
      }, {
        "lat" : 29.6501014018,
        "lon" : -82.3240920632,
        "time" : "20150201T153842-0500"
      }, {
        "lat" : 29.6503916031,
        "lon" : -82.3243558679,
        "time" : "20150201T153903-0500"
      }, {
        "lat" : 29.6513474977,
        "lon" : -82.325090985,
        "time" : "20150201T153924-0500"
      }, {
        "lat" : 29.6521183567,
        "lon" : -82.3251372761,
        "time" : "20150201T153945-0500"
      }, {
        "lat" : 29.6526850185,
        "lon" : -82.325377259,
        "time" : "20150201T154006-0500"
      }, {
        "lat" : 29.6535559818,
        "lon" : -82.3262514002,
        "time" : "20150201T154028-0500"
      }, {
        "lat" : 29.6555188188,
        "lon" : -82.3266710936,
        "time" : "20150201T154109-0500"
      }, {
        "lat" : 29.6563679056,
        "lon" : -82.3268079724,
        "time" : "20150201T154149-0500"
      }, {
        "lat" : 29.6565107425,
        "lon" : -82.3267939977,
        "time" : "20150201T154205-0500"
      }, {
        "lat" : 29.6565354608,
        "lon" : -82.326775329,
        "time" : "20150201T154223-0500"
      } ]
    } ],
    "lastUpdate" : "20150201T221214Z"
  }, {
    "type" : "place",
    "startTime" : "20150201T154223-0500",
    "endTime" : "20150201T185238-0500",
    "place" : {
      "id" : 191508619,
      "type" : "unknown",
      "location" : {
        "lat" : 29.6565354608,
        "lon" : -82.326775329
      }
    },
    "activities" : [ {
      "activity" : "walking",
      "group" : "walking",
      "manual" : false,
      "startTime" : "20150201T154307-0500",
      "endTime" : "20150201T154337-0500",
      "duration" : 30.0,
      "distance" : 25.0,
      "steps" : 51,
      "trackPoints" : [ ]
    }, {
      "activity" : "walking",
      "group" : "walking",
      "manual" : false,
      "startTime" : "20150201T170301-0500",
      "endTime" : "20150201T171027-0500",
      "duration" : 446.0,
      "distance" : 395.0,
      "steps" : 527,
      "trackPoints" : [ ]
    }, {
      "activity" : "walking",
      "group" : "walking",
      "manual" : false,
      "startTime" : "20150201T182152-0500",
      "endTime" : "20150201T182222-0500",
      "duration" : 30.0,
      "distance" : 15.0,
      "steps" : 30,
      "trackPoints" : [ ]
    } ],
    "lastUpdate" : "20150202T022359Z"
  }, {
    "type" : "move",
    "startTime" : "20150201T185238-0500",
    "endTime" : "20150201T190018-0500",
    "activities" : [ {
      "activity" : "walking",
      "group" : "walking",
      "manual" : false,
      "startTime" : "20150201T185238-0500",
      "endTime" : "20150201T190019-0500",
      "duration" : 461.0,
      "distance" : 501.0,
      "steps" : 765,
      "trackPoints" : [ {
        "lat" : 29.6565354608,
        "lon" : -82.326775329,
        "time" : "20150201T185238-0500"
      }, {
        "lat" : 29.656542808,
        "lon" : -82.3266824962,
        "time" : "20150201T185308-0500"
      }, {
        "lat" : 29.6565501071,
        "lon" : -82.326651531,
        "time" : "20150201T185328-0500"
      }, {
        "lat" : 29.6565595383,
        "lon" : -82.326616081,
        "time" : "20150201T185349-0500"
      }, {
        "lat" : 29.6565799181,
        "lon" : -82.3265499355,
        "time" : "20150201T185409-0500"
      }, {
        "lat" : 29.6567009671,
        "lon" : -82.3261854306,
        "time" : "20150201T185425-0500"
      }, {
        "lat" : 29.6568095888,
        "lon" : -82.3255887292,
        "time" : "20150201T185458-0500"
      }, {
        "lat" : 29.656833501,
        "lon" : -82.3251072873,
        "time" : "20150201T185522-0500"
      }, {
        "lat" : 29.6568739256,
        "lon" : -82.3246867969,
        "time" : "20150201T185543-0500"
      }, {
        "lat" : 29.6568770426,
        "lon" : -82.3249657787,
        "time" : "20150201T185617-0500"
      }, {
        "lat" : 29.6568669016,
        "lon" : -82.3249270362,
        "time" : "20150201T185637-0500"
      }, {
        "lat" : 29.656849824,
        "lon" : -82.3247458301,
        "time" : "20150201T185659-0500"
      }, {
        "lat" : 29.6568075612,
        "lon" : -82.3245801193,
        "time" : "20150201T185720-0500"
      }, {
        "lat" : 29.6567714752,
        "lon" : -82.3244912276,
        "time" : "20150201T185741-0500"
      }, {
        "lat" : 29.6567245672,
        "lon" : -82.3244159069,
        "time" : "20150201T185803-0500"
      }, {
        "lat" : 29.6563490812,
        "lon" : -82.3238707233,
        "time" : "20150201T185835-0500"
      }, {
        "lat" : 29.656078215,
        "lon" : -82.3235838612,
        "time" : "20150201T185857-0500"
      }, {
        "lat" : 29.6558901124,
        "lon" : -82.323441864,
        "time" : "20150201T185918-0500"
      }, {
        "lat" : 29.6558189528,
        "lon" : -82.3233802731,
        "time" : "20150201T185939-0500"
      }, {
        "lat" : 29.6557859615,
        "lon" : -82.3233246684,
        "time" : "20150201T185959-0500"
      }, {
        "lat" : 29.6557859453,
        "lon" : -82.3233246412,
        "time" : "20150201T190000-0500"
      }, {
        "lat" : 29.65578469,
        "lon" : -82.3233225254,
        "time" : "20150201T190000-0500"
      }, {
        "lat" : 29.6557379966,
        "lon" : -82.3225204735,
        "time" : "20150201T190018-0500"
      } ]
    } ],
    "lastUpdate" : "20150202T022359Z"
  }, {
    "type" : "place",
    "startTime" : "20150201T190018-0500",
    "endTime" : "20150201T190346-0500",
    "place" : {
      "id" : 193043072,
      "type" : "unknown",
      "location" : {
        "lat" : 29.6557379966,
        "lon" : -82.3225204735
      }
    },
    "lastUpdate" : "20150202T022359Z"
  }, {
    "type" : "move",
    "startTime" : "20150201T190346-0500",
    "endTime" : "20150201T201414-0500",
    "activities" : [ {
      "activity" : "walking",
      "group" : "walking",
      "manual" : false,
      "startTime" : "20150201T190346-0500",
      "endTime" : "20150201T201414-0500",
      "duration" : 4228.0,
      "distance" : 5613.0,
      "steps" : 7502,
      "trackPoints" : [ {
        "lat" : 29.6557379966,
        "lon" : -82.3225204735,
        "time" : "20150201T190346-0500"
      }, {
        "lat" : 29.6558243197,
        "lon" : -82.3223757212,
        "time" : "20150201T190408-0500"
      }, {
        "lat" : 29.6559238099,
        "lon" : -82.3223673888,
        "time" : "20150201T190439-0500"
      }, {
        "lat" : 29.6561042771,
        "lon" : -82.3224028624,
        "time" : "20150201T190500-0500"
      }, {
        "lat" : 29.6561920529,
        "lon" : -82.3224090301,
        "time" : "20150201T190518-0500"
      }, {
        "lat" : 29.656242606,
        "lon" : -82.3224037306,
        "time" : "20150201T190538-0500"
      }, {
        "lat" : 29.6562814344,
        "lon" : -82.3223645444,
        "time" : "20150201T190609-0500"
      }, {
        "lat" : 29.6563507902,
        "lon" : -82.3221419293,
        "time" : "20150201T190630-0500"
      }, {
        "lat" : 29.6566201703,
        "lon" : -82.3212505846,
        "time" : "20150201T190650-0500"
      }, {
        "lat" : 29.6567635822,
        "lon" : -82.320781646,
        "time" : "20150201T190710-0500"
      }, {
        "lat" : 29.6568578134,
        "lon" : -82.3205011181,
        "time" : "20150201T190731-0500"
      }, {
        "lat" : 29.6570027596,
        "lon" : -82.3200642545,
        "time" : "20150201T190804-0500"
      }, {
        "lat" : 29.6570318745,
        "lon" : -82.319795082,
        "time" : "20150201T190825-0500"
      }, {
        "lat" : 29.6570378371,
        "lon" : -82.3194189911,
        "time" : "20150201T190849-0500"
      }, {
        "lat" : 29.6570460267,
        "lon" : -82.3191517538,
        "time" : "20150201T190910-0500"
      }, {
        "lat" : 29.6570429746,
        "lon" : -82.3184172346,
        "time" : "20150201T191001-0500"
      }, {
        "lat" : 29.6570687974,
        "lon" : -82.3181706062,
        "time" : "20150201T191025-0500"
      }, {
        "lat" : 29.6571530376,
        "lon" : -82.3179199414,
        "time" : "20150201T191054-0500"
      }, {
        "lat" : 29.6572216183,
        "lon" : -82.3178191777,
        "time" : "20150201T191109-0500"
      }, {
        "lat" : 29.6589056266,
        "lon" : -82.3175936639,
        "time" : "20150201T191335-0500"
      }, {
        "lat" : 29.6590296268,
        "lon" : -82.3175399296,
        "time" : "20150201T191350-0500"
      }, {
        "lat" : 29.6592368835,
        "lon" : -82.3175244886,
        "time" : "20150201T191416-0500"
      }, {
        "lat" : 29.6595608682,
        "lon" : -82.3175901655,
        "time" : "20150201T191447-0500"
      }, {
        "lat" : 29.6598100992,
        "lon" : -82.3176397073,
        "time" : "20150201T191511-0500"
      }, {
        "lat" : 29.6599226419,
        "lon" : -82.3177008108,
        "time" : "20150201T191534-0500"
      }, {
        "lat" : 29.6600251351,
        "lon" : -82.3179261737,
        "time" : "20150201T191555-0500"
      }, {
        "lat" : 29.6600621764,
        "lon" : -82.3182002465,
        "time" : "20150201T191617-0500"
      }, {
        "lat" : 29.6600301238,
        "lon" : -82.3184741233,
        "time" : "20150201T191639-0500"
      }, {
        "lat" : 29.660005637,
        "lon" : -82.3186255581,
        "time" : "20150201T191655-0500"
      }, {
        "lat" : 29.6600602701,
        "lon" : -82.318739813,
        "time" : "20150201T191717-0500"
      }, {
        "lat" : 29.6603660825,
        "lon" : -82.3189109314,
        "time" : "20150201T191736-0500"
      }, {
        "lat" : 29.6606492116,
        "lon" : -82.319019459,
        "time" : "20150201T191758-0500"
      }, {
        "lat" : 29.6608191938,
        "lon" : -82.319022403,
        "time" : "20150201T191819-0500"
      }, {
        "lat" : 29.6609810097,
        "lon" : -82.3189851457,
        "time" : "20150201T191840-0500"
      }, {
        "lat" : 29.661129542,
        "lon" : -82.3189526209,
        "time" : "20150201T191901-0500"
      }, {
        "lat" : 29.6612804402,
        "lon" : -82.3189358022,
        "time" : "20150201T191921-0500"
      }, {
        "lat" : 29.6616996963,
        "lon" : -82.3189020909,
        "time" : "20150201T191942-0500"
      }, {
        "lat" : 29.6621207809,
        "lon" : -82.3188878697,
        "time" : "20150201T192005-0500"
      }, {
        "lat" : 29.6624721091,
        "lon" : -82.3188840508,
        "time" : "20150201T192027-0500"
      }, {
        "lat" : 29.6627214652,
        "lon" : -82.3189045382,
        "time" : "20150201T192049-0500"
      }, {
        "lat" : 29.6629011416,
        "lon" : -82.3189419991,
        "time" : "20150201T192111-0500"
      }, {
        "lat" : 29.6630349224,
        "lon" : -82.3189365036,
        "time" : "20150201T192131-0500"
      }, {
        "lat" : 29.6631514132,
        "lon" : -82.3188330214,
        "time" : "20150201T192152-0500"
      }, {
        "lat" : 29.6634056111,
        "lon" : -82.3184554233,
        "time" : "20150201T192213-0500"
      }, {
        "lat" : 29.6635804128,
        "lon" : -82.318093864,
        "time" : "20150201T192235-0500"
      }, {
        "lat" : 29.6636044707,
        "lon" : -82.3175797726,
        "time" : "20150201T192307-0500"
      }, {
        "lat" : 29.6636266373,
        "lon" : -82.3169634893,
        "time" : "20150201T192346-0500"
      }, {
        "lat" : 29.6636944163,
        "lon" : -82.3166550114,
        "time" : "20150201T192412-0500"
      }, {
        "lat" : 29.6637461651,
        "lon" : -82.3158213374,
        "time" : "20150201T192502-0500"
      }, {
        "lat" : 29.6638630954,
        "lon" : -82.3156416972,
        "time" : "20150201T192530-0500"
      }, {
        "lat" : 29.6639711736,
        "lon" : -82.3155648469,
        "time" : "20150201T192552-0500"
      }, {
        "lat" : 29.6642155985,
        "lon" : -82.3155303738,
        "time" : "20150201T192624-0500"
      }, {
        "lat" : 29.6643425276,
        "lon" : -82.3155093741,
        "time" : "20150201T192648-0500"
      }, {
        "lat" : 29.6645452556,
        "lon" : -82.3155320155,
        "time" : "20150201T192709-0500"
      }, {
        "lat" : 29.6650095015,
        "lon" : -82.3156084165,
        "time" : "20150201T192729-0500"
      }, {
        "lat" : 29.6654858663,
        "lon" : -82.3156547476,
        "time" : "20150201T192750-0500"
      }, {
        "lat" : 29.6657927585,
        "lon" : -82.3156629032,
        "time" : "20150201T192811-0500"
      }, {
        "lat" : 29.6659759144,
        "lon" : -82.3157456042,
        "time" : "20150201T192833-0500"
      }, {
        "lat" : 29.6664153337,
        "lon" : -82.3161934336,
        "time" : "20150201T192904-0500"
      }, {
        "lat" : 29.6665233452,
        "lon" : -82.3163716737,
        "time" : "20150201T192926-0500"
      }, {
        "lat" : 29.6665225778,
        "lon" : -82.3164288396,
        "time" : "20150201T192949-0500"
      }, {
        "lat" : 29.6664855022,
        "lon" : -82.3164483185,
        "time" : "20150201T193010-0500"
      }, {
        "lat" : 29.6664314201,
        "lon" : -82.3164526641,
        "time" : "20150201T193031-0500"
      }, {
        "lat" : 29.6662090882,
        "lon" : -82.316452867,
        "time" : "20150201T193053-0500"
      }, {
        "lat" : 29.6654252034,
        "lon" : -82.3164643907,
        "time" : "20150201T193123-0500"
      }, {
        "lat" : 29.6651764053,
        "lon" : -82.3164769663,
        "time" : "20150201T193143-0500"
      }, {
        "lat" : 29.6649188924,
        "lon" : -82.3165243899,
        "time" : "20150201T193204-0500"
      }, {
        "lat" : 29.6641195,
        "lon" : -82.316744817,
        "time" : "20150201T193259-0500"
      }, {
        "lat" : 29.6638904795,
        "lon" : -82.3168331187,
        "time" : "20150201T193316-0500"
      }, {
        "lat" : 29.6637147038,
        "lon" : -82.317062145,
        "time" : "20150201T193352-0500"
      }, {
        "lat" : 29.663653663,
        "lon" : -82.3172499176,
        "time" : "20150201T193414-0500"
      }, {
        "lat" : 29.6636477083,
        "lon" : -82.3175378462,
        "time" : "20150201T193437-0500"
      }, {
        "lat" : 29.6636450867,
        "lon" : -82.3177451702,
        "time" : "20150201T193457-0500"
      }, {
        "lat" : 29.6636377179,
        "lon" : -82.3178988153,
        "time" : "20150201T193518-0500"
      }, {
        "lat" : 29.6636145205,
        "lon" : -82.3180534096,
        "time" : "20150201T193539-0500"
      }, {
        "lat" : 29.6635619193,
        "lon" : -82.3182900793,
        "time" : "20150201T193601-0500"
      }, {
        "lat" : 29.663429591,
        "lon" : -82.3188557046,
        "time" : "20150201T193623-0500"
      }, {
        "lat" : 29.663348991,
        "lon" : -82.3191714582,
        "time" : "20150201T193643-0500"
      }, {
        "lat" : 29.6629874027,
        "lon" : -82.31950006,
        "time" : "20150201T193726-0500"
      }, {
        "lat" : 29.6617635316,
        "lon" : -82.3195477776,
        "time" : "20150201T193918-0500"
      }, {
        "lat" : 29.6612138327,
        "lon" : -82.3195369546,
        "time" : "20150201T193956-0500"
      }, {
        "lat" : 29.6609976803,
        "lon" : -82.3195445909,
        "time" : "20150201T194017-0500"
      }, {
        "lat" : 29.6608761134,
        "lon" : -82.31957386,
        "time" : "20150201T194036-0500"
      }, {
        "lat" : 29.6607700928,
        "lon" : -82.3195940768,
        "time" : "20150201T194056-0500"
      }, {
        "lat" : 29.6605604611,
        "lon" : -82.3196305328,
        "time" : "20150201T194116-0500"
      }, {
        "lat" : 29.6601153502,
        "lon" : -82.3196983111,
        "time" : "20150201T194137-0500"
      }, {
        "lat" : 29.659853254,
        "lon" : -82.3197256904,
        "time" : "20150201T194158-0500"
      }, {
        "lat" : 29.659662141,
        "lon" : -82.3197532633,
        "time" : "20150201T194219-0500"
      }, {
        "lat" : 29.6595186942,
        "lon" : -82.3197835845,
        "time" : "20150201T194239-0500"
      }, {
        "lat" : 29.6594305483,
        "lon" : -82.3197673895,
        "time" : "20150201T194256-0500"
      }, {
        "lat" : 29.6592716094,
        "lon" : -82.3197040179,
        "time" : "20150201T194327-0500"
      }, {
        "lat" : 29.6591480011,
        "lon" : -82.319674336,
        "time" : "20150201T194349-0500"
      }, {
        "lat" : 29.6586538385,
        "lon" : -82.3195936869,
        "time" : "20150201T194409-0500"
      }, {
        "lat" : 29.6580790391,
        "lon" : -82.3196290915,
        "time" : "20150201T194440-0500"
      }, {
        "lat" : 29.6579700152,
        "lon" : -82.3196942018,
        "time" : "20150201T194501-0500"
      }, {
        "lat" : 29.6579332649,
        "lon" : -82.3197762032,
        "time" : "20150201T194523-0500"
      }, {
        "lat" : 29.657899942,
        "lon" : -82.3199379042,
        "time" : "20150201T194543-0500"
      }, {
        "lat" : 29.65771413,
        "lon" : -82.3207121357,
        "time" : "20150201T194618-0500"
      }, {
        "lat" : 29.6575309621,
        "lon" : -82.3208544692,
        "time" : "20150201T194638-0500"
      }, {
        "lat" : 29.6571640808,
        "lon" : -82.3207229406,
        "time" : "20150201T194659-0500"
      }, {
        "lat" : 29.6569186728,
        "lon" : -82.3206280714,
        "time" : "20150201T194720-0500"
      }, {
        "lat" : 29.6567556137,
        "lon" : -82.3206381319,
        "time" : "20150201T194741-0500"
      }, {
        "lat" : 29.6566013664,
        "lon" : -82.3206921172,
        "time" : "20150201T194801-0500"
      }, {
        "lat" : 29.6564665201,
        "lon" : -82.320745771,
        "time" : "20150201T194823-0500"
      }, {
        "lat" : 29.6563439016,
        "lon" : -82.320784958,
        "time" : "20150201T194843-0500"
      }, {
        "lat" : 29.6558037806,
        "lon" : -82.3208456493,
        "time" : "20150201T194917-0500"
      }, {
        "lat" : 29.6548855648,
        "lon" : -82.3210722319,
        "time" : "20150201T195023-0500"
      }, {
        "lat" : 29.6543188554,
        "lon" : -82.3212834704,
        "time" : "20150201T195108-0500"
      }, {
        "lat" : 29.654138437,
        "lon" : -82.3214367707,
        "time" : "20150201T195130-0500"
      }, {
        "lat" : 29.6540305974,
        "lon" : -82.3216599549,
        "time" : "20150201T195150-0500"
      }, {
        "lat" : 29.6539698426,
        "lon" : -82.3220172303,
        "time" : "20150201T195213-0500"
      }, {
        "lat" : 29.6539468085,
        "lon" : -82.3222961748,
        "time" : "20150201T195238-0500"
      }, {
        "lat" : 29.653940021,
        "lon" : -82.3224737129,
        "time" : "20150201T195300-0500"
      }, {
        "lat" : 29.6539408032,
        "lon" : -82.3225725634,
        "time" : "20150201T195321-0500"
      }, {
        "lat" : 29.6539457628,
        "lon" : -82.3226671776,
        "time" : "20150201T195342-0500"
      }, {
        "lat" : 29.6539457924,
        "lon" : -82.3228157001,
        "time" : "20150201T195404-0500"
      }, {
        "lat" : 29.6539238751,
        "lon" : -82.3233922954,
        "time" : "20150201T195423-0500"
      }, {
        "lat" : 29.6538946528,
        "lon" : -82.3240390542,
        "time" : "20150201T195455-0500"
      }, {
        "lat" : 29.6538875213,
        "lon" : -82.3242149257,
        "time" : "20150201T195515-0500"
      }, {
        "lat" : 29.6538540072,
        "lon" : -82.32435797,
        "time" : "20150201T195538-0500"
      }, {
        "lat" : 29.6538243367,
        "lon" : -82.3244763982,
        "time" : "20150201T195558-0500"
      }, {
        "lat" : 29.6538017414,
        "lon" : -82.3245617911,
        "time" : "20150201T195619-0500"
      }, {
        "lat" : 29.6537905241,
        "lon" : -82.3245908579,
        "time" : "20150201T195639-0500"
      }, {
        "lat" : 29.6537638066,
        "lon" : -82.3246474689,
        "time" : "20150201T195700-0500"
      }, {
        "lat" : 29.6536687423,
        "lon" : -82.3247307097,
        "time" : "20150201T195722-0500"
      }, {
        "lat" : 29.6529692513,
        "lon" : -82.3252588514,
        "time" : "20150201T195803-0500"
      }, {
        "lat" : 29.6525317687,
        "lon" : -82.3256145508,
        "time" : "20150201T195829-0500"
      }, {
        "lat" : 29.6521732166,
        "lon" : -82.3259605369,
        "time" : "20150201T195853-0500"
      }, {
        "lat" : 29.6521544079,
        "lon" : -82.3258365661,
        "time" : "20150201T195920-0500"
      }, {
        "lat" : 29.6521263459,
        "lon" : -82.3257996954,
        "time" : "20150201T195941-0500"
      }, {
        "lat" : 29.6520797848,
        "lon" : -82.3258931819,
        "time" : "20150201T195959-0500"
      }, {
        "lat" : 29.6520797594,
        "lon" : -82.3258932329,
        "time" : "20150201T200000-0500"
      }, {
        "lat" : 29.6520652023,
        "lon" : -82.3259224611,
        "time" : "20150201T200005-0500"
      }, {
        "lat" : 29.6520168459,
        "lon" : -82.3257255489,
        "time" : "20150201T200050-0500"
      }, {
        "lat" : 29.6520145814,
        "lon" : -82.3255563831,
        "time" : "20150201T200121-0500"
      }, {
        "lat" : 29.6520438539,
        "lon" : -82.3254540867,
        "time" : "20150201T200142-0500"
      }, {
        "lat" : 29.6520955382,
        "lon" : -82.3253902072,
        "time" : "20150201T200200-0500"
      }, {
        "lat" : 29.6522137844,
        "lon" : -82.325353586,
        "time" : "20150201T200221-0500"
      }, {
        "lat" : 29.6522735609,
        "lon" : -82.3253373002,
        "time" : "20150201T200240-0500"
      }, {
        "lat" : 29.6522857601,
        "lon" : -82.3253200611,
        "time" : "20150201T200300-0500"
      }, {
        "lat" : 29.6522750469,
        "lon" : -82.3252591139,
        "time" : "20150201T200320-0500"
      }, {
        "lat" : 29.6521984084,
        "lon" : -82.3249595035,
        "time" : "20150201T200341-0500"
      }, {
        "lat" : 29.6520130103,
        "lon" : -82.3242105989,
        "time" : "20150201T200401-0500"
      }, {
        "lat" : 29.6520282966,
        "lon" : -82.3237277769,
        "time" : "20150201T200432-0500"
      }, {
        "lat" : 29.6522978037,
        "lon" : -82.3234726654,
        "time" : "20150201T200453-0500"
      }, {
        "lat" : 29.6531033089,
        "lon" : -82.3229036874,
        "time" : "20150201T200527-0500"
      }, {
        "lat" : 29.6534179543,
        "lon" : -82.3224278525,
        "time" : "20150201T200612-0500"
      }, {
        "lat" : 29.6534370254,
        "lon" : -82.322230234,
        "time" : "20150201T200632-0500"
      }, {
        "lat" : 29.653412407,
        "lon" : -82.3220610021,
        "time" : "20150201T200652-0500"
      }, {
        "lat" : 29.6533763838,
        "lon" : -82.32179725,
        "time" : "20150201T200714-0500"
      }, {
        "lat" : 29.6533234525,
        "lon" : -82.3214823727,
        "time" : "20150201T200736-0500"
      }, {
        "lat" : 29.6533050221,
        "lon" : -82.3213034501,
        "time" : "20150201T200756-0500"
      }, {
        "lat" : 29.6534785849,
        "lon" : -82.321185961,
        "time" : "20150201T200817-0500"
      }, {
        "lat" : 29.6539728606,
        "lon" : -82.3210354901,
        "time" : "20150201T200841-0500"
      }, {
        "lat" : 29.654272736,
        "lon" : -82.320940181,
        "time" : "20150201T200901-0500"
      }, {
        "lat" : 29.6544802579,
        "lon" : -82.3208586397,
        "time" : "20150201T200924-0500"
      }, {
        "lat" : 29.6546256923,
        "lon" : -82.320471452,
        "time" : "20150201T200959-0500"
      }, {
        "lat" : 29.6546862304,
        "lon" : -82.319978101,
        "time" : "20150201T201034-0500"
      }, {
        "lat" : 29.6547006414,
        "lon" : -82.3196512583,
        "time" : "20150201T201056-0500"
      }, {
        "lat" : 29.6547148822,
        "lon" : -82.3194142081,
        "time" : "20150201T201116-0500"
      }, {
        "lat" : 29.6547162905,
        "lon" : -82.3192594925,
        "time" : "20150201T201142-0500"
      }, {
        "lat" : 29.6547243552,
        "lon" : -82.319195674,
        "time" : "20150201T201203-0500"
      }, {
        "lat" : 29.6547863316,
        "lon" : -82.3191432756,
        "time" : "20150201T201224-0500"
      }, {
        "lat" : 29.6550106851,
        "lon" : -82.3190283666,
        "time" : "20150201T201244-0500"
      }, {
        "lat" : 29.6555441597,
        "lon" : -82.3187653231,
        "time" : "20150201T201305-0500"
      }, {
        "lat" : 29.6558103145,
        "lon" : -82.3186530773,
        "time" : "20150201T201326-0500"
      }, {
        "lat" : 29.6565615853,
        "lon" : -82.3187163055,
        "time" : "20150201T201414-0500"
      } ]
    } ],
    "lastUpdate" : "20150202T022359Z"
  }, {
    "type" : "place",
    "startTime" : "20150201T201414-0500",
    "endTime" : "20150201T202004-0500",
    "place" : {
      "id" : 192984494,
      "type" : "unknown",
      "location" : {
        "lat" : 29.6565615853,
        "lon" : -82.3187163055
      }
    },
    "lastUpdate" : "20150202T022359Z"
  }, {
    "type" : "move",
    "startTime" : "20150201T202004-0500",
    "endTime" : "20150201T202939-0500",
    "activities" : [ {
      "activity" : "transport",
      "group" : "transport",
      "manual" : false,
      "startTime" : "20150201T202004-0500",
      "endTime" : "20150201T202939-0500",
      "duration" : 575.0,
      "distance" : 5061.0,
      "trackPoints" : [ {
        "lat" : 29.6565615853,
        "lon" : -82.3187163055,
        "time" : "20150201T202004-0500"
      }, {
        "lat" : 29.6556917764,
        "lon" : -82.3194857482,
        "time" : "20150201T202038-0500"
      }, {
        "lat" : 29.6554286853,
        "lon" : -82.3207219991,
        "time" : "20150201T202113-0500"
      }, {
        "lat" : 29.6526365768,
        "lon" : -82.3212317679,
        "time" : "20150201T202205-0500"
      }, {
        "lat" : 29.6520045452,
        "lon" : -82.321772738,
        "time" : "20150201T202226-0500"
      }, {
        "lat" : 29.6520075989,
        "lon" : -82.3305286717,
        "time" : "20150201T202357-0500"
      }, {
        "lat" : 29.6520088493,
        "lon" : -82.3307056433,
        "time" : "20150201T202418-0500"
      }, {
        "lat" : 29.6520498622,
        "lon" : -82.3354884276,
        "time" : "20150201T202438-0500"
      }, {
        "lat" : 29.6485570135,
        "lon" : -82.3391421343,
        "time" : "20150201T202629-0500"
      }, {
        "lat" : 29.647557152,
        "lon" : -82.339329526,
        "time" : "20150201T202651-0500"
      }, {
        "lat" : 29.6385572849,
        "lon" : -82.3395163564,
        "time" : "20150201T202827-0500"
      }, {
        "lat" : 29.6368264862,
        "lon" : -82.3388624246,
        "time" : "20150201T202847-0500"
      }, {
        "lat" : 29.6315585254,
        "lon" : -82.3393422039,
        "time" : "20150201T202939-0500"
      } ]
    } ],
    "lastUpdate" : "20150202T022359Z"
  }, {
    "type" : "place",
    "startTime" : "20150201T202939-0500",
    "endTime" : "20150201T211405-0500",
    "place" : {
      "id" : 193051555,
      "type" : "unknown",
      "location" : {
        "lat" : 29.6315585254,
        "lon" : -82.3393422039
      }
    },
    "activities" : [ {
      "activity" : "walking",
      "group" : "walking",
      "manual" : false,
      "startTime" : "20150201T203014-0500",
      "endTime" : "20150201T203114-0500",
      "duration" : 60.0,
      "distance" : 40.0,
      "steps" : 81,
      "trackPoints" : [ ]
    }, {
      "activity" : "walking",
      "group" : "walking",
      "manual" : false,
      "startTime" : "20150201T211152-0500",
      "endTime" : "20150201T211243-0500",
      "duration" : 51.0,
      "distance" : 43.0,
      "steps" : 87,
      "trackPoints" : [ ]
    } ],
    "lastUpdate" : "20150202T035244Z"
  }, {
    "type" : "move",
    "startTime" : "20150201T211405-0500",
    "endTime" : "20150201T222120-0500",
    "activities" : [ {
      "activity" : "transport",
      "group" : "transport",
      "manual" : false,
      "startTime" : "20150201T211405-0500",
      "endTime" : "20150201T212422-0500",
      "duration" : 617.0,
      "distance" : 5871.0,
      "trackPoints" : [ {
        "lat" : 29.6315585254,
        "lon" : -82.3393422039,
        "time" : "20150201T211405-0500"
      }, {
        "lat" : 29.6348607464,
        "lon" : -82.3391553403,
        "time" : "20150201T211437-0500"
      }, {
        "lat" : 29.6466952746,
        "lon" : -82.3396627495,
        "time" : "20150201T211632-0500"
      }, {
        "lat" : 29.6470010901,
        "lon" : -82.339632355,
        "time" : "20150201T211653-0500"
      }, {
        "lat" : 29.649635258,
        "lon" : -82.3391210882,
        "time" : "20150201T211713-0500"
      }, {
        "lat" : 29.6540956655,
        "lon" : -82.3395509717,
        "time" : "20150201T211807-0500"
      }, {
        "lat" : 29.6568896357,
        "lon" : -82.3391046494,
        "time" : "20150201T211827-0500"
      }, {
        "lat" : 29.6576223837,
        "lon" : -82.3385289999,
        "time" : "20150201T211852-0500"
      }, {
        "lat" : 29.6579383873,
        "lon" : -82.3371639413,
        "time" : "20150201T211922-0500"
      }, {
        "lat" : 29.6579593456,
        "lon" : -82.337073095,
        "time" : "20150201T211938-0500"
      }, {
        "lat" : 29.659325926,
        "lon" : -82.3311434407,
        "time" : "20150201T212014-0500"
      }, {
        "lat" : 29.6594274083,
        "lon" : -82.330769621,
        "time" : "20150201T212035-0500"
      }, {
        "lat" : 29.6593187698,
        "lon" : -82.3276940971,
        "time" : "20150201T212111-0500"
      }, {
        "lat" : 29.6588180353,
        "lon" : -82.3204741651,
        "time" : "20150201T212209-0500"
      }, {
        "lat" : 29.6590719022,
        "lon" : -82.3194053424,
        "time" : "20150201T212234-0500"
      }, {
        "lat" : 29.6576431806,
        "lon" : -82.3185718859,
        "time" : "20150201T212256-0500"
      }, {
        "lat" : 29.656567763,
        "lon" : -82.3186948525,
        "time" : "20150201T212322-0500"
      }, {
        "lat" : 29.6565584504,
        "lon" : -82.318697477,
        "time" : "20150201T212422-0500"
      } ]
    }, {
      "activity" : "walking",
      "group" : "walking",
      "manual" : false,
      "startTime" : "20150201T212422-0500",
      "endTime" : "20150201T222120-0500",
      "duration" : 3418.0,
      "distance" : 3913.0,
      "steps" : 5717,
      "trackPoints" : [ {
        "lat" : 29.6565584504,
        "lon" : -82.318697477,
        "time" : "20150201T212422-0500"
      }, {
        "lat" : 29.656551626,
        "lon" : -82.3186964763,
        "time" : "20150201T212453-0500"
      }, {
        "lat" : 29.6565529687,
        "lon" : -82.3187001343,
        "time" : "20150201T212513-0500"
      }, {
        "lat" : 29.6565566284,
        "lon" : -82.3187034399,
        "time" : "20150201T212533-0500"
      }, {
        "lat" : 29.6565622989,
        "lon" : -82.3187066645,
        "time" : "20150201T212554-0500"
      }, {
        "lat" : 29.6565717245,
        "lon" : -82.3187113428,
        "time" : "20150201T212616-0500"
      }, {
        "lat" : 29.6565772435,
        "lon" : -82.3187080922,
        "time" : "20150201T212638-0500"
      }, {
        "lat" : 29.656951467,
        "lon" : -82.3192778574,
        "time" : "20150201T212742-0500"
      }, {
        "lat" : 29.6571186525,
        "lon" : -82.3196679062,
        "time" : "20150201T212817-0500"
      }, {
        "lat" : 29.6571366674,
        "lon" : -82.3198862625,
        "time" : "20150201T212838-0500"
      }, {
        "lat" : 29.6570908163,
        "lon" : -82.3200937094,
        "time" : "20150201T212858-0500"
      }, {
        "lat" : 29.6570470407,
        "lon" : -82.3202380593,
        "time" : "20150201T212918-0500"
      }, {
        "lat" : 29.6570155043,
        "lon" : -82.3203219687,
        "time" : "20150201T212939-0500"
      }, {
        "lat" : 29.6569767928,
        "lon" : -82.3203927903,
        "time" : "20150201T213000-0500"
      }, {
        "lat" : 29.6569589014,
        "lon" : -82.3204679791,
        "time" : "20150201T213021-0500"
      }, {
        "lat" : 29.656928952,
        "lon" : -82.3206611921,
        "time" : "20150201T213043-0500"
      }, {
        "lat" : 29.6568390992,
        "lon" : -82.3212904796,
        "time" : "20150201T213103-0500"
      }, {
        "lat" : 29.6567674105,
        "lon" : -82.3218715938,
        "time" : "20150201T213123-0500"
      }, {
        "lat" : 29.656722619,
        "lon" : -82.3222686577,
        "time" : "20150201T213145-0500"
      }, {
        "lat" : 29.656706411,
        "lon" : -82.3224125553,
        "time" : "20150201T213206-0500"
      }, {
        "lat" : 29.6566989692,
        "lon" : -82.3224630527,
        "time" : "20150201T213226-0500"
      }, {
        "lat" : 29.6566801107,
        "lon" : -82.3225201697,
        "time" : "20150201T213248-0500"
      }, {
        "lat" : 29.6566383118,
        "lon" : -82.3225973454,
        "time" : "20150201T213311-0500"
      }, {
        "lat" : 29.6564964234,
        "lon" : -82.322740446,
        "time" : "20150201T213334-0500"
      }, {
        "lat" : 29.6560694556,
        "lon" : -82.3231470039,
        "time" : "20150201T213354-0500"
      }, {
        "lat" : 29.6558113078,
        "lon" : -82.3233734971,
        "time" : "20150201T213415-0500"
      }, {
        "lat" : 29.6557240983,
        "lon" : -82.3234317941,
        "time" : "20150201T213436-0500"
      }, {
        "lat" : 29.6556947373,
        "lon" : -82.3234337499,
        "time" : "20150201T213457-0500"
      }, {
        "lat" : 29.6556733061,
        "lon" : -82.323422772,
        "time" : "20150201T213517-0500"
      }, {
        "lat" : 29.6556226932,
        "lon" : -82.3234182784,
        "time" : "20150201T213538-0500"
      }, {
        "lat" : 29.6553499068,
        "lon" : -82.3233836024,
        "time" : "20150201T213600-0500"
      }, {
        "lat" : 29.6545621559,
        "lon" : -82.3232663797,
        "time" : "20150201T213621-0500"
      }, {
        "lat" : 29.6542076261,
        "lon" : -82.3231476927,
        "time" : "20150201T213641-0500"
      }, {
        "lat" : 29.6540595633,
        "lon" : -82.3230000547,
        "time" : "20150201T213702-0500"
      }, {
        "lat" : 29.6540065466,
        "lon" : -82.3228621108,
        "time" : "20150201T213723-0500"
      }, {
        "lat" : 29.6539743486,
        "lon" : -82.3227282109,
        "time" : "20150201T213744-0500"
      }, {
        "lat" : 29.6539543755,
        "lon" : -82.3226312432,
        "time" : "20150201T213805-0500"
      }, {
        "lat" : 29.6539358878,
        "lon" : -82.3225184728,
        "time" : "20150201T213826-0500"
      }, {
        "lat" : 29.6539637592,
        "lon" : -82.3223430786,
        "time" : "20150201T213847-0500"
      }, {
        "lat" : 29.6541691642,
        "lon" : -82.32150871,
        "time" : "20150201T213917-0500"
      }, {
        "lat" : 29.6543596379,
        "lon" : -82.3210416306,
        "time" : "20150201T213941-0500"
      }, {
        "lat" : 29.6544596158,
        "lon" : -82.3208812791,
        "time" : "20150201T214001-0500"
      }, {
        "lat" : 29.6546040043,
        "lon" : -82.3208327833,
        "time" : "20150201T214024-0500"
      }, {
        "lat" : 29.6550228239,
        "lon" : -82.3208335473,
        "time" : "20150201T214055-0500"
      }, {
        "lat" : 29.6553208576,
        "lon" : -82.3208643504,
        "time" : "20150201T214120-0500"
      }, {
        "lat" : 29.6556121019,
        "lon" : -82.3208952653,
        "time" : "20150201T214142-0500"
      }, {
        "lat" : 29.655769332,
        "lon" : -82.3209134823,
        "time" : "20150201T214201-0500"
      }, {
        "lat" : 29.6558961077,
        "lon" : -82.3209244854,
        "time" : "20150201T214225-0500"
      }, {
        "lat" : 29.6561508178,
        "lon" : -82.3208575903,
        "time" : "20150201T214251-0500"
      }, {
        "lat" : 29.6562764366,
        "lon" : -82.3208218257,
        "time" : "20150201T214312-0500"
      }, {
        "lat" : 29.656362062,
        "lon" : -82.3207960191,
        "time" : "20150201T214333-0500"
      }, {
        "lat" : 29.6564187496,
        "lon" : -82.3207846008,
        "time" : "20150201T214354-0500"
      }, {
        "lat" : 29.6565000099,
        "lon" : -82.3207763011,
        "time" : "20150201T214416-0500"
      }, {
        "lat" : 29.6566812243,
        "lon" : -82.3207579799,
        "time" : "20150201T214437-0500"
      }, {
        "lat" : 29.6572603262,
        "lon" : -82.3206989288,
        "time" : "20150201T214504-0500"
      }, {
        "lat" : 29.6578075945,
        "lon" : -82.3206062273,
        "time" : "20150201T214531-0500"
      }, {
        "lat" : 29.6581220831,
        "lon" : -82.3206037876,
        "time" : "20150201T214557-0500"
      }, {
        "lat" : 29.6584293457,
        "lon" : -82.3207260603,
        "time" : "20150201T214629-0500"
      }, {
        "lat" : 29.65871464,
        "lon" : -82.3208667457,
        "time" : "20150201T214704-0500"
      }, {
        "lat" : 29.6588407794,
        "lon" : -82.3209527339,
        "time" : "20150201T214724-0500"
      }, {
        "lat" : 29.658917579,
        "lon" : -82.321004921,
        "time" : "20150201T214744-0500"
      }, {
        "lat" : 29.6589712109,
        "lon" : -82.3209978223,
        "time" : "20150201T214806-0500"
      }, {
        "lat" : 29.6590095568,
        "lon" : -82.3209175757,
        "time" : "20150201T214827-0500"
      }, {
        "lat" : 29.6590415518,
        "lon" : -82.3208076772,
        "time" : "20150201T214846-0500"
      }, {
        "lat" : 29.6590735852,
        "lon" : -82.3206675832,
        "time" : "20150201T214907-0500"
      }, {
        "lat" : 29.6590932725,
        "lon" : -82.3205576721,
        "time" : "20150201T214927-0500"
      }, {
        "lat" : 29.6591089991,
        "lon" : -82.3204424309,
        "time" : "20150201T214947-0500"
      }, {
        "lat" : 29.6591120513,
        "lon" : -82.3203606376,
        "time" : "20150201T215008-0500"
      }, {
        "lat" : 29.6590937363,
        "lon" : -82.3202987957,
        "time" : "20150201T215029-0500"
      }, {
        "lat" : 29.659030625,
        "lon" : -82.3202129952,
        "time" : "20150201T215050-0500"
      }, {
        "lat" : 29.6586088047,
        "lon" : -82.319749498,
        "time" : "20150201T215111-0500"
      }, {
        "lat" : 29.658296896,
        "lon" : -82.3194054914,
        "time" : "20150201T215131-0500"
      }, {
        "lat" : 29.6581826914,
        "lon" : -82.3192503291,
        "time" : "20150201T215153-0500"
      }, {
        "lat" : 29.658124732,
        "lon" : -82.3191383069,
        "time" : "20150201T215213-0500"
      }, {
        "lat" : 29.6580873815,
        "lon" : -82.3190274305,
        "time" : "20150201T215233-0500"
      }, {
        "lat" : 29.6580719166,
        "lon" : -82.3189497518,
        "time" : "20150201T215254-0500"
      }, {
        "lat" : 29.658064148,
        "lon" : -82.3188798812,
        "time" : "20150201T215313-0500"
      }, {
        "lat" : 29.6580346467,
        "lon" : -82.3186733351,
        "time" : "20150201T215335-0500"
      }, {
        "lat" : 29.6579322008,
        "lon" : -82.3179759266,
        "time" : "20150201T215356-0500"
      }, {
        "lat" : 29.6578717481,
        "lon" : -82.3175289258,
        "time" : "20150201T215416-0500"
      }, {
        "lat" : 29.6578565478,
        "lon" : -82.3173433233,
        "time" : "20150201T215433-0500"
      }, {
        "lat" : 29.6578631786,
        "lon" : -82.317207001,
        "time" : "20150201T215454-0500"
      }, {
        "lat" : 29.6578762705,
        "lon" : -82.3170869307,
        "time" : "20150201T215515-0500"
      }, {
        "lat" : 29.6579058654,
        "lon" : -82.3168407611,
        "time" : "20150201T215536-0500"
      }, {
        "lat" : 29.6579505226,
        "lon" : -82.3163431224,
        "time" : "20150201T215555-0500"
      }, {
        "lat" : 29.6579213778,
        "lon" : -82.3160820525,
        "time" : "20150201T215615-0500"
      }, {
        "lat" : 29.6578171561,
        "lon" : -82.3159742908,
        "time" : "20150201T215636-0500"
      }, {
        "lat" : 29.6576968973,
        "lon" : -82.3159377639,
        "time" : "20150201T215656-0500"
      }, {
        "lat" : 29.6575788832,
        "lon" : -82.3159316867,
        "time" : "20150201T215717-0500"
      }, {
        "lat" : 29.6574417617,
        "lon" : -82.3159397229,
        "time" : "20150201T215732-0500"
      }, {
        "lat" : 29.6572397047,
        "lon" : -82.3159087131,
        "time" : "20150201T215805-0500"
      }, {
        "lat" : 29.6567398656,
        "lon" : -82.315345512,
        "time" : "20150201T215835-0500"
      }, {
        "lat" : 29.6564825687,
        "lon" : -82.3150591745,
        "time" : "20150201T215855-0500"
      }, {
        "lat" : 29.6563338718,
        "lon" : -82.3149381923,
        "time" : "20150201T215916-0500"
      }, {
        "lat" : 29.6562305426,
        "lon" : -82.3149095443,
        "time" : "20150201T215936-0500"
      }, {
        "lat" : 29.6561199096,
        "lon" : -82.3149094676,
        "time" : "20150201T215956-0500"
      }, {
        "lat" : 29.6560965062,
        "lon" : -82.3149098296,
        "time" : "20150201T215959-0500"
      }, {
        "lat" : 29.6560964348,
        "lon" : -82.3149098307,
        "time" : "20150201T220000-0500"
      }, {
        "lat" : 29.6559704887,
        "lon" : -82.3149117789,
        "time" : "20150201T220017-0500"
      }, {
        "lat" : 29.6558234303,
        "lon" : -82.3149105622,
        "time" : "20150201T220033-0500"
      }, {
        "lat" : 29.6550873503,
        "lon" : -82.314907943,
        "time" : "20150201T220116-0500"
      }, {
        "lat" : 29.6548710448,
        "lon" : -82.3149459105,
        "time" : "20150201T220137-0500"
      }, {
        "lat" : 29.6547761108,
        "lon" : -82.315042692,
        "time" : "20150201T220157-0500"
      }, {
        "lat" : 29.6547411408,
        "lon" : -82.3151984758,
        "time" : "20150201T220218-0500"
      }, {
        "lat" : 29.654737988,
        "lon" : -82.3153431913,
        "time" : "20150201T220238-0500"
      }, {
        "lat" : 29.6547436082,
        "lon" : -82.3154724387,
        "time" : "20150201T220259-0500"
      }, {
        "lat" : 29.6547486292,
        "lon" : -82.3156311042,
        "time" : "20150201T220320-0500"
      }, {
        "lat" : 29.654775697,
        "lon" : -82.3166519369,
        "time" : "20150201T220355-0500"
      }, {
        "lat" : 29.6547996681,
        "lon" : -82.3169442272,
        "time" : "20150201T220415-0500"
      }, {
        "lat" : 29.6547789992,
        "lon" : -82.3170668457,
        "time" : "20150201T220437-0500"
      }, {
        "lat" : 29.6547121756,
        "lon" : -82.3171359223,
        "time" : "20150201T220456-0500"
      }, {
        "lat" : 29.65459734,
        "lon" : -82.3172180897,
        "time" : "20150201T220516-0500"
      }, {
        "lat" : 29.6545090644,
        "lon" : -82.3172757084,
        "time" : "20150201T220536-0500"
      }, {
        "lat" : 29.6543664753,
        "lon" : -82.3173432143,
        "time" : "20150201T220557-0500"
      }, {
        "lat" : 29.6538053941,
        "lon" : -82.3175938479,
        "time" : "20150201T220618-0500"
      }, {
        "lat" : 29.6535114317,
        "lon" : -82.3177436751,
        "time" : "20150201T220634-0500"
      }, {
        "lat" : 29.6533024754,
        "lon" : -82.3179034389,
        "time" : "20150201T220655-0500"
      }, {
        "lat" : 29.6532300819,
        "lon" : -82.3180280586,
        "time" : "20150201T220715-0500"
      }, {
        "lat" : 29.6531996841,
        "lon" : -82.3181306021,
        "time" : "20150201T220736-0500"
      }, {
        "lat" : 29.6531602886,
        "lon" : -82.3183412746,
        "time" : "20150201T220756-0500"
      }, {
        "lat" : 29.6530580528,
        "lon" : -82.3189224254,
        "time" : "20150201T220817-0500"
      }, {
        "lat" : 29.6530346649,
        "lon" : -82.31929759,
        "time" : "20150201T220837-0500"
      }, {
        "lat" : 29.6530735253,
        "lon" : -82.319549529,
        "time" : "20150201T220859-0500"
      }, {
        "lat" : 29.6531050153,
        "lon" : -82.3196981187,
        "time" : "20150201T220916-0500"
      }, {
        "lat" : 29.6531290286,
        "lon" : -82.3198078932,
        "time" : "20150201T220934-0500"
      }, {
        "lat" : 29.6531556687,
        "lon" : -82.3200099259,
        "time" : "20150201T220955-0500"
      }, {
        "lat" : 29.6532577462,
        "lon" : -82.3208307345,
        "time" : "20150201T221015-0500"
      }, {
        "lat" : 29.653326303,
        "lon" : -82.3213251928,
        "time" : "20150201T221035-0500"
      }, {
        "lat" : 29.6533448094,
        "lon" : -82.3214527901,
        "time" : "20150201T221055-0500"
      }, {
        "lat" : 29.6533541838,
        "lon" : -82.3215093104,
        "time" : "20150201T221116-0500"
      }, {
        "lat" : 29.6533647859,
        "lon" : -82.321551637,
        "time" : "20150201T221147-0500"
      }, {
        "lat" : 29.6533998677,
        "lon" : -82.3216293159,
        "time" : "20150201T221207-0500"
      }, {
        "lat" : 29.6534539353,
        "lon" : -82.3217140781,
        "time" : "20150201T221227-0500"
      }, {
        "lat" : 29.6535060047,
        "lon" : -82.3217922455,
        "time" : "20150201T221245-0500"
      }, {
        "lat" : 29.6535532879,
        "lon" : -82.3218541585,
        "time" : "20150201T221305-0500"
      }, {
        "lat" : 29.6536313101,
        "lon" : -82.3218892383,
        "time" : "20150201T221326-0500"
      }, {
        "lat" : 29.6541279164,
        "lon" : -82.3219647165,
        "time" : "20150201T221346-0500"
      }, {
        "lat" : 29.6545131588,
        "lon" : -82.3219742673,
        "time" : "20150201T221407-0500"
      }, {
        "lat" : 29.6546229253,
        "lon" : -82.3219236658,
        "time" : "20150201T221427-0500"
      }, {
        "lat" : 29.6546428598,
        "lon" : -82.3218224486,
        "time" : "20150201T221447-0500"
      }, {
        "lat" : 29.6546251398,
        "lon" : -82.3210737966,
        "time" : "20150201T221518-0500"
      }, {
        "lat" : 29.6546341312,
        "lon" : -82.3208331573,
        "time" : "20150201T221536-0500"
      }, {
        "lat" : 29.6546611948,
        "lon" : -82.3206228464,
        "time" : "20150201T221556-0500"
      }, {
        "lat" : 29.6547074376,
        "lon" : -82.3203283822,
        "time" : "20150201T221613-0500"
      }, {
        "lat" : 29.6547067751,
        "lon" : -82.3199927145,
        "time" : "20150201T221634-0500"
      }, {
        "lat" : 29.6546576165,
        "lon" : -82.3196660617,
        "time" : "20150201T221657-0500"
      }, {
        "lat" : 29.6546512106,
        "lon" : -82.3194093957,
        "time" : "20150201T221718-0500"
      }, {
        "lat" : 29.6546608016,
        "lon" : -82.3192573833,
        "time" : "20150201T221738-0500"
      }, {
        "lat" : 29.6546515604,
        "lon" : -82.3191816632,
        "time" : "20150201T221759-0500"
      }, {
        "lat" : 29.6546547297,
        "lon" : -82.3191329378,
        "time" : "20150201T221819-0500"
      }, {
        "lat" : 29.6546769549,
        "lon" : -82.3190968886,
        "time" : "20150201T221835-0500"
      }, {
        "lat" : 29.6548196007,
        "lon" : -82.3190210094,
        "time" : "20150201T221857-0500"
      }, {
        "lat" : 29.6554425169,
        "lon" : -82.3187313644,
        "time" : "20150201T221929-0500"
      }, {
        "lat" : 29.6557701487,
        "lon" : -82.3185940084,
        "time" : "20150201T221951-0500"
      }, {
        "lat" : 29.6560020494,
        "lon" : -82.3185569748,
        "time" : "20150201T222012-0500"
      }, {
        "lat" : 29.6562083921,
        "lon" : -82.3186098972,
        "time" : "20150201T222034-0500"
      }, {
        "lat" : 29.6563557409,
        "lon" : -82.3186707535,
        "time" : "20150201T222054-0500"
      }, {
        "lat" : 29.6565615853,
        "lon" : -82.3187163055,
        "time" : "20150201T222120-0500"
      } ]
    } ],
    "lastUpdate" : "20150202T035244Z"
  }, {
    "type" : "place",
    "startTime" : "20150201T222120-0500",
    "endTime" : "20150201T223738-0500",
    "place" : {
      "id" : 192984494,
      "type" : "unknown",
      "location" : {
        "lat" : 29.6565615853,
        "lon" : -82.3187163055
      }
    },
    "lastUpdate" : "20150202T065248Z"
  }, {
    "type" : "move",
    "startTime" : "20150201T223738-0500",
    "endTime" : "20150201T224338-0500",
    "activities" : [ {
      "activity" : "walking",
      "group" : "walking",
      "manual" : false,
      "startTime" : "20150201T223738-0500",
      "endTime" : "20150201T224338-0500",
      "duration" : 360.0,
      "distance" : 549.0,
      "steps" : 663,
      "trackPoints" : [ {
        "lat" : 29.6565615853,
        "lon" : -82.3187163055,
        "time" : "20150201T223738-0500"
      }, {
        "lat" : 29.6567201177,
        "lon" : -82.318832622,
        "time" : "20150201T223759-0500"
      }, {
        "lat" : 29.6567477798,
        "lon" : -82.3188559254,
        "time" : "20150201T223819-0500"
      }, {
        "lat" : 29.6567812198,
        "lon" : -82.3188768531,
        "time" : "20150201T223844-0500"
      }, {
        "lat" : 29.6570160612,
        "lon" : -82.3196378621,
        "time" : "20150201T223917-0500"
      }, {
        "lat" : 29.6570700479,
        "lon" : -82.3201601654,
        "time" : "20150201T223938-0500"
      }, {
        "lat" : 29.6570438558,
        "lon" : -82.3203740624,
        "time" : "20150201T223956-0500"
      }, {
        "lat" : 29.6569984858,
        "lon" : -82.3205037067,
        "time" : "20150201T224016-0500"
      }, {
        "lat" : 29.656931849,
        "lon" : -82.3208144077,
        "time" : "20150201T224038-0500"
      }, {
        "lat" : 29.6567229197,
        "lon" : -82.3219460866,
        "time" : "20150201T224108-0500"
      }, {
        "lat" : 29.6566687546,
        "lon" : -82.3223313252,
        "time" : "20150201T224129-0500"
      }, {
        "lat" : 29.6566628395,
        "lon" : -82.3224863589,
        "time" : "20150201T224149-0500"
      }, {
        "lat" : 29.6566577186,
        "lon" : -82.322576612,
        "time" : "20150201T224209-0500"
      }, {
        "lat" : 29.6566540505,
        "lon" : -82.3228134155,
        "time" : "20150201T224229-0500"
      }, {
        "lat" : 29.6566792209,
        "lon" : -82.323687151,
        "time" : "20150201T224257-0500"
      }, {
        "lat" : 29.656739199,
        "lon" : -82.3239150155,
        "time" : "20150201T224317-0500"
      }, {
        "lat" : 29.6567645591,
        "lon" : -82.3240171506,
        "time" : "20150201T224338-0500"
      } ]
    } ],
    "lastUpdate" : "20150202T065248Z"
  }, {
    "type" : "place",
    "startTime" : "20150201T225342-0500",
    "endTime" : "20150202T052950-0500",
    "place" : {
      "id" : 191508619,
      "type" : "unknown",
      "location" : {
        "lat" : 29.6565354608,
        "lon" : -82.326775329
      }
    },
    "lastUpdate" : "20150202T105307Z"
  } ],
  "lastUpdate" : "20150202T105307Z"
} ]