[ {
  "date" : "20150204",
  "summary" : [ {
    "activity" : "running",
    "group" : "running",
    "duration" : 280.0,
    "distance" : 688.0,
    "steps" : 714
  }, {
    "activity" : "walking",
    "group" : "walking",
    "duration" : 1505.0,
    "distance" : 1437.0,
    "steps" : 2060
  }, {
    "activity" : "cycling",
    "group" : "cycling",
    "duration" : 1290.0,
    "distance" : 7091.0
  } ],
  "segments" : [ {
    "type" : "place",
    "startTime" : "20150203T231630-0500",
    "endTime" : "20150204T051221-0500",
    "place" : {
      "id" : 191508619,
      "type" : "unknown",
      "location" : {
        "lat" : 29.6565354608,
        "lon" : -82.326775329
      }
    },
    "lastUpdate" : "20150204T124702Z"
  }, {
    "type" : "move",
    "startTime" : "20150204T051221-0500",
    "endTime" : "20150204T051700-0500",
    "activities" : [ {
      "activity" : "running",
      "group" : "running",
      "manual" : false,
      "startTime" : "20150204T051221-0500",
      "endTime" : "20150204T051701-0500",
      "duration" : 280.0,
      "distance" : 688.0,
      "steps" : 714,
      "trackPoints" : [ {
        "lat" : 29.6565354608,
        "lon" : -82.326775329,
        "time" : "20150204T051221-0500"
      }, {
        "lat" : 29.65561837,
        "lon" : -82.3270471378,
        "time" : "20150204T051320-0500"
      }, {
        "lat" : 29.6555133308,
        "lon" : -82.3272665496,
        "time" : "20150204T051340-0500"
      }, {
        "lat" : 29.6555231345,
        "lon" : -82.3275102462,
        "time" : "20150204T051401-0500"
      }, {
        "lat" : 29.6556384066,
        "lon" : -82.3275912682,
        "time" : "20150204T051421-0500"
      }, {
        "lat" : 29.6558960859,
        "lon" : -82.3276307528,
        "time" : "20150204T051442-0500"
      }, {
        "lat" : 29.6570801117,
        "lon" : -82.327723399,
        "time" : "20150204T051512-0500"
      }, {
        "lat" : 29.6575561641,
        "lon" : -82.3274424488,
        "time" : "20150204T051533-0500"
      }, {
        "lat" : 29.6578090553,
        "lon" : -82.3267203412,
        "time" : "20150204T051555-0500"
      }, {
        "lat" : 29.6575185197,
        "lon" : -82.326769318,
        "time" : "20150204T051618-0500"
      }, {
        "lat" : 29.6572724858,
        "lon" : -82.3268692667,
        "time" : "20150204T051641-0500"
      }, {
        "lat" : 29.6565354608,
        "lon" : -82.326775329,
        "time" : "20150204T051700-0500"
      } ]
    } ],
    "lastUpdate" : "20150204T124702Z"
  }, {
    "type" : "place",
    "startTime" : "20150204T051700-0500",
    "endTime" : "20150204T081314-0500",
    "place" : {
      "id" : 193512500,
      "name" : "Home",
      "type" : "home",
      "location" : {
        "lat" : 29.6564969542,
        "lon" : -82.3267639009
      }
    },
    "activities" : [ {
      "activity" : "walking",
      "group" : "walking",
      "manual" : false,
      "startTime" : "20150204T071628-0500",
      "endTime" : "20150204T071858-0500",
      "duration" : 150.0,
      "distance" : 133.0,
      "steps" : 177,
      "trackPoints" : [ ]
    }, {
      "activity" : "walking",
      "group" : "walking",
      "manual" : false,
      "startTime" : "20150204T080016-0500",
      "endTime" : "20150204T080249-0500",
      "duration" : 153.0,
      "distance" : 145.0,
      "steps" : 194,
      "trackPoints" : [ ]
    } ],
    "lastUpdate" : "20150204T141804Z"
  }, {
    "type" : "move",
    "startTime" : "20150204T081314-0500",
    "endTime" : "20150204T082204-0500",
    "activities" : [ {
      "activity" : "cycling",
      "group" : "cycling",
      "manual" : false,
      "startTime" : "20150204T081314-0500",
      "endTime" : "20150204T082204-0500",
      "duration" : 530.0,
      "distance" : 3457.0,
      "trackPoints" : [ {
        "lat" : 29.6564969542,
        "lon" : -82.3267639009,
        "time" : "20150204T081314-0500"
      }, {
        "lat" : 29.6564650462,
        "lon" : -82.3267523532,
        "time" : "20150204T081334-0500"
      }, {
        "lat" : 29.6555202154,
        "lon" : -82.3272450508,
        "time" : "20150204T081412-0500"
      }, {
        "lat" : 29.6551332382,
        "lon" : -82.3274620559,
        "time" : "20150204T081433-0500"
      }, {
        "lat" : 29.654077004,
        "lon" : -82.3277698474,
        "time" : "20150204T081454-0500"
      }, {
        "lat" : 29.6521393396,
        "lon" : -82.3280144416,
        "time" : "20150204T081527-0500"
      }, {
        "lat" : 29.6519779254,
        "lon" : -82.3281771532,
        "time" : "20150204T081545-0500"
      }, {
        "lat" : 29.6515786916,
        "lon" : -82.3282499185,
        "time" : "20150204T081606-0500"
      }, {
        "lat" : 29.6505561474,
        "lon" : -82.3282540617,
        "time" : "20150204T081626-0500"
      }, {
        "lat" : 29.6499395406,
        "lon" : -82.3346708278,
        "time" : "20150204T081726-0500"
      }, {
        "lat" : 29.6500369478,
        "lon" : -82.3352943444,
        "time" : "20150204T081747-0500"
      }, {
        "lat" : 29.6501805259,
        "lon" : -82.3363937591,
        "time" : "20150204T081803-0500"
      }, {
        "lat" : 29.6500226877,
        "lon" : -82.3393409054,
        "time" : "20150204T081847-0500"
      }, {
        "lat" : 29.6497504013,
        "lon" : -82.3404538612,
        "time" : "20150204T081903-0500"
      }, {
        "lat" : 29.6494241333,
        "lon" : -82.3426401919,
        "time" : "20150204T081936-0500"
      }, {
        "lat" : 29.6491963653,
        "lon" : -82.3431591262,
        "time" : "20150204T081956-0500"
      }, {
        "lat" : 29.6489554211,
        "lon" : -82.3432715691,
        "time" : "20150204T082017-0500"
      }, {
        "lat" : 29.6468501882,
        "lon" : -82.3438641098,
        "time" : "20150204T082037-0500"
      }, {
        "lat" : 29.6464792676,
        "lon" : -82.3439650202,
        "time" : "20150204T082057-0500"
      }, {
        "lat" : 29.6434050599,
        "lon" : -82.3435646903,
        "time" : "20150204T082144-0500"
      }, {
        "lat" : 29.641591782,
        "lon" : -82.3448683504,
        "time" : "20150204T082204-0500"
      } ]
    } ],
    "lastUpdate" : "20150204T141804Z"
  }, {
    "type" : "place",
    "startTime" : "20150204T082204-0500",
    "endTime" : "20150204T114623-0500",
    "place" : {
      "id" : 192487158,
      "type" : "unknown",
      "location" : {
        "lat" : 29.641591782,
        "lon" : -82.3448683504
      }
    },
    "activities" : [ {
      "activity" : "walking",
      "group" : "walking",
      "manual" : false,
      "startTime" : "20150204T082350-0500",
      "endTime" : "20150204T082915-0500",
      "duration" : 325.0,
      "distance" : 420.0,
      "steps" : 560,
      "trackPoints" : [ ]
    }, {
      "activity" : "walking",
      "group" : "walking",
      "manual" : false,
      "startTime" : "20150204T095115-0500",
      "endTime" : "20150204T095145-0500",
      "duration" : 30.0,
      "distance" : 30.0,
      "steps" : 61,
      "trackPoints" : [ ]
    }, {
      "activity" : "walking",
      "group" : "walking",
      "manual" : false,
      "startTime" : "20150204T110022-0500",
      "endTime" : "20150204T110351-0500",
      "duration" : 209.0,
      "distance" : 230.0,
      "steps" : 307,
      "trackPoints" : [ ]
    } ],
    "lastUpdate" : "20150204T185103Z"
  }, {
    "type" : "move",
    "startTime" : "20150204T114623-0500",
    "endTime" : "20150204T115903-0500",
    "activities" : [ {
      "activity" : "cycling",
      "group" : "cycling",
      "manual" : false,
      "startTime" : "20150204T114623-0500",
      "endTime" : "20150204T115903-0500",
      "duration" : 760.0,
      "distance" : 3634.0,
      "trackPoints" : [ {
        "lat" : 29.641591782,
        "lon" : -82.3448683504,
        "time" : "20150204T114623-0500"
      }, {
        "lat" : 29.6410532083,
        "lon" : -82.3440501539,
        "time" : "20150204T114643-0500"
      }, {
        "lat" : 29.6405465363,
        "lon" : -82.3423830309,
        "time" : "20150204T114735-0500"
      }, {
        "lat" : 29.6400342655,
        "lon" : -82.3419513699,
        "time" : "20150204T114754-0500"
      }, {
        "lat" : 29.6398525116,
        "lon" : -82.3417915193,
        "time" : "20150204T114819-0500"
      }, {
        "lat" : 29.6396263442,
        "lon" : -82.3420089533,
        "time" : "20150204T114840-0500"
      }, {
        "lat" : 29.6396046967,
        "lon" : -82.3419986468,
        "time" : "20150204T114903-0500"
      }, {
        "lat" : 29.6410466262,
        "lon" : -82.3396954609,
        "time" : "20150204T114943-0500"
      }, {
        "lat" : 29.6412991597,
        "lon" : -82.3391780959,
        "time" : "20150204T115004-0500"
      }, {
        "lat" : 29.6416274286,
        "lon" : -82.3385715562,
        "time" : "20150204T115025-0500"
      }, {
        "lat" : 29.6423169975,
        "lon" : -82.3373034427,
        "time" : "20150204T115045-0500"
      }, {
        "lat" : 29.6424961973,
        "lon" : -82.3368300597,
        "time" : "20150204T115105-0500"
      }, {
        "lat" : 29.6430999099,
        "lon" : -82.334273691,
        "time" : "20150204T115133-0500"
      }, {
        "lat" : 29.6432309671,
        "lon" : -82.3336568855,
        "time" : "20150204T115153-0500"
      }, {
        "lat" : 29.6436738742,
        "lon" : -82.3318107882,
        "time" : "20150204T115223-0500"
      }, {
        "lat" : 29.6437459756,
        "lon" : -82.3316253328,
        "time" : "20150204T115243-0500"
      }, {
        "lat" : 29.6438116302,
        "lon" : -82.3315745196,
        "time" : "20150204T115305-0500"
      }, {
        "lat" : 29.6477321419,
        "lon" : -82.3309324539,
        "time" : "20150204T115354-0500"
      }, {
        "lat" : 29.6479861889,
        "lon" : -82.3309391139,
        "time" : "20150204T115413-0500"
      }, {
        "lat" : 29.6481671672,
        "lon" : -82.3309155727,
        "time" : "20150204T115434-0500"
      }, {
        "lat" : 29.6491254202,
        "lon" : -82.3308484758,
        "time" : "20150204T115454-0500"
      }, {
        "lat" : 29.6498448069,
        "lon" : -82.3306296426,
        "time" : "20150204T115515-0500"
      }, {
        "lat" : 29.6499589626,
        "lon" : -82.3304166333,
        "time" : "20150204T115535-0500"
      }, {
        "lat" : 29.6501689793,
        "lon" : -82.3288003652,
        "time" : "20150204T115555-0500"
      }, {
        "lat" : 29.6503536621,
        "lon" : -82.3279500227,
        "time" : "20150204T115616-0500"
      }, {
        "lat" : 29.6515894307,
        "lon" : -82.3269543576,
        "time" : "20150204T115656-0500"
      }, {
        "lat" : 29.6518802015,
        "lon" : -82.326694986,
        "time" : "20150204T115718-0500"
      }, {
        "lat" : 29.6522463431,
        "lon" : -82.3268172182,
        "time" : "20150204T115745-0500"
      }, {
        "lat" : 29.6527582916,
        "lon" : -82.3267970328,
        "time" : "20150204T115805-0500"
      }, {
        "lat" : 29.6540211654,
        "lon" : -82.326664794,
        "time" : "20150204T115824-0500"
      }, {
        "lat" : 29.6545009427,
        "lon" : -82.3266461059,
        "time" : "20150204T115844-0500"
      }, {
        "lat" : 29.6564969542,
        "lon" : -82.3267639009,
        "time" : "20150204T115903-0500"
      } ]
    } ],
    "lastUpdate" : "20150204T185103Z"
  }, {
    "type" : "place",
    "startTime" : "20150204T115903-0500",
    "endTime" : "20150205T071149-0500",
    "place" : {
      "id" : 193512500,
      "name" : "Home",
      "type" : "home",
      "location" : {
        "lat" : 29.6564969542,
        "lon" : -82.3267639009
      }
    },
    "activities" : [ {
      "activity" : "walking",
      "group" : "walking",
      "manual" : false,
      "startTime" : "20150204T115927-0500",
      "endTime" : "20150204T115957-0500",
      "duration" : 30.0,
      "distance" : 31.0,
      "steps" : 61,
      "trackPoints" : [ ]
    }, {
      "activity" : "walking",
      "group" : "walking",
      "manual" : false,
      "startTime" : "20150204T120026-0500",
      "endTime" : "20150204T120256-0500",
      "duration" : 150.0,
      "distance" : 144.0,
      "steps" : 192,
      "trackPoints" : [ ]
    }, {
      "activity" : "walking",
      "group" : "walking",
      "manual" : false,
      "startTime" : "20150204T152157-0500",
      "endTime" : "20150204T152335-0500",
      "duration" : 98.0,
      "distance" : 49.0,
      "steps" : 81,
      "trackPoints" : [ ]
    }, {
      "activity" : "walking",
      "group" : "walking",
      "manual" : false,
      "startTime" : "20150204T165424-0500",
      "endTime" : "20150204T165454-0500",
      "duration" : 30.0,
      "distance" : 30.0,
      "steps" : 60,
      "trackPoints" : [ ]
    }, {
      "activity" : "walking",
      "group" : "walking",
      "manual" : false,
      "startTime" : "20150204T173131-0500",
      "endTime" : "20150204T173201-0500",
      "duration" : 30.0,
      "distance" : 15.0,
      "steps" : 30,
      "trackPoints" : [ ]
    }, {
      "activity" : "walking",
      "group" : "walking",
      "manual" : false,
      "startTime" : "20150204T202052-0500",
      "endTime" : "20150204T202152-0500",
      "duration" : 60.0,
      "distance" : 30.0,
      "steps" : 55,
      "trackPoints" : [ ]
    }, {
      "activity" : "walking",
      "group" : "walking",
      "manual" : false,
      "startTime" : "20150204T211141-0500",
      "endTime" : "20150204T211311-0500",
      "duration" : 90.0,
      "distance" : 63.0,
      "steps" : 126,
      "trackPoints" : [ ]
    }, {
      "activity" : "walking",
      "group" : "walking",
      "manual" : false,
      "startTime" : "20150204T222651-0500",
      "endTime" : "20150204T222921-0500",
      "duration" : 150.0,
      "distance" : 117.0,
      "steps" : 156,
      "trackPoints" : [ ]
    } ],
    "lastUpdate" : "20150205T130306Z"
  } ],
  "lastUpdate" : "20150205T130306Z"
} ]