[ {
  "date" : "20150211",
  "summary" : [ {
    "activity" : "walking",
    "group" : "walking",
    "duration" : 4215.0,
    "distance" : 3774.0,
    "steps" : 4309
  } ],
  "segments" : [ {
    "type" : "place",
    "startTime" : "20150210T142228-0500",
    "endTime" : "20150211T183327-0500",
    "place" : {
      "id" : 193512500,
      "name" : "Home",
      "type" : "home",
      "location" : {
        "lat" : 29.6564969542,
        "lon" : -82.3267639009
      }
    },
    "activities" : [ {
      "activity" : "walking",
      "group" : "walking",
      "manual" : false,
      "startTime" : "20150211T045808-0500",
      "endTime" : "20150211T045838-0500",
      "duration" : 30.0,
      "distance" : 15.0,
      "steps" : 30,
      "trackPoints" : [ ]
    }, {
      "activity" : "walking",
      "group" : "walking",
      "manual" : false,
      "startTime" : "20150211T065544-0500",
      "endTime" : "20150211T065555-0500",
      "duration" : 11.0,
      "distance" : 8.0,
      "steps" : 15,
      "trackPoints" : [ ]
    }, {
      "activity" : "walking",
      "group" : "walking",
      "manual" : false,
      "startTime" : "20150211T084757-0500",
      "endTime" : "20150211T084812-0500",
      "duration" : 15.0,
      "distance" : 9.0,
      "steps" : 18,
      "trackPoints" : [ ]
    }, {
      "activity" : "walking",
      "group" : "walking",
      "manual" : false,
      "startTime" : "20150211T092842-0500",
      "endTime" : "20150211T092853-0500",
      "duration" : 11.0,
      "distance" : 9.0,
      "steps" : 18,
      "trackPoints" : [ ]
    }, {
      "activity" : "walking",
      "group" : "walking",
      "manual" : false,
      "startTime" : "20150211T102750-0500",
      "endTime" : "20150211T102807-0500",
      "duration" : 17.0,
      "distance" : 10.0,
      "steps" : 19,
      "trackPoints" : [ ]
    }, {
      "activity" : "walking",
      "group" : "walking",
      "manual" : false,
      "startTime" : "20150211T111145-0500",
      "endTime" : "20150211T111257-0500",
      "duration" : 72.0,
      "distance" : 36.0,
      "steps" : 69,
      "trackPoints" : [ ]
    }, {
      "activity" : "walking",
      "group" : "walking",
      "manual" : false,
      "startTime" : "20150211T124812-0500",
      "endTime" : "20150211T124831-0500",
      "duration" : 19.0,
      "distance" : 13.0,
      "steps" : 25,
      "trackPoints" : [ ]
    }, {
      "activity" : "walking",
      "group" : "walking",
      "manual" : false,
      "startTime" : "20150211T135816-0500",
      "endTime" : "20150211T135823-0500",
      "duration" : 7.0,
      "distance" : 5.0,
      "steps" : 9,
      "trackPoints" : [ ]
    }, {
      "activity" : "walking",
      "group" : "walking",
      "manual" : false,
      "startTime" : "20150211T144028-0500",
      "endTime" : "20150211T144046-0500",
      "duration" : 18.0,
      "distance" : 12.0,
      "steps" : 23,
      "trackPoints" : [ ]
    }, {
      "activity" : "walking",
      "group" : "walking",
      "manual" : false,
      "startTime" : "20150211T153026-0500",
      "endTime" : "20150211T153102-0500",
      "duration" : 36.0,
      "distance" : 19.0,
      "steps" : 38,
      "trackPoints" : [ ]
    }, {
      "activity" : "walking",
      "group" : "walking",
      "manual" : false,
      "startTime" : "20150211T161548-0500",
      "endTime" : "20150211T161557-0500",
      "duration" : 9.0,
      "distance" : 5.0,
      "steps" : 8,
      "trackPoints" : [ ]
    }, {
      "activity" : "walking",
      "group" : "walking",
      "manual" : false,
      "startTime" : "20150211T183323-0500",
      "endTime" : "20150211T190017-0500",
      "duration" : 1614.0,
      "distance" : 1207.0,
      "steps" : 1614,
      "trackPoints" : [ ]
    } ],
    "lastUpdate" : "20150212T015702Z"
  }, {
    "type" : "move",
    "startTime" : "20150211T183327-0500",
    "endTime" : "20150211T184321-0500",
    "activities" : [ {
      "activity" : "walking",
      "group" : "walking",
      "manual" : false,
      "startTime" : "20150211T183327-0500",
      "endTime" : "20150211T184320-0500",
      "duration" : 593.0,
      "distance" : 729.0,
      "steps" : 662,
      "trackPoints" : [ {
        "lat" : 29.6564969542,
        "lon" : -82.3267639009,
        "time" : "20150211T183327-0500"
      }, {
        "lat" : 29.656417518,
        "lon" : -82.3267323697,
        "time" : "20150211T183348-0500"
      }, {
        "lat" : 29.6564358195,
        "lon" : -82.3267303239,
        "time" : "20150211T183408-0500"
      }, {
        "lat" : 29.6561452615,
        "lon" : -82.3266767075,
        "time" : "20150211T183435-0500"
      }, {
        "lat" : 29.6558818691,
        "lon" : -82.3266811958,
        "time" : "20150211T183453-0500"
      }, {
        "lat" : 29.6555649971,
        "lon" : -82.3267193358,
        "time" : "20150211T183513-0500"
      }, {
        "lat" : 29.6552270072,
        "lon" : -82.326657983,
        "time" : "20150211T183534-0500"
      }, {
        "lat" : 29.6549638584,
        "lon" : -82.3265998258,
        "time" : "20150211T183554-0500"
      }, {
        "lat" : 29.6546468341,
        "lon" : -82.326530639,
        "time" : "20150211T183623-0500"
      }, {
        "lat" : 29.6543116649,
        "lon" : -82.3265084272,
        "time" : "20150211T183649-0500"
      }, {
        "lat" : 29.6540789243,
        "lon" : -82.3265044935,
        "time" : "20150211T183706-0500"
      }, {
        "lat" : 29.6538118319,
        "lon" : -82.3264897449,
        "time" : "20150211T183730-0500"
      }, {
        "lat" : 29.6535788876,
        "lon" : -82.3265456997,
        "time" : "20150211T183750-0500"
      }, {
        "lat" : 29.6532785027,
        "lon" : -82.3265218475,
        "time" : "20150211T183808-0500"
      }, {
        "lat" : 29.6530055387,
        "lon" : -82.326536002,
        "time" : "20150211T183828-0500"
      }, {
        "lat" : 29.6528554674,
        "lon" : -82.3264717853,
        "time" : "20150211T183846-0500"
      }, {
        "lat" : 29.6527472154,
        "lon" : -82.3262173574,
        "time" : "20150211T183906-0500"
      }, {
        "lat" : 29.6527595698,
        "lon" : -82.3259951728,
        "time" : "20150211T183922-0500"
      }, {
        "lat" : 29.6528361615,
        "lon" : -82.3256726447,
        "time" : "20150211T183948-0500"
      }, {
        "lat" : 29.652899671,
        "lon" : -82.3254289027,
        "time" : "20150211T184018-0500"
      }, {
        "lat" : 29.6528779595,
        "lon" : -82.3253660656,
        "time" : "20150211T184040-0500"
      }, {
        "lat" : 29.6527957836,
        "lon" : -82.3253244931,
        "time" : "20150211T184101-0500"
      }, {
        "lat" : 29.6527217504,
        "lon" : -82.3252957809,
        "time" : "20150211T184121-0500"
      }, {
        "lat" : 29.652639823,
        "lon" : -82.3252428444,
        "time" : "20150211T184142-0500"
      }, {
        "lat" : 29.6525146752,
        "lon" : -82.3250638236,
        "time" : "20150211T184202-0500"
      }, {
        "lat" : 29.6521973517,
        "lon" : -82.3245671516,
        "time" : "20150211T184218-0500"
      }, {
        "lat" : 29.6520185941,
        "lon" : -82.3242870266,
        "time" : "20150211T184239-0500"
      }, {
        "lat" : 29.6519552882,
        "lon" : -82.3242048224,
        "time" : "20150211T184300-0500"
      }, {
        "lat" : 29.6515912975,
        "lon" : -82.3240211997,
        "time" : "20150211T184321-0500"
      } ]
    } ],
    "lastUpdate" : "20150212T015702Z"
  }, {
    "type" : "place",
    "startTime" : "20150211T184321-0500",
    "endTime" : "20150211T190035-0500",
    "place" : {
      "id" : 195300018,
      "type" : "unknown",
      "location" : {
        "lat" : 29.6515912975,
        "lon" : -82.3240211997
      }
    },
    "activities" : [ {
      "activity" : "walking",
      "group" : "walking",
      "manual" : false,
      "startTime" : "20150211T184653-0500",
      "endTime" : "20150211T184752-0500",
      "duration" : 59.0,
      "distance" : 30.0,
      "steps" : 48,
      "trackPoints" : [ ]
    } ],
    "lastUpdate" : "20150212T015702Z"
  }, {
    "type" : "move",
    "startTime" : "20150211T190035-0500",
    "endTime" : "20150211T190646-0500",
    "activities" : [ {
      "activity" : "walking",
      "group" : "walking",
      "manual" : false,
      "startTime" : "20150211T190035-0500",
      "endTime" : "20150211T190646-0500",
      "duration" : 371.0,
      "distance" : 315.0,
      "steps" : 371,
      "trackPoints" : [ {
        "lat" : 29.6515912975,
        "lon" : -82.3240211997,
        "time" : "20150211T190035-0500"
      }, {
        "lat" : 29.6514005943,
        "lon" : -82.3241200465,
        "time" : "20150211T190052-0500"
      }, {
        "lat" : 29.6513862486,
        "lon" : -82.324135544,
        "time" : "20150211T190113-0500"
      }, {
        "lat" : 29.6513728312,
        "lon" : -82.3241516495,
        "time" : "20150211T190133-0500"
      }, {
        "lat" : 29.6513595989,
        "lon" : -82.3241699366,
        "time" : "20150211T190154-0500"
      }, {
        "lat" : 29.6513460139,
        "lon" : -82.3241922786,
        "time" : "20150211T190216-0500"
      }, {
        "lat" : 29.6513340477,
        "lon" : -82.3242171439,
        "time" : "20150211T190237-0500"
      }, {
        "lat" : 29.6513237467,
        "lon" : -82.3242447076,
        "time" : "20150211T190258-0500"
      }, {
        "lat" : 29.6513153653,
        "lon" : -82.3242725309,
        "time" : "20150211T190318-0500"
      }, {
        "lat" : 29.6513076038,
        "lon" : -82.3242852527,
        "time" : "20150211T190339-0500"
      }, {
        "lat" : 29.6512713802,
        "lon" : -82.3247522996,
        "time" : "20150211T190422-0500"
      }, {
        "lat" : 29.6512467559,
        "lon" : -82.3249650866,
        "time" : "20150211T190443-0500"
      }, {
        "lat" : 29.6512172842,
        "lon" : -82.325125835,
        "time" : "20150211T190503-0500"
      }, {
        "lat" : 29.6511772294,
        "lon" : -82.3252804967,
        "time" : "20150211T190523-0500"
      }, {
        "lat" : 29.6511236705,
        "lon" : -82.3254577392,
        "time" : "20150211T190544-0500"
      }, {
        "lat" : 29.6510727808,
        "lon" : -82.3256076251,
        "time" : "20150211T190604-0500"
      }, {
        "lat" : 29.6510605778,
        "lon" : -82.3257331527,
        "time" : "20150211T190624-0500"
      }, {
        "lat" : 29.6512900294,
        "lon" : -82.3269102103,
        "time" : "20150211T190646-0500"
      } ]
    } ],
    "lastUpdate" : "20150212T015702Z"
  }, {
    "type" : "place",
    "startTime" : "20150211T190646-0500",
    "endTime" : "20150211T204442-0500",
    "place" : {
      "id" : 195300019,
      "type" : "unknown",
      "location" : {
        "lat" : 29.6512900294,
        "lon" : -82.3269102103
      }
    },
    "activities" : [ {
      "activity" : "walking",
      "group" : "walking",
      "manual" : false,
      "startTime" : "20150211T190809-0500",
      "endTime" : "20150211T190822-0500",
      "duration" : 13.0,
      "distance" : 9.0,
      "steps" : 17,
      "trackPoints" : [ ]
    }, {
      "activity" : "walking",
      "group" : "walking",
      "manual" : false,
      "startTime" : "20150211T204118-0500",
      "endTime" : "20150211T204226-0500",
      "duration" : 68.0,
      "distance" : 36.0,
      "steps" : 72,
      "trackPoints" : [ ]
    } ],
    "lastUpdate" : "20150212T032824Z"
  }, {
    "type" : "move",
    "startTime" : "20150211T204442-0500",
    "endTime" : "20150211T210517-0500",
    "activities" : [ {
      "activity" : "walking",
      "group" : "walking",
      "manual" : false,
      "startTime" : "20150211T204442-0500",
      "endTime" : "20150211T210518-0500",
      "duration" : 1236.0,
      "distance" : 1298.0,
      "steps" : 1236,
      "trackPoints" : [ {
        "lat" : 29.6512900294,
        "lon" : -82.3269102103,
        "time" : "20150211T204442-0500"
      }, {
        "lat" : 29.6511118093,
        "lon" : -82.3253760365,
        "time" : "20150211T204503-0500"
      }, {
        "lat" : 29.6511846433,
        "lon" : -82.3251776273,
        "time" : "20150211T204523-0500"
      }, {
        "lat" : 29.6512822838,
        "lon" : -82.3250511587,
        "time" : "20150211T204540-0500"
      }, {
        "lat" : 29.6514388715,
        "lon" : -82.3249316802,
        "time" : "20150211T204559-0500"
      }, {
        "lat" : 29.6518894977,
        "lon" : -82.3248574144,
        "time" : "20150211T204650-0500"
      }, {
        "lat" : 29.651973437,
        "lon" : -82.3247838438,
        "time" : "20150211T204710-0500"
      }, {
        "lat" : 29.6520042988,
        "lon" : -82.3246662213,
        "time" : "20150211T204730-0500"
      }, {
        "lat" : 29.6520037844,
        "lon" : -82.3242466933,
        "time" : "20150211T204808-0500"
      }, {
        "lat" : 29.6519945849,
        "lon" : -82.3240956414,
        "time" : "20150211T204829-0500"
      }, {
        "lat" : 29.6519999839,
        "lon" : -82.3240311974,
        "time" : "20150211T204850-0500"
      }, {
        "lat" : 29.651999699,
        "lon" : -82.3240142572,
        "time" : "20150211T204910-0500"
      }, {
        "lat" : 29.6519995374,
        "lon" : -82.3240081514,
        "time" : "20150211T204931-0500"
      }, {
        "lat" : 29.6520434044,
        "lon" : -82.3240059043,
        "time" : "20150211T204952-0500"
      }, {
        "lat" : 29.6526434341,
        "lon" : -82.3239778616,
        "time" : "20150211T205053-0500"
      }, {
        "lat" : 29.652827534,
        "lon" : -82.3239775295,
        "time" : "20150211T205114-0500"
      }, {
        "lat" : 29.6529985988,
        "lon" : -82.323989462,
        "time" : "20150211T205135-0500"
      }, {
        "lat" : 29.6531626032,
        "lon" : -82.3240111343,
        "time" : "20150211T205156-0500"
      }, {
        "lat" : 29.6533595764,
        "lon" : -82.3240486783,
        "time" : "20150211T205217-0500"
      }, {
        "lat" : 29.6536101443,
        "lon" : -82.3241330086,
        "time" : "20150211T205237-0500"
      }, {
        "lat" : 29.6536616056,
        "lon" : -82.3241858745,
        "time" : "20150211T205302-0500"
      }, {
        "lat" : 29.6536617895,
        "lon" : -82.3241937048,
        "time" : "20150211T205323-0500"
      }, {
        "lat" : 29.6536780794,
        "lon" : -82.3242042825,
        "time" : "20150211T205343-0500"
      }, {
        "lat" : 29.653746383,
        "lon" : -82.3242260742,
        "time" : "20150211T205404-0500"
      }, {
        "lat" : 29.6540830995,
        "lon" : -82.3243272335,
        "time" : "20150211T205434-0500"
      }, {
        "lat" : 29.6543576474,
        "lon" : -82.3244607518,
        "time" : "20150211T205456-0500"
      }, {
        "lat" : 29.6546577007,
        "lon" : -82.3246962049,
        "time" : "20150211T205515-0500"
      }, {
        "lat" : 29.65484101,
        "lon" : -82.3248236587,
        "time" : "20150211T205536-0500"
      }, {
        "lat" : 29.654910817,
        "lon" : -82.3248519746,
        "time" : "20150211T205552-0500"
      }, {
        "lat" : 29.6549506918,
        "lon" : -82.3248586697,
        "time" : "20150211T205613-0500"
      }, {
        "lat" : 29.6549810009,
        "lon" : -82.3248591305,
        "time" : "20150211T205633-0500"
      }, {
        "lat" : 29.6550242012,
        "lon" : -82.3248375039,
        "time" : "20150211T205654-0500"
      }, {
        "lat" : 29.6551791526,
        "lon" : -82.3247335561,
        "time" : "20150211T205714-0500"
      }, {
        "lat" : 29.6558420533,
        "lon" : -82.3242691166,
        "time" : "20150211T205734-0500"
      }, {
        "lat" : 29.6560950468,
        "lon" : -82.3240445649,
        "time" : "20150211T205755-0500"
      }, {
        "lat" : 29.6562251596,
        "lon" : -82.3239398466,
        "time" : "20150211T205815-0500"
      }, {
        "lat" : 29.6563295544,
        "lon" : -82.3239160945,
        "time" : "20150211T205837-0500"
      }, {
        "lat" : 29.6564476724,
        "lon" : -82.3239257068,
        "time" : "20150211T205852-0500"
      }, {
        "lat" : 29.6567570946,
        "lon" : -82.3239676777,
        "time" : "20150211T205913-0500"
      }, {
        "lat" : 29.6569338023,
        "lon" : -82.3240396219,
        "time" : "20150211T205935-0500"
      }, {
        "lat" : 29.6569670386,
        "lon" : -82.3241694878,
        "time" : "20150211T205952-0500"
      }, {
        "lat" : 29.6569535195,
        "lon" : -82.3242905797,
        "time" : "20150211T205959-0500"
      }, {
        "lat" : 29.6569535022,
        "lon" : -82.3242907346,
        "time" : "20150211T210000-0500"
      }, {
        "lat" : 29.6569253151,
        "lon" : -82.324543207,
        "time" : "20150211T210016-0500"
      }, {
        "lat" : 29.6568938286,
        "lon" : -82.3248146197,
        "time" : "20150211T210034-0500"
      }, {
        "lat" : 29.6568611056,
        "lon" : -82.3251172401,
        "time" : "20150211T210058-0500"
      }, {
        "lat" : 29.6568341103,
        "lon" : -82.3253465143,
        "time" : "20150211T210119-0500"
      }, {
        "lat" : 29.6567988584,
        "lon" : -82.3256291336,
        "time" : "20150211T210142-0500"
      }, {
        "lat" : 29.6567751951,
        "lon" : -82.325873371,
        "time" : "20150211T210158-0500"
      }, {
        "lat" : 29.6567665065,
        "lon" : -82.3260520316,
        "time" : "20150211T210220-0500"
      }, {
        "lat" : 29.6566648113,
        "lon" : -82.3263309696,
        "time" : "20150211T210251-0500"
      }, {
        "lat" : 29.6566009774,
        "lon" : -82.3264939667,
        "time" : "20150211T210312-0500"
      }, {
        "lat" : 29.6565539377,
        "lon" : -82.3266150408,
        "time" : "20150211T210333-0500"
      }, {
        "lat" : 29.6565317502,
        "lon" : -82.3266852644,
        "time" : "20150211T210353-0500"
      }, {
        "lat" : 29.6565265446,
        "lon" : -82.326724572,
        "time" : "20150211T210413-0500"
      }, {
        "lat" : 29.6565264497,
        "lon" : -82.3267393769,
        "time" : "20150211T210433-0500"
      }, {
        "lat" : 29.6565279101,
        "lon" : -82.3267488749,
        "time" : "20150211T210453-0500"
      }, {
        "lat" : 29.6564969542,
        "lon" : -82.3267639009,
        "time" : "20150211T210517-0500"
      } ]
    } ],
    "lastUpdate" : "20150212T032824Z"
  }, {
    "type" : "place",
    "startTime" : "20150211T210517-0500",
    "endTime" : "20150212T164441-0500",
    "place" : {
      "id" : 193512500,
      "name" : "Home",
      "type" : "home",
      "location" : {
        "lat" : 29.6564969542,
        "lon" : -82.3267639009
      }
    },
    "activities" : [ {
      "activity" : "walking",
      "group" : "walking",
      "manual" : false,
      "startTime" : "20150211T210517-0500",
      "endTime" : "20150211T210526-0500",
      "duration" : 9.0,
      "distance" : 4.0,
      "steps" : 8,
      "trackPoints" : [ ]
    }, {
      "activity" : "walking",
      "group" : "walking",
      "manual" : false,
      "startTime" : "20150211T231233-0500",
      "endTime" : "20150211T231240-0500",
      "duration" : 7.0,
      "distance" : 5.0,
      "steps" : 9,
      "trackPoints" : [ ]
    } ],
    "lastUpdate" : "20150213T004210Z"
  } ],
  "lastUpdate" : "20150213T004210Z"
} ]