[ {
  "date" : "20150129",
  "summary" : [ {
    "activity" : "walking",
    "group" : "walking",
    "duration" : 2801.0,
    "distance" : 2441.0,
    "steps" : 3571
  }, {
    "activity" : "cycling",
    "group" : "cycling",
    "duration" : 2020.0,
    "distance" : 9394.0
  }, {
    "activity" : "transport",
    "group" : "transport",
    "duration" : 198.0,
    "distance" : 797.0
  } ],
  "segments" : [ {
    "type" : "place",
    "startTime" : "20150128T222443-0500",
    "endTime" : "20150129T125333-0500",
    "place" : {
      "id" : 191508619,
      "type" : "unknown",
      "location" : {
        "lat" : 29.6565354608,
        "lon" : -82.326775329
      }
    },
    "activities" : [ {
      "activity" : "walking",
      "group" : "walking",
      "manual" : false,
      "startTime" : "20150129T071942-0500",
      "endTime" : "20150129T072248-0500",
      "duration" : 186.0,
      "distance" : 150.0,
      "steps" : 200,
      "trackPoints" : [ ]
    }, {
      "activity" : "walking",
      "group" : "walking",
      "manual" : false,
      "startTime" : "20150129T125305-0500",
      "endTime" : "20150129T131043-0500",
      "duration" : 1058.0,
      "distance" : 808.0,
      "steps" : 1076,
      "trackPoints" : [ ]
    } ],
    "lastUpdate" : "20150129T195301Z"
  }, {
    "type" : "move",
    "startTime" : "20150129T125333-0500",
    "endTime" : "20150129T130704-0500",
    "activities" : [ {
      "activity" : "cycling",
      "group" : "cycling",
      "manual" : false,
      "startTime" : "20150129T125333-0500",
      "endTime" : "20150129T130705-0500",
      "duration" : 812.0,
      "distance" : 3724.0,
      "trackPoints" : [ {
        "lat" : 29.6565354608,
        "lon" : -82.326775329,
        "time" : "20150129T125333-0500"
      }, {
        "lat" : 29.6564748795,
        "lon" : -82.3268058324,
        "time" : "20150129T125353-0500"
      }, {
        "lat" : 29.6564624271,
        "lon" : -82.3268129551,
        "time" : "20150129T125412-0500"
      }, {
        "lat" : 29.6549865337,
        "lon" : -82.3285046362,
        "time" : "20150129T125510-0500"
      }, {
        "lat" : 29.6542113057,
        "lon" : -82.3293618615,
        "time" : "20150129T125549-0500"
      }, {
        "lat" : 29.6539787716,
        "lon" : -82.330112919,
        "time" : "20150129T125610-0500"
      }, {
        "lat" : 29.6534651178,
        "lon" : -82.3304714257,
        "time" : "20150129T125631-0500"
      }, {
        "lat" : 29.6524288962,
        "lon" : -82.3306854924,
        "time" : "20150129T125652-0500"
      }, {
        "lat" : 29.6521678553,
        "lon" : -82.3306990306,
        "time" : "20150129T125712-0500"
      }, {
        "lat" : 29.6520713946,
        "lon" : -82.3307090834,
        "time" : "20150129T125733-0500"
      }, {
        "lat" : 29.6519724463,
        "lon" : -82.3307587694,
        "time" : "20150129T125753-0500"
      }, {
        "lat" : 29.6503451311,
        "lon" : -82.3327535435,
        "time" : "20150129T125830-0500"
      }, {
        "lat" : 29.6501983116,
        "lon" : -82.3355881538,
        "time" : "20150129T125903-0500"
      }, {
        "lat" : 29.6501899872,
        "lon" : -82.3370912935,
        "time" : "20150129T125923-0500"
      }, {
        "lat" : 29.6502316427,
        "lon" : -82.3377889981,
        "time" : "20150129T125944-0500"
      }, {
        "lat" : 29.6502413211,
        "lon" : -82.337938271,
        "time" : "20150129T125959-0500"
      }, {
        "lat" : 29.6502413274,
        "lon" : -82.3379383693,
        "time" : "20150129T130000-0500"
      }, {
        "lat" : 29.6502443336,
        "lon" : -82.3379847337,
        "time" : "20150129T130004-0500"
      }, {
        "lat" : 29.6502469509,
        "lon" : -82.3380755104,
        "time" : "20150129T130022-0500"
      }, {
        "lat" : 29.6502357158,
        "lon" : -82.3381110516,
        "time" : "20150129T130042-0500"
      }, {
        "lat" : 29.6502320074,
        "lon" : -82.3381396196,
        "time" : "20150129T130103-0500"
      }, {
        "lat" : 29.6502287873,
        "lon" : -82.3381774352,
        "time" : "20150129T130123-0500"
      }, {
        "lat" : 29.6502218797,
        "lon" : -82.3382208241,
        "time" : "20150129T130144-0500"
      }, {
        "lat" : 29.6498524521,
        "lon" : -82.3404480674,
        "time" : "20150129T130210-0500"
      }, {
        "lat" : 29.649623553,
        "lon" : -82.3419455482,
        "time" : "20150129T130234-0500"
      }, {
        "lat" : 29.6492700822,
        "lon" : -82.3431137465,
        "time" : "20150129T130304-0500"
      }, {
        "lat" : 29.6467169755,
        "lon" : -82.3437616153,
        "time" : "20150129T130343-0500"
      }, {
        "lat" : 29.6449397243,
        "lon" : -82.3439834488,
        "time" : "20150129T130414-0500"
      }, {
        "lat" : 29.6444003055,
        "lon" : -82.3442694649,
        "time" : "20150129T130433-0500"
      }, {
        "lat" : 29.6423756869,
        "lon" : -82.3463082051,
        "time" : "20150129T130520-0500"
      }, {
        "lat" : 29.6401239601,
        "lon" : -82.3500331577,
        "time" : "20150129T130704-0500"
      } ]
    } ],
    "lastUpdate" : "20150129T195301Z"
  }, {
    "type" : "place",
    "startTime" : "20150129T130704-0500",
    "endTime" : "20150129T135854-0500",
    "place" : {
      "id" : 191770626,
      "type" : "unknown",
      "location" : {
        "lat" : 29.6401239601,
        "lon" : -82.3500331577
      }
    },
    "activities" : [ {
      "activity" : "walking",
      "group" : "walking",
      "manual" : false,
      "startTime" : "20150129T130746-0500",
      "endTime" : "20150129T131216-0500",
      "duration" : 270.0,
      "distance" : 327.0,
      "steps" : 437,
      "trackPoints" : [ ]
    } ],
    "lastUpdate" : "20150129T212409Z"
  }, {
    "type" : "move",
    "startTime" : "20150129T135854-0500",
    "endTime" : "20150129T140124-0500",
    "activities" : [ {
      "activity" : "cycling",
      "group" : "cycling",
      "manual" : false,
      "startTime" : "20150129T135854-0500",
      "endTime" : "20150129T140125-0500",
      "duration" : 151.0,
      "distance" : 684.0,
      "trackPoints" : [ {
        "lat" : 29.6401239601,
        "lon" : -82.3500331577,
        "time" : "20150129T135854-0500"
      }, {
        "lat" : 29.6397886972,
        "lon" : -82.3491216663,
        "time" : "20150129T135914-0500"
      }, {
        "lat" : 29.6397146723,
        "lon" : -82.3481592085,
        "time" : "20150129T135944-0500"
      }, {
        "lat" : 29.6398446373,
        "lon" : -82.3474044405,
        "time" : "20150129T135959-0500"
      }, {
        "lat" : 29.6398447207,
        "lon" : -82.3474039558,
        "time" : "20150129T140000-0500"
      }, {
        "lat" : 29.6398818059,
        "lon" : -82.3471885848,
        "time" : "20150129T140004-0500"
      }, {
        "lat" : 29.640226597,
        "lon" : -82.3468034282,
        "time" : "20150129T140019-0500"
      }, {
        "lat" : 29.6412149986,
        "lon" : -82.3453380634,
        "time" : "20150129T140102-0500"
      }, {
        "lat" : 29.6412653071,
        "lon" : -82.3444141007,
        "time" : "20150129T140124-0500"
      } ]
    } ],
    "lastUpdate" : "20150129T212409Z"
  }, {
    "type" : "place",
    "startTime" : "20150129T140124-0500",
    "endTime" : "20150129T140349-0500",
    "place" : {
      "id" : 192323596,
      "type" : "unknown",
      "location" : {
        "lat" : 29.6412653071,
        "lon" : -82.3444141007
      }
    },
    "lastUpdate" : "20150129T212409Z"
  }, {
    "type" : "move",
    "startTime" : "20150129T140349-0500",
    "endTime" : "20150129T141923-0500",
    "activities" : [ {
      "activity" : "cycling",
      "group" : "cycling",
      "manual" : false,
      "startTime" : "20150129T140349-0500",
      "endTime" : "20150129T140923-0500",
      "duration" : 334.0,
      "distance" : 1458.0,
      "trackPoints" : [ {
        "lat" : 29.6412653071,
        "lon" : -82.3444141007,
        "time" : "20150129T140349-0500"
      }, {
        "lat" : 29.641205129,
        "lon" : -82.3444167445,
        "time" : "20150129T140410-0500"
      }, {
        "lat" : 29.6411915879,
        "lon" : -82.3444443439,
        "time" : "20150129T140430-0500"
      }, {
        "lat" : 29.6409161096,
        "lon" : -82.3455009604,
        "time" : "20150129T140450-0500"
      }, {
        "lat" : 29.6403302144,
        "lon" : -82.3467877049,
        "time" : "20150129T140521-0500"
      }, {
        "lat" : 29.6397157415,
        "lon" : -82.3482580089,
        "time" : "20150129T140552-0500"
      }, {
        "lat" : 29.6395089674,
        "lon" : -82.3493462288,
        "time" : "20150129T140615-0500"
      }, {
        "lat" : 29.6389236188,
        "lon" : -82.3502499954,
        "time" : "20150129T140639-0500"
      }, {
        "lat" : 29.6378001526,
        "lon" : -82.3510099655,
        "time" : "20150129T140710-0500"
      }, {
        "lat" : 29.6370571397,
        "lon" : -82.3511886338,
        "time" : "20150129T140731-0500"
      }, {
        "lat" : 29.6367094754,
        "lon" : -82.351447949,
        "time" : "20150129T140752-0500"
      }, {
        "lat" : 29.6359009963,
        "lon" : -82.3528311836,
        "time" : "20150129T140834-0500"
      }, {
        "lat" : 29.6355143814,
        "lon" : -82.3537047951,
        "time" : "20150129T140906-0500"
      }, {
        "lat" : 29.6351798585,
        "lon" : -82.35474311,
        "time" : "20150129T140923-0500"
      } ]
    } ],
    "lastUpdate" : "20150129T212409Z"
  }, {
    "type" : "place",
    "startTime" : "20150129T141923-0500",
    "endTime" : "20150129T160607-0500",
    "place" : {
      "id" : 192323597,
      "type" : "unknown",
      "location" : {
        "lat" : 29.6375018345,
        "lon" : -82.3518371665
      }
    },
    "activities" : [ {
      "activity" : "walking",
      "group" : "walking",
      "manual" : false,
      "startTime" : "20150129T142354-0500",
      "endTime" : "20150129T142424-0500",
      "duration" : 30.0,
      "distance" : 25.0,
      "steps" : 51,
      "trackPoints" : [ ]
    }, {
      "activity" : "walking",
      "group" : "walking",
      "manual" : false,
      "startTime" : "20150129T150434-0500",
      "endTime" : "20150129T150634-0500",
      "duration" : 120.0,
      "distance" : 66.0,
      "steps" : 131,
      "trackPoints" : [ ]
    }, {
      "activity" : "walking",
      "group" : "walking",
      "manual" : false,
      "startTime" : "20150129T160102-0500",
      "endTime" : "20150129T160302-0500",
      "duration" : 120.0,
      "distance" : 81.0,
      "steps" : 162,
      "trackPoints" : [ ]
    } ],
    "lastUpdate" : "20150129T215354Z"
  }, {
    "type" : "move",
    "startTime" : "20150129T160607-0500",
    "endTime" : "20150129T161204-0500",
    "activities" : [ {
      "activity" : "transport",
      "group" : "transport",
      "manual" : false,
      "startTime" : "20150129T160607-0500",
      "endTime" : "20150129T160925-0500",
      "duration" : 198.0,
      "distance" : 797.0,
      "trackPoints" : [ {
        "lat" : 29.6375018345,
        "lon" : -82.3518371665,
        "time" : "20150129T160607-0500"
      }, {
        "lat" : 29.6386952786,
        "lon" : -82.3512427659,
        "time" : "20150129T160627-0500"
      }, {
        "lat" : 29.639595849,
        "lon" : -82.3492423725,
        "time" : "20150129T160647-0500"
      }, {
        "lat" : 29.6396293894,
        "lon" : -82.3474864987,
        "time" : "20150129T160718-0500"
      }, {
        "lat" : 29.6399189377,
        "lon" : -82.3469496935,
        "time" : "20150129T160743-0500"
      }, {
        "lat" : 29.6403502518,
        "lon" : -82.3470060172,
        "time" : "20150129T160815-0500"
      }, {
        "lat" : 29.6406952134,
        "lon" : -82.3466416978,
        "time" : "20150129T160926-0500"
      } ]
    }, {
      "activity" : "walking",
      "group" : "walking",
      "manual" : false,
      "startTime" : "20150129T160926-0500",
      "endTime" : "20150129T161204-0500",
      "duration" : 158.0,
      "distance" : 112.0,
      "steps" : 224,
      "trackPoints" : [ {
        "lat" : 29.6406952134,
        "lon" : -82.3466416978,
        "time" : "20150129T160926-0500"
      }, {
        "lat" : 29.6411416968,
        "lon" : -82.3460602061,
        "time" : "20150129T161204-0500"
      } ]
    } ],
    "lastUpdate" : "20150129T215354Z"
  }, {
    "type" : "place",
    "startTime" : "20150129T161204-0500",
    "endTime" : "20150129T202033-0500",
    "place" : {
      "id" : 192365686,
      "type" : "unknown",
      "location" : {
        "lat" : 29.641386103,
        "lon" : -82.3454001983
      }
    },
    "activities" : [ {
      "activity" : "walking",
      "group" : "walking",
      "manual" : false,
      "startTime" : "20150129T174851-0500",
      "endTime" : "20150129T175043-0500",
      "duration" : 112.0,
      "distance" : 70.0,
      "steps" : 140,
      "trackPoints" : [ ]
    }, {
      "activity" : "walking",
      "group" : "walking",
      "manual" : false,
      "startTime" : "20150129T182750-0500",
      "endTime" : "20150129T182850-0500",
      "duration" : 60.0,
      "distance" : 38.0,
      "steps" : 76,
      "trackPoints" : [ ]
    }, {
      "activity" : "walking",
      "group" : "walking",
      "manual" : false,
      "startTime" : "20150129T194859-0500",
      "endTime" : "20150129T194929-0500",
      "duration" : 30.0,
      "distance" : 31.0,
      "steps" : 61,
      "trackPoints" : [ ]
    }, {
      "activity" : "walking",
      "group" : "walking",
      "manual" : false,
      "startTime" : "20150129T201411-0500",
      "endTime" : "20150129T202308-0500",
      "duration" : 537.0,
      "distance" : 673.0,
      "steps" : 897,
      "trackPoints" : [ ]
    } ],
    "lastUpdate" : "20150130T032801Z"
  }, {
    "type" : "move",
    "startTime" : "20150129T202033-0500",
    "endTime" : "20150129T203236-0500",
    "activities" : [ {
      "activity" : "cycling",
      "group" : "cycling",
      "manual" : false,
      "startTime" : "20150129T202033-0500",
      "endTime" : "20150129T203236-0500",
      "duration" : 723.0,
      "distance" : 3528.0,
      "trackPoints" : [ {
        "lat" : 29.641386103,
        "lon" : -82.3454001983,
        "time" : "20150129T202033-0500"
      }, {
        "lat" : 29.6402876189,
        "lon" : -82.3424083859,
        "time" : "20150129T202104-0500"
      }, {
        "lat" : 29.6399253803,
        "lon" : -82.342178908,
        "time" : "20150129T202123-0500"
      }, {
        "lat" : 29.6398272913,
        "lon" : -82.342102882,
        "time" : "20150129T202144-0500"
      }, {
        "lat" : 29.6398139392,
        "lon" : -82.3420900457,
        "time" : "20150129T202205-0500"
      }, {
        "lat" : 29.6397999553,
        "lon" : -82.3420765542,
        "time" : "20150129T202225-0500"
      }, {
        "lat" : 29.6413285156,
        "lon" : -82.3394688107,
        "time" : "20150129T202311-0500"
      }, {
        "lat" : 29.6413491112,
        "lon" : -82.3392744257,
        "time" : "20150129T202331-0500"
      }, {
        "lat" : 29.6414424152,
        "lon" : -82.339059,
        "time" : "20150129T202351-0500"
      }, {
        "lat" : 29.6420104317,
        "lon" : -82.3380008426,
        "time" : "20150129T202411-0500"
      }, {
        "lat" : 29.642343758,
        "lon" : -82.3373211468,
        "time" : "20150129T202442-0500"
      }, {
        "lat" : 29.6431443981,
        "lon" : -82.3339924717,
        "time" : "20150129T202513-0500"
      }, {
        "lat" : 29.6432073799,
        "lon" : -82.3337239512,
        "time" : "20150129T202533-0500"
      }, {
        "lat" : 29.6435979782,
        "lon" : -82.3328182531,
        "time" : "20150129T202553-0500"
      }, {
        "lat" : 29.6474771698,
        "lon" : -82.3311510667,
        "time" : "20150129T202728-0500"
      }, {
        "lat" : 29.6479407569,
        "lon" : -82.3311021092,
        "time" : "20150129T202753-0500"
      }, {
        "lat" : 29.6481322357,
        "lon" : -82.331114348,
        "time" : "20150129T202813-0500"
      }, {
        "lat" : 29.6490655023,
        "lon" : -82.3309608512,
        "time" : "20150129T202833-0500"
      }, {
        "lat" : 29.6500427432,
        "lon" : -82.3300873469,
        "time" : "20150129T202904-0500"
      }, {
        "lat" : 29.6502453065,
        "lon" : -82.3294824847,
        "time" : "20150129T202925-0500"
      }, {
        "lat" : 29.6504462226,
        "lon" : -82.3280567004,
        "time" : "20150129T202945-0500"
      }, {
        "lat" : 29.6508830213,
        "lon" : -82.3272412594,
        "time" : "20150129T203005-0500"
      }, {
        "lat" : 29.6512309444,
        "lon" : -82.3269403502,
        "time" : "20150129T203025-0500"
      }, {
        "lat" : 29.6516832637,
        "lon" : -82.3268996776,
        "time" : "20150129T203045-0500"
      }, {
        "lat" : 29.6533930404,
        "lon" : -82.3268625069,
        "time" : "20150129T203103-0500"
      }, {
        "lat" : 29.6541805616,
        "lon" : -82.3268068385,
        "time" : "20150129T203123-0500"
      }, {
        "lat" : 29.6545075644,
        "lon" : -82.3267395593,
        "time" : "20150129T203143-0500"
      }, {
        "lat" : 29.6565354608,
        "lon" : -82.326775329,
        "time" : "20150129T203236-0500"
      } ]
    } ],
    "lastUpdate" : "20150130T032801Z"
  }, {
    "type" : "place",
    "startTime" : "20150129T203236-0500",
    "endTime" : "20150130T091715-0500",
    "place" : {
      "id" : 191508619,
      "type" : "unknown",
      "location" : {
        "lat" : 29.6565354608,
        "lon" : -82.326775329
      }
    },
    "activities" : [ {
      "activity" : "walking",
      "group" : "walking",
      "manual" : false,
      "startTime" : "20150129T203326-0500",
      "endTime" : "20150129T203356-0500",
      "duration" : 30.0,
      "distance" : 15.0,
      "steps" : 30,
      "trackPoints" : [ ]
    }, {
      "activity" : "walking",
      "group" : "walking",
      "manual" : false,
      "startTime" : "20150129T212916-0500",
      "endTime" : "20150129T213046-0500",
      "duration" : 90.0,
      "distance" : 45.0,
      "steps" : 86,
      "trackPoints" : [ ]
    } ],
    "lastUpdate" : "20150130T170701Z"
  } ],
  "lastUpdate" : "20150130T170701Z"
} ]