[ {
  "date" : "20150219",
  "summary" : [ {
    "activity" : "walking",
    "group" : "walking",
    "duration" : 1713.0,
    "distance" : 1574.0,
    "steps" : 2233
  }, {
    "activity" : "transport",
    "group" : "transport",
    "duration" : 13002.0,
    "distance" : 267204.0
  }, {
    "activity" : "cycling",
    "group" : "cycling",
    "duration" : 1235.0,
    "distance" : 7392.0
  } ],
  "segments" : [ {
    "type" : "place",
    "startTime" : "20150218T213934-0500",
    "endTime" : "20150219T092240-0500",
    "place" : {
      "id" : 193512500,
      "name" : "Home",
      "type" : "home",
      "location" : {
        "lat" : 29.6564969542,
        "lon" : -82.3267639009
      }
    },
    "activities" : [ {
      "activity" : "walking",
      "group" : "walking",
      "manual" : false,
      "startTime" : "20150219T090106-0500",
      "endTime" : "20150219T090403-0500",
      "duration" : 177.0,
      "distance" : 201.0,
      "steps" : 268,
      "trackPoints" : [ ]
    } ],
    "lastUpdate" : "20150219T170916Z"
  }, {
    "type" : "move",
    "startTime" : "20150219T092240-0500",
    "endTime" : "20150219T110318-0500",
    "activities" : [ {
      "activity" : "transport",
      "group" : "transport",
      "manual" : false,
      "startTime" : "20150219T092240-0500",
      "endTime" : "20150219T110319-0500",
      "duration" : 6039.0,
      "distance" : 140568.0,
      "trackPoints" : [ {
        "lat" : 29.6564969542,
        "lon" : -82.3267639009,
        "time" : "20150219T092240-0500"
      }, {
        "lat" : 29.6576665787,
        "lon" : -82.3273906502,
        "time" : "20150219T092308-0500"
      }, {
        "lat" : 29.6577795136,
        "lon" : -82.328263034,
        "time" : "20150219T092327-0500"
      }, {
        "lat" : 29.6578929896,
        "lon" : -82.329406312,
        "time" : "20150219T092404-0500"
      }, {
        "lat" : 29.6578972951,
        "lon" : -82.3296406171,
        "time" : "20150219T092427-0500"
      }, {
        "lat" : 29.6579531426,
        "lon" : -82.3296141526,
        "time" : "20150219T092506-0500"
      }, {
        "lat" : 29.6579610849,
        "lon" : -82.3295976602,
        "time" : "20150219T092524-0500"
      }, {
        "lat" : 29.6579630159,
        "lon" : -82.3295940259,
        "time" : "20150219T092546-0500"
      }, {
        "lat" : 29.6579670843,
        "lon" : -82.3295919068,
        "time" : "20150219T092608-0500"
      }, {
        "lat" : 29.6579734233,
        "lon" : -82.3295910436,
        "time" : "20150219T092631-0500"
      }, {
        "lat" : 29.6579817872,
        "lon" : -82.3295927428,
        "time" : "20150219T092654-0500"
      }, {
        "lat" : 29.6579909067,
        "lon" : -82.3295950449,
        "time" : "20150219T092716-0500"
      }, {
        "lat" : 29.6580020054,
        "lon" : -82.3295993017,
        "time" : "20150219T092738-0500"
      }, {
        "lat" : 29.658013148,
        "lon" : -82.3296052625,
        "time" : "20150219T092755-0500"
      }, {
        "lat" : 29.6580295536,
        "lon" : -82.3296164903,
        "time" : "20150219T092815-0500"
      }, {
        "lat" : 29.6580520529,
        "lon" : -82.3296351526,
        "time" : "20150219T092836-0500"
      }, {
        "lat" : 29.6580895022,
        "lon" : -82.3296636839,
        "time" : "20150219T092858-0500"
      }, {
        "lat" : 29.658168149,
        "lon" : -82.3296941106,
        "time" : "20150219T092918-0500"
      }, {
        "lat" : 29.659055139,
        "lon" : -82.3279563012,
        "time" : "20150219T092939-0500"
      }, {
        "lat" : 29.6591550805,
        "lon" : -82.325337619,
        "time" : "20150219T093017-0500"
      }, {
        "lat" : 29.6591173324,
        "lon" : -82.3243464008,
        "time" : "20150219T093042-0500"
      }, {
        "lat" : 29.6592279021,
        "lon" : -82.3222394808,
        "time" : "20150219T093057-0500"
      }, {
        "lat" : 29.6591868768,
        "lon" : -82.3193866513,
        "time" : "20150219T093117-0500"
      }, {
        "lat" : 29.6593276224,
        "lon" : -82.3175748506,
        "time" : "20150219T093138-0500"
      }, {
        "lat" : 29.6593343062,
        "lon" : -82.3166961696,
        "time" : "20150219T093157-0500"
      }, {
        "lat" : 29.6595231359,
        "lon" : -82.3073548336,
        "time" : "20150219T093240-0500"
      }, {
        "lat" : 29.6596725326,
        "lon" : -82.3069144918,
        "time" : "20150219T093258-0500"
      }, {
        "lat" : 29.672380342,
        "lon" : -82.297693434,
        "time" : "20150219T093444-0500"
      }, {
        "lat" : 29.6973443314,
        "lon" : -82.2807544647,
        "time" : "20150219T093813-0500"
      }, {
        "lat" : 29.7354683931,
        "lon" : -82.2419130694,
        "time" : "20150219T094148-0500"
      }, {
        "lat" : 29.7858690245,
        "lon" : -82.1730569145,
        "time" : "20150219T094653-0500"
      }, {
        "lat" : 29.7880635398,
        "lon" : -82.1705921892,
        "time" : "20150219T094715-0500"
      }, {
        "lat" : 29.7894931436,
        "lon" : -82.168651559,
        "time" : "20150219T094732-0500"
      }, {
        "lat" : 29.7910310186,
        "lon" : -82.1669058507,
        "time" : "20150219T094748-0500"
      }, {
        "lat" : 29.7931221516,
        "lon" : -82.1661740409,
        "time" : "20150219T094806-0500"
      }, {
        "lat" : 29.7948057713,
        "lon" : -82.1669468199,
        "time" : "20150219T094828-0500"
      }, {
        "lat" : 29.8159849807,
        "lon" : -82.1692010643,
        "time" : "20150219T095035-0500"
      }, {
        "lat" : 29.81600329,
        "lon" : -82.1692043898,
        "time" : "20150219T095056-0500"
      }, {
        "lat" : 29.8266321282,
        "lon" : -82.1675066699,
        "time" : "20150219T095146-0500"
      }, {
        "lat" : 29.8458609399,
        "lon" : -82.1584091677,
        "time" : "20150219T095315-0500"
      }, {
        "lat" : 29.8714088085,
        "lon" : -82.1522923201,
        "time" : "20150219T095512-0500"
      }, {
        "lat" : 29.8851189161,
        "lon" : -82.1457757424,
        "time" : "20150219T095615-0500"
      }, {
        "lat" : 29.8965792066,
        "lon" : -82.1385851112,
        "time" : "20150219T095707-0500"
      }, {
        "lat" : 29.9069526336,
        "lon" : -82.1339731861,
        "time" : "20150219T095801-0500"
      }, {
        "lat" : 29.9176628661,
        "lon" : -82.1305547164,
        "time" : "20150219T095848-0500"
      }, {
        "lat" : 29.9195732596,
        "lon" : -82.128854425,
        "time" : "20150219T095914-0500"
      }, {
        "lat" : 29.9213741765,
        "lon" : -82.1278849529,
        "time" : "20150219T095934-0500"
      }, {
        "lat" : 29.9261363137,
        "lon" : -82.1247048502,
        "time" : "20150219T095959-0500"
      }, {
        "lat" : 29.9261381565,
        "lon" : -82.1247036195,
        "time" : "20150219T100000-0500"
      }, {
        "lat" : 29.9325245914,
        "lon" : -82.1204388287,
        "time" : "20150219T100034-0500"
      }, {
        "lat" : 29.9415550948,
        "lon" : -82.1111612812,
        "time" : "20150219T100617-0500"
      }, {
        "lat" : 29.9429638701,
        "lon" : -82.1115543099,
        "time" : "20150219T100632-0500"
      }, {
        "lat" : 29.945229499,
        "lon" : -82.1113050031,
        "time" : "20150219T100657-0500"
      }, {
        "lat" : 29.9536953949,
        "lon" : -82.1077690266,
        "time" : "20150219T100747-0500"
      }, {
        "lat" : 29.9663094022,
        "lon" : -82.1039999753,
        "time" : "20150219T100912-0500"
      }, {
        "lat" : 29.9667032731,
        "lon" : -82.1035854288,
        "time" : "20150219T100932-0500"
      }, {
        "lat" : 29.9904324067,
        "lon" : -82.0954149443,
        "time" : "20150219T101126-0500"
      }, {
        "lat" : 30.0093497559,
        "lon" : -82.0898477776,
        "time" : "20150219T101241-0500"
      }, {
        "lat" : 30.0682764327,
        "lon" : -82.0655362119,
        "time" : "20150219T101720-0500"
      }, {
        "lat" : 30.2095069723,
        "lon" : -82.0122756713,
        "time" : "20150219T102745-0500"
      }, {
        "lat" : 30.2835727868,
        "lon" : -81.983488706,
        "time" : "20150219T103231-0500"
      }, {
        "lat" : 30.2838552736,
        "lon" : -81.9836107805,
        "time" : "20150219T103251-0500"
      }, {
        "lat" : 30.2838892993,
        "lon" : -81.983666898,
        "time" : "20150219T103312-0500"
      }, {
        "lat" : 30.2842348751,
        "lon" : -81.9842259713,
        "time" : "20150219T103343-0500"
      }, {
        "lat" : 30.2843158091,
        "lon" : -81.9843219659,
        "time" : "20150219T103404-0500"
      }, {
        "lat" : 30.2843853373,
        "lon" : -81.9843453332,
        "time" : "20150219T103424-0500"
      }, {
        "lat" : 30.2844340997,
        "lon" : -81.9843562213,
        "time" : "20150219T103447-0500"
      }, {
        "lat" : 30.2844626317,
        "lon" : -81.9843683852,
        "time" : "20150219T103507-0500"
      }, {
        "lat" : 30.2853959081,
        "lon" : -81.9843586157,
        "time" : "20150219T103529-0500"
      }, {
        "lat" : 30.2858620139,
        "lon" : -81.9844005264,
        "time" : "20150219T103550-0500"
      }, {
        "lat" : 30.3081734996,
        "lon" : -81.8529236695,
        "time" : "20150219T104207-0500"
      }, {
        "lat" : 30.3086056163,
        "lon" : -81.8452665312,
        "time" : "20150219T104227-0500"
      }, {
        "lat" : 30.308668514,
        "lon" : -81.8444142439,
        "time" : "20150219T104243-0500"
      }, {
        "lat" : 30.3131954559,
        "lon" : -81.790569759,
        "time" : "20150219T104519-0500"
      }, {
        "lat" : 30.3144321683,
        "lon" : -81.7810672812,
        "time" : "20150219T104554-0500"
      }, {
        "lat" : 30.3146076923,
        "lon" : -81.7777851346,
        "time" : "20150219T104615-0500"
      }, {
        "lat" : 30.3148660412,
        "lon" : -81.7629683297,
        "time" : "20150219T104655-0500"
      }, {
        "lat" : 30.3148325363,
        "lon" : -81.761576716,
        "time" : "20150219T104717-0500"
      }, {
        "lat" : 30.3143877806,
        "lon" : -81.7529615867,
        "time" : "20150219T104738-0500"
      }, {
        "lat" : 30.3202832717,
        "lon" : -81.711445026,
        "time" : "20150219T105017-0500"
      }, {
        "lat" : 30.3203129363,
        "lon" : -81.7033544429,
        "time" : "20150219T105038-0500"
      }, {
        "lat" : 30.3202857342,
        "lon" : -81.7021720907,
        "time" : "20150219T105059-0500"
      }, {
        "lat" : 30.3187599114,
        "lon" : -81.6820301645,
        "time" : "20150219T105210-0500"
      }, {
        "lat" : 30.3147775848,
        "lon" : -81.654814817,
        "time" : "20150219T105413-0500"
      }, {
        "lat" : 30.3040295864,
        "lon" : -81.644662076,
        "time" : "20150219T105514-0500"
      }, {
        "lat" : 30.2877069029,
        "lon" : -81.6271043833,
        "time" : "20150219T105648-0500"
      }, {
        "lat" : 30.2652598539,
        "lon" : -81.6113489898,
        "time" : "20150219T105959-0500"
      }, {
        "lat" : 30.2652576149,
        "lon" : -81.6113343959,
        "time" : "20150219T105959-0500"
      }, {
        "lat" : 30.2652574538,
        "lon" : -81.611333346,
        "time" : "20150219T110000-0500"
      }, {
        "lat" : 30.2645432761,
        "lon" : -81.6066784125,
        "time" : "20150219T110044-0500"
      }, {
        "lat" : 30.2588349556,
        "lon" : -81.602337023,
        "time" : "20150219T110207-0500"
      }, {
        "lat" : 30.2574715356,
        "lon" : -81.589977203,
        "time" : "20150219T110318-0500"
      } ]
    } ],
    "lastUpdate" : "20150219T170916Z"
  }, {
    "type" : "place",
    "startTime" : "20150219T110318-0500",
    "endTime" : "20150219T125132-0500",
    "place" : {
      "id" : 197240158,
      "type" : "unknown",
      "location" : {
        "lat" : 30.2574715356,
        "lon" : -81.589977203
      }
    },
    "activities" : [ {
      "activity" : "walking",
      "group" : "walking",
      "manual" : false,
      "startTime" : "20150219T111105-0500",
      "endTime" : "20150219T111135-0500",
      "duration" : 30.0,
      "distance" : 25.0,
      "steps" : 51,
      "trackPoints" : [ ]
    }, {
      "activity" : "walking",
      "group" : "walking",
      "manual" : false,
      "startTime" : "20150219T120600-0500",
      "endTime" : "20150219T121121-0500",
      "duration" : 321.0,
      "distance" : 241.0,
      "steps" : 286,
      "trackPoints" : [ ]
    } ],
    "lastUpdate" : "20150219T214232Z"
  }, {
    "type" : "move",
    "startTime" : "20150219T125132-0500",
    "endTime" : "20150219T130424-0500",
    "activities" : [ {
      "activity" : "transport",
      "group" : "transport",
      "manual" : false,
      "startTime" : "20150219T125132-0500",
      "endTime" : "20150219T130425-0500",
      "duration" : 773.0,
      "distance" : 6048.0,
      "trackPoints" : [ {
        "lat" : 30.2574715356,
        "lon" : -81.589977203,
        "time" : "20150219T125132-0500"
      }, {
        "lat" : 30.2585361168,
        "lon" : -81.5902939373,
        "time" : "20150219T125232-0500"
      }, {
        "lat" : 30.2586136641,
        "lon" : -81.5902296919,
        "time" : "20150219T125248-0500"
      }, {
        "lat" : 30.2586136641,
        "lon" : -81.5902296919,
        "time" : "20150219T125317-0500"
      }, {
        "lat" : 30.2579923971,
        "lon" : -81.5904638725,
        "time" : "20150219T125429-0500"
      }, {
        "lat" : 30.2577747588,
        "lon" : -81.5904397814,
        "time" : "20150219T125451-0500"
      }, {
        "lat" : 30.2552598044,
        "lon" : -81.5899182472,
        "time" : "20150219T125513-0500"
      }, {
        "lat" : 30.2543414053,
        "lon" : -81.5883949992,
        "time" : "20150219T125536-0500"
      }, {
        "lat" : 30.2511867958,
        "lon" : -81.5892728744,
        "time" : "20150219T125605-0500"
      }, {
        "lat" : 30.2468613542,
        "lon" : -81.5971924404,
        "time" : "20150219T125709-0500"
      }, {
        "lat" : 30.2444518224,
        "lon" : -81.5936072462,
        "time" : "20150219T125801-0500"
      }, {
        "lat" : 30.2413695968,
        "lon" : -81.5940138786,
        "time" : "20150219T125832-0500"
      }, {
        "lat" : 30.2381389373,
        "lon" : -81.5935729545,
        "time" : "20150219T125854-0500"
      }, {
        "lat" : 30.233907947,
        "lon" : -81.5918019926,
        "time" : "20150219T125959-0500"
      }, {
        "lat" : 30.2339072984,
        "lon" : -81.5918017211,
        "time" : "20150219T130000-0500"
      }, {
        "lat" : 30.223365951,
        "lon" : -81.5873894385,
        "time" : "20150219T130242-0500"
      }, {
        "lat" : 30.2211342038,
        "lon" : -81.5863927934,
        "time" : "20150219T130321-0500"
      }, {
        "lat" : 30.2210551739,
        "lon" : -81.5862946123,
        "time" : "20150219T130342-0500"
      }, {
        "lat" : 30.2210314289,
        "lon" : -81.5862705647,
        "time" : "20150219T130403-0500"
      }, {
        "lat" : 30.2196736991,
        "lon" : -81.5858445254,
        "time" : "20150219T130424-0500"
      } ]
    } ],
    "lastUpdate" : "20150219T214232Z"
  }, {
    "type" : "place",
    "startTime" : "20150219T130424-0500",
    "endTime" : "20150219T134412-0500",
    "place" : {
      "id" : 197291753,
      "type" : "unknown",
      "location" : {
        "lat" : 30.2196736991,
        "lon" : -81.5858445254
      }
    },
    "activities" : [ {
      "activity" : "walking",
      "group" : "walking",
      "manual" : false,
      "startTime" : "20150219T130530-0500",
      "endTime" : "20150219T130700-0500",
      "duration" : 90.0,
      "distance" : 66.0,
      "steps" : 132,
      "trackPoints" : [ ]
    } ],
    "lastUpdate" : "20150219T214232Z"
  }, {
    "type" : "move",
    "startTime" : "20150219T134412-0500",
    "endTime" : "20150219T152609-0500",
    "activities" : [ {
      "activity" : "transport",
      "group" : "transport",
      "manual" : false,
      "startTime" : "20150219T134412-0500",
      "endTime" : "20150219T152609-0500",
      "duration" : 6117.0,
      "distance" : 120068.0,
      "trackPoints" : [ {
        "lat" : 30.2196736991,
        "lon" : -81.5858445254,
        "time" : "20150219T134412-0500"
      }, {
        "lat" : 30.2208213372,
        "lon" : -81.5875926065,
        "time" : "20150219T134505-0500"
      }, {
        "lat" : 30.2208747464,
        "lon" : -81.5881560056,
        "time" : "20150219T134525-0500"
      }, {
        "lat" : 30.220984198,
        "lon" : -81.5991920843,
        "time" : "20150219T134626-0500"
      }, {
        "lat" : 30.2204637875,
        "lon" : -81.6014375532,
        "time" : "20150219T134702-0500"
      }, {
        "lat" : 30.2178708043,
        "lon" : -81.6163556959,
        "time" : "20150219T134825-0500"
      }, {
        "lat" : 30.2180892694,
        "lon" : -81.6166630379,
        "time" : "20150219T134846-0500"
      }, {
        "lat" : 30.2180882355,
        "lon" : -81.6167500772,
        "time" : "20150219T134904-0500"
      }, {
        "lat" : 30.2181858603,
        "lon" : -81.6167951016,
        "time" : "20150219T134926-0500"
      }, {
        "lat" : 30.2117075922,
        "lon" : -81.6176073904,
        "time" : "20150219T135023-0500"
      }, {
        "lat" : 30.2060958088,
        "lon" : -81.6168391528,
        "time" : "20150219T135104-0500"
      }, {
        "lat" : 30.2060550647,
        "lon" : -81.6168999402,
        "time" : "20150219T135126-0500"
      }, {
        "lat" : 30.2060503128,
        "lon" : -81.6169045667,
        "time" : "20150219T135147-0500"
      }, {
        "lat" : 30.2060481845,
        "lon" : -81.616906081,
        "time" : "20150219T135208-0500"
      }, {
        "lat" : 30.2002145536,
        "lon" : -81.6197593376,
        "time" : "20150219T135250-0500"
      }, {
        "lat" : 30.1952251586,
        "lon" : -81.6221506268,
        "time" : "20150219T135324-0500"
      }, {
        "lat" : 30.1904923697,
        "lon" : -81.6274565619,
        "time" : "20150219T135407-0500"
      }, {
        "lat" : 30.1851622758,
        "lon" : -81.6832256165,
        "time" : "20150219T135959-0500"
      }, {
        "lat" : 30.1851621247,
        "lon" : -81.6832271968,
        "time" : "20150219T140000-0500"
      }, {
        "lat" : 30.1797306126,
        "lon" : -81.7400573949,
        "time" : "20150219T140559-0500"
      }, {
        "lat" : 30.1790761415,
        "lon" : -81.740550429,
        "time" : "20150219T140625-0500"
      }, {
        "lat" : 30.1784015226,
        "lon" : -81.7419044235,
        "time" : "20150219T140651-0500"
      }, {
        "lat" : 30.1765154655,
        "lon" : -81.743833073,
        "time" : "20150219T140707-0500"
      }, {
        "lat" : 30.1687190015,
        "lon" : -81.7475514202,
        "time" : "20150219T140829-0500"
      }, {
        "lat" : 30.1663027538,
        "lon" : -81.7473766134,
        "time" : "20150219T140851-0500"
      }, {
        "lat" : 30.1631251415,
        "lon" : -81.7476980289,
        "time" : "20150219T140923-0500"
      }, {
        "lat" : 30.1557385544,
        "lon" : -81.7477188783,
        "time" : "20150219T141044-0500"
      }, {
        "lat" : 30.1554004872,
        "lon" : -81.7475691809,
        "time" : "20150219T141110-0500"
      }, {
        "lat" : 30.1510239885,
        "lon" : -81.7510855709,
        "time" : "20150219T141213-0500"
      }, {
        "lat" : 30.149697702,
        "lon" : -81.7555391146,
        "time" : "20150219T141308-0500"
      }, {
        "lat" : 30.1457241575,
        "lon" : -81.7608573614,
        "time" : "20150219T141339-0500"
      }, {
        "lat" : 30.1444114437,
        "lon" : -81.7635067643,
        "time" : "20150219T141416-0500"
      }, {
        "lat" : 30.1436930141,
        "lon" : -81.7644985191,
        "time" : "20150219T141442-0500"
      }, {
        "lat" : 30.1406954123,
        "lon" : -81.7697336027,
        "time" : "20150219T141547-0500"
      }, {
        "lat" : 30.1299028256,
        "lon" : -81.7876608849,
        "time" : "20150219T141741-0500"
      }, {
        "lat" : 30.129133374,
        "lon" : -81.7896656505,
        "time" : "20150219T141813-0500"
      }, {
        "lat" : 30.1231406283,
        "lon" : -81.7987319805,
        "time" : "20150219T141907-0500"
      }, {
        "lat" : 30.117546934,
        "lon" : -81.8058298025,
        "time" : "20150219T141938-0500"
      }, {
        "lat" : 30.1141737037,
        "lon" : -81.811887946,
        "time" : "20150219T142000-0500"
      }, {
        "lat" : 30.1140435977,
        "lon" : -81.8123987302,
        "time" : "20150219T142052-0500"
      }, {
        "lat" : 30.1139951749,
        "lon" : -81.8126442544,
        "time" : "20150219T142118-0500"
      }, {
        "lat" : 30.1127346703,
        "lon" : -81.8160292121,
        "time" : "20150219T142136-0500"
      }, {
        "lat" : 30.1093327196,
        "lon" : -81.8223888674,
        "time" : "20150219T142219-0500"
      }, {
        "lat" : 30.1092949816,
        "lon" : -81.8224499901,
        "time" : "20150219T142242-0500"
      }, {
        "lat" : 30.0902896316,
        "lon" : -81.852482728,
        "time" : "20150219T142504-0500"
      }, {
        "lat" : 30.0893968996,
        "lon" : -81.8538913176,
        "time" : "20150219T142521-0500"
      }, {
        "lat" : 30.0850730301,
        "lon" : -81.8596682814,
        "time" : "20150219T142613-0500"
      }, {
        "lat" : 30.0763625342,
        "lon" : -81.8633128933,
        "time" : "20150219T142706-0500"
      }, {
        "lat" : 30.0689668334,
        "lon" : -81.8664311343,
        "time" : "20150219T142808-0500"
      }, {
        "lat" : 30.0684021408,
        "lon" : -81.866573699,
        "time" : "20150219T142837-0500"
      }, {
        "lat" : 30.0683565996,
        "lon" : -81.8666731432,
        "time" : "20150219T142852-0500"
      }, {
        "lat" : 30.0683125084,
        "lon" : -81.8672031,
        "time" : "20150219T142912-0500"
      }, {
        "lat" : 30.0626231739,
        "lon" : -81.8751750167,
        "time" : "20150219T143128-0500"
      }, {
        "lat" : 30.0600893555,
        "lon" : -81.8784035473,
        "time" : "20150219T143150-0500"
      }, {
        "lat" : 30.0565610387,
        "lon" : -81.8818723025,
        "time" : "20150219T143212-0500"
      }, {
        "lat" : 30.037817499,
        "lon" : -81.8977524274,
        "time" : "20150219T143417-0500"
      }, {
        "lat" : 30.0265283005,
        "lon" : -81.9120695496,
        "time" : "20150219T143522-0500"
      }, {
        "lat" : 30.0229819728,
        "lon" : -81.91749929,
        "time" : "20150219T143543-0500"
      }, {
        "lat" : 30.0138123862,
        "lon" : -81.9279764112,
        "time" : "20150219T143645-0500"
      }, {
        "lat" : 29.9884424664,
        "lon" : -81.9616781968,
        "time" : "20150219T143917-0500"
      }, {
        "lat" : 29.9796136071,
        "lon" : -82.015092809,
        "time" : "20150219T144249-0500"
      }, {
        "lat" : 29.9558356333,
        "lon" : -82.0598191066,
        "time" : "20150219T144646-0500"
      }, {
        "lat" : 29.9539430954,
        "lon" : -82.072468837,
        "time" : "20150219T144729-0500"
      }, {
        "lat" : 29.95192915,
        "lon" : -82.079414776,
        "time" : "20150219T144749-0500"
      }, {
        "lat" : 29.9527334341,
        "lon" : -82.0860724074,
        "time" : "20150219T144822-0500"
      }, {
        "lat" : 29.9500926613,
        "lon" : -82.0981200142,
        "time" : "20150219T144842-0500"
      }, {
        "lat" : 29.9505624352,
        "lon" : -82.098114315,
        "time" : "20150219T144903-0500"
      }, {
        "lat" : 29.9503373294,
        "lon" : -82.1055048127,
        "time" : "20150219T144949-0500"
      }, {
        "lat" : 29.9502665405,
        "lon" : -82.1062937804,
        "time" : "20150219T145021-0500"
      }, {
        "lat" : 29.9511314823,
        "lon" : -82.108740656,
        "time" : "20150219T145043-0500"
      }, {
        "lat" : 29.9511466897,
        "lon" : -82.1087458399,
        "time" : "20150219T145104-0500"
      }, {
        "lat" : 29.9485953885,
        "lon" : -82.1099769445,
        "time" : "20150219T145136-0500"
      }, {
        "lat" : 29.9454372967,
        "lon" : -82.1112291616,
        "time" : "20150219T145158-0500"
      }, {
        "lat" : 29.9448708633,
        "lon" : -82.1113102396,
        "time" : "20150219T145219-0500"
      }, {
        "lat" : 29.9446218531,
        "lon" : -82.1113789941,
        "time" : "20150219T145242-0500"
      }, {
        "lat" : 29.9433556729,
        "lon" : -82.1119593579,
        "time" : "20150219T145309-0500"
      }, {
        "lat" : 29.937817743,
        "lon" : -82.1121448027,
        "time" : "20150219T145351-0500"
      }, {
        "lat" : 29.9377544121,
        "lon" : -82.112242352,
        "time" : "20150219T145410-0500"
      }, {
        "lat" : 29.9341480913,
        "lon" : -82.1152427669,
        "time" : "20150219T145441-0500"
      }, {
        "lat" : 29.9213659058,
        "lon" : -82.1278354777,
        "time" : "20150219T145559-0500"
      }, {
        "lat" : 29.9200759411,
        "lon" : -82.1288071162,
        "time" : "20150219T145630-0500"
      }, {
        "lat" : 29.9191765951,
        "lon" : -82.1290124109,
        "time" : "20150219T145650-0500"
      }, {
        "lat" : 29.9188110249,
        "lon" : -82.1291588999,
        "time" : "20150219T145711-0500"
      }, {
        "lat" : 29.8869178077,
        "lon" : -82.1441200405,
        "time" : "20150219T145904-0500"
      }, {
        "lat" : 29.884019297,
        "lon" : -82.1476476474,
        "time" : "20150219T145921-0500"
      }, {
        "lat" : 29.8760714375,
        "lon" : -82.1500731664,
        "time" : "20150219T145959-0500"
      }, {
        "lat" : 29.8760693904,
        "lon" : -82.1500737912,
        "time" : "20150219T150000-0500"
      }, {
        "lat" : 29.8646292958,
        "lon" : -82.1535650667,
        "time" : "20150219T150055-0500"
      }, {
        "lat" : 29.7988129732,
        "lon" : -82.1675017916,
        "time" : "20150219T150620-0500"
      }, {
        "lat" : 29.7906053224,
        "lon" : -82.1683030378,
        "time" : "20150219T150729-0500"
      }, {
        "lat" : 29.7889707787,
        "lon" : -82.1696870557,
        "time" : "20150219T150758-0500"
      }, {
        "lat" : 29.786458854,
        "lon" : -82.1723326361,
        "time" : "20150219T150824-0500"
      }, {
        "lat" : 29.7683385655,
        "lon" : -82.1971666464,
        "time" : "20150219T150955-0500"
      }, {
        "lat" : 29.6955735056,
        "lon" : -82.2822400269,
        "time" : "20150219T151651-0500"
      }, {
        "lat" : 29.6928560768,
        "lon" : -82.2840417203,
        "time" : "20150219T151711-0500"
      }, {
        "lat" : 29.6808474252,
        "lon" : -82.292599278,
        "time" : "20150219T151940-0500"
      }, {
        "lat" : 29.6712873337,
        "lon" : -82.2986095325,
        "time" : "20150219T152032-0500"
      }, {
        "lat" : 29.670062242,
        "lon" : -82.2999010791,
        "time" : "20150219T152104-0500"
      }, {
        "lat" : 29.6591225439,
        "lon" : -82.3205848066,
        "time" : "20150219T152403-0500"
      }, {
        "lat" : 29.6591275963,
        "lon" : -82.3253620492,
        "time" : "20150219T152457-0500"
      }, {
        "lat" : 29.6572113527,
        "lon" : -82.325471616,
        "time" : "20150219T152521-0500"
      }, {
        "lat" : 29.6564969542,
        "lon" : -82.3267639009,
        "time" : "20150219T152609-0500"
      } ]
    } ],
    "lastUpdate" : "20150219T214232Z"
  }, {
    "type" : "place",
    "startTime" : "20150219T152609-0500",
    "endTime" : "20150219T174713-0500",
    "place" : {
      "id" : 193512500,
      "name" : "Home",
      "type" : "home",
      "location" : {
        "lat" : 29.6564969542,
        "lon" : -82.3267639009
      }
    },
    "activities" : [ {
      "activity" : "walking",
      "group" : "walking",
      "manual" : false,
      "startTime" : "20150219T152609-0500",
      "endTime" : "20150219T152733-0500",
      "duration" : 84.0,
      "distance" : 57.0,
      "steps" : 114,
      "trackPoints" : [ ]
    }, {
      "activity" : "walking",
      "group" : "walking",
      "manual" : false,
      "startTime" : "20150219T172610-0500",
      "endTime" : "20150219T173043-0500",
      "duration" : 273.0,
      "distance" : 233.0,
      "steps" : 311,
      "trackPoints" : [ ]
    } ],
    "lastUpdate" : "20150220T004453Z"
  }, {
    "type" : "move",
    "startTime" : "20150219T174713-0500",
    "endTime" : "20150219T175552-0500",
    "activities" : [ {
      "activity" : "cycling",
      "group" : "cycling",
      "manual" : false,
      "startTime" : "20150219T174713-0500",
      "endTime" : "20150219T175552-0500",
      "duration" : 519.0,
      "distance" : 3199.0,
      "trackPoints" : [ {
        "lat" : 29.6564969542,
        "lon" : -82.3267639009,
        "time" : "20150219T174713-0500"
      }, {
        "lat" : 29.6552183921,
        "lon" : -82.3272605989,
        "time" : "20150219T174742-0500"
      }, {
        "lat" : 29.6539992628,
        "lon" : -82.327886493,
        "time" : "20150219T174807-0500"
      }, {
        "lat" : 29.653443595,
        "lon" : -82.3281697258,
        "time" : "20150219T174827-0500"
      }, {
        "lat" : 29.6512543241,
        "lon" : -82.329365847,
        "time" : "20150219T174910-0500"
      }, {
        "lat" : 29.650584732,
        "lon" : -82.3303433654,
        "time" : "20150219T174932-0500"
      }, {
        "lat" : 29.6503345753,
        "lon" : -82.3310490472,
        "time" : "20150219T174951-0500"
      }, {
        "lat" : 29.6502342546,
        "lon" : -82.3330452468,
        "time" : "20150219T175014-0500"
      }, {
        "lat" : 29.6503269489,
        "lon" : -82.3346774841,
        "time" : "20150219T175032-0500"
      }, {
        "lat" : 29.6503815155,
        "lon" : -82.3367056135,
        "time" : "20150219T175059-0500"
      }, {
        "lat" : 29.6504390875,
        "lon" : -82.33778886,
        "time" : "20150219T175115-0500"
      }, {
        "lat" : 29.6503417423,
        "lon" : -82.3390428795,
        "time" : "20150219T175139-0500"
      }, {
        "lat" : 29.650294669,
        "lon" : -82.3391924206,
        "time" : "20150219T175154-0500"
      }, {
        "lat" : 29.6503436003,
        "lon" : -82.3392179355,
        "time" : "20150219T175224-0500"
      }, {
        "lat" : 29.6504257792,
        "lon" : -82.3395224303,
        "time" : "20150219T175243-0500"
      }, {
        "lat" : 29.6499788711,
        "lon" : -82.3410067138,
        "time" : "20150219T175313-0500"
      }, {
        "lat" : 29.6492792897,
        "lon" : -82.3433538001,
        "time" : "20150219T175353-0500"
      }, {
        "lat" : 29.6481474771,
        "lon" : -82.3437871903,
        "time" : "20150219T175418-0500"
      }, {
        "lat" : 29.6443938409,
        "lon" : -82.3439235781,
        "time" : "20150219T175507-0500"
      }, {
        "lat" : 29.643960587,
        "lon" : -82.3438665635,
        "time" : "20150219T175527-0500"
      }, {
        "lat" : 29.641591782,
        "lon" : -82.3448683504,
        "time" : "20150219T175552-0500"
      } ]
    } ],
    "lastUpdate" : "20150220T004453Z"
  }, {
    "type" : "place",
    "startTime" : "20150219T175552-0500",
    "endTime" : "20150219T201216-0500",
    "place" : {
      "id" : 192487158,
      "type" : "unknown",
      "location" : {
        "lat" : 29.641591782,
        "lon" : -82.3448683504
      }
    },
    "activities" : [ {
      "activity" : "walking",
      "group" : "walking",
      "manual" : false,
      "startTime" : "20150219T175635-0500",
      "endTime" : "20150219T175904-0500",
      "duration" : 149.0,
      "distance" : 144.0,
      "steps" : 191,
      "trackPoints" : [ ]
    }, {
      "activity" : "walking",
      "group" : "walking",
      "manual" : false,
      "startTime" : "20150219T200622-0500",
      "endTime" : "20150219T201126-0500",
      "duration" : 304.0,
      "distance" : 303.0,
      "steps" : 405,
      "trackPoints" : [ ]
    } ],
    "lastUpdate" : "20150220T021518Z"
  }, {
    "type" : "move",
    "startTime" : "20150219T201216-0500",
    "endTime" : "20150219T202413-0500",
    "activities" : [ {
      "activity" : "cycling",
      "group" : "cycling",
      "manual" : false,
      "startTime" : "20150219T201216-0500",
      "endTime" : "20150219T202412-0500",
      "duration" : 716.0,
      "distance" : 4193.0,
      "trackPoints" : [ {
        "lat" : 29.641591782,
        "lon" : -82.3448683504,
        "time" : "20150219T201216-0500"
      }, {
        "lat" : 29.6414115702,
        "lon" : -82.3445497259,
        "time" : "20150219T201237-0500"
      }, {
        "lat" : 29.6414276212,
        "lon" : -82.3445218173,
        "time" : "20150219T201258-0500"
      }, {
        "lat" : 29.6415259017,
        "lon" : -82.3444671189,
        "time" : "20150219T201317-0500"
      }, {
        "lat" : 29.6436143139,
        "lon" : -82.3437399569,
        "time" : "20150219T201348-0500"
      }, {
        "lat" : 29.6435948859,
        "lon" : -82.343712056,
        "time" : "20150219T201408-0500"
      }, {
        "lat" : 29.6444127384,
        "lon" : -82.3442598605,
        "time" : "20150219T201439-0500"
      }, {
        "lat" : 29.6452591395,
        "lon" : -82.3450147047,
        "time" : "20150219T201510-0500"
      }, {
        "lat" : 29.6468704921,
        "lon" : -82.3439686453,
        "time" : "20150219T201541-0500"
      }, {
        "lat" : 29.6488419619,
        "lon" : -82.3434079903,
        "time" : "20150219T201611-0500"
      }, {
        "lat" : 29.6492731714,
        "lon" : -82.3430527316,
        "time" : "20150219T201631-0500"
      }, {
        "lat" : 29.6493603208,
        "lon" : -82.3428629649,
        "time" : "20150219T201651-0500"
      }, {
        "lat" : 29.6498031519,
        "lon" : -82.3410193754,
        "time" : "20150219T201711-0500"
      }, {
        "lat" : 29.6499626855,
        "lon" : -82.3403314163,
        "time" : "20150219T201732-0500"
      }, {
        "lat" : 29.6500995984,
        "lon" : -82.3396582589,
        "time" : "20150219T201755-0500"
      }, {
        "lat" : 29.6502160018,
        "lon" : -82.339186642,
        "time" : "20150219T201819-0500"
      }, {
        "lat" : 29.6502509038,
        "lon" : -82.3389219111,
        "time" : "20150219T201840-0500"
      }, {
        "lat" : 29.6502588214,
        "lon" : -82.3384000854,
        "time" : "20150219T201900-0500"
      }, {
        "lat" : 29.6502677707,
        "lon" : -82.3369963617,
        "time" : "20150219T201920-0500"
      }, {
        "lat" : 29.6504070776,
        "lon" : -82.3340618837,
        "time" : "20150219T201951-0500"
      }, {
        "lat" : 29.6504572523,
        "lon" : -82.3327888721,
        "time" : "20150219T202010-0500"
      }, {
        "lat" : 29.6502940306,
        "lon" : -82.3276424483,
        "time" : "20150219T202044-0500"
      }, {
        "lat" : 29.6501854567,
        "lon" : -82.3262646068,
        "time" : "20150219T202103-0500"
      }, {
        "lat" : 29.6507613052,
        "lon" : -82.3249609859,
        "time" : "20150219T202202-0500"
      }, {
        "lat" : 29.6509359895,
        "lon" : -82.324773717,
        "time" : "20150219T202222-0500"
      }, {
        "lat" : 29.6522800852,
        "lon" : -82.3241954109,
        "time" : "20150219T202303-0500"
      }, {
        "lat" : 29.6535464291,
        "lon" : -82.3241401086,
        "time" : "20150219T202326-0500"
      }, {
        "lat" : 29.6542274068,
        "lon" : -82.3241327999,
        "time" : "20150219T202347-0500"
      }, {
        "lat" : 29.6584308887,
        "lon" : -82.3231472242,
        "time" : "20150219T202413-0500"
      } ]
    } ],
    "lastUpdate" : "20150220T021518Z"
  }, {
    "type" : "place",
    "startTime" : "20150219T202413-0500",
    "endTime" : "20150219T213224-0500",
    "place" : {
      "id" : 191555477,
      "type" : "unknown",
      "location" : {
        "lat" : 29.6584308887,
        "lon" : -82.3231472242
      }
    },
    "activities" : [ {
      "activity" : "walking",
      "group" : "walking",
      "manual" : false,
      "startTime" : "20150219T202601-0500",
      "endTime" : "20150219T202701-0500",
      "duration" : 60.0,
      "distance" : 40.0,
      "steps" : 81,
      "trackPoints" : [ ]
    }, {
      "activity" : "walking",
      "group" : "walking",
      "manual" : false,
      "startTime" : "20150219T213210-0500",
      "endTime" : "20150219T213425-0500",
      "duration" : 135.0,
      "distance" : 204.0,
      "steps" : 272,
      "trackPoints" : [ ]
    } ],
    "lastUpdate" : "20150220T034614Z"
  }, {
    "type" : "move",
    "startTime" : "20150219T213224-0500",
    "endTime" : "20150219T213336-0500",
    "activities" : [ {
      "activity" : "transport",
      "group" : "transport",
      "manual" : false,
      "startTime" : "20150219T213224-0500",
      "endTime" : "20150219T213337-0500",
      "duration" : 73.0,
      "distance" : 520.0,
      "trackPoints" : [ {
        "lat" : 29.6584308887,
        "lon" : -82.3231472242,
        "time" : "20150219T213224-0500"
      }, {
        "lat" : 29.6584493554,
        "lon" : -82.3249280578,
        "time" : "20150219T213252-0500"
      }, {
        "lat" : 29.6564969542,
        "lon" : -82.3267639009,
        "time" : "20150219T213336-0500"
      } ]
    } ],
    "lastUpdate" : "20150220T034614Z"
  }, {
    "type" : "place",
    "startTime" : "20150219T213336-0500",
    "endTime" : "20150220T083153-0500",
    "place" : {
      "id" : 193512500,
      "name" : "Home",
      "type" : "home",
      "location" : {
        "lat" : 29.6564969542,
        "lon" : -82.3267639009
      }
    },
    "activities" : [ {
      "activity" : "walking",
      "group" : "walking",
      "manual" : false,
      "startTime" : "20150219T214209-0500",
      "endTime" : "20150219T214309-0500",
      "duration" : 60.0,
      "distance" : 35.0,
      "steps" : 71,
      "trackPoints" : [ ]
    }, {
      "activity" : "walking",
      "group" : "walking",
      "manual" : false,
      "startTime" : "20150219T222246-0500",
      "endTime" : "20150219T222316-0500",
      "duration" : 30.0,
      "distance" : 25.0,
      "steps" : 51,
      "trackPoints" : [ ]
    } ],
    "lastUpdate" : "20150220T133156Z"
  } ],
  "lastUpdate" : "20150220T133156Z"
} ]