[ {
  "date" : "20150128",
  "summary" : [ {
    "activity" : "walking",
    "group" : "walking",
    "duration" : 4117.0,
    "distance" : 3805.0,
    "steps" : 4993
  } ],
  "segments" : [ {
    "type" : "place",
    "startTime" : "20150127T121214-0500",
    "endTime" : "20150128T193330-0500",
    "place" : {
      "id" : 191508619,
      "type" : "unknown",
      "location" : {
        "lat" : 29.6565354608,
        "lon" : -82.326775329
      }
    },
    "activities" : [ {
      "activity" : "walking",
      "group" : "walking",
      "manual" : false,
      "startTime" : "20150128T050535-0500",
      "endTime" : "20150128T050622-0500",
      "duration" : 47.0,
      "distance" : 24.0,
      "steps" : 34,
      "trackPoints" : [ ]
    }, {
      "activity" : "walking",
      "group" : "walking",
      "manual" : false,
      "startTime" : "20150128T065220-0500",
      "endTime" : "20150128T065250-0500",
      "duration" : 30.0,
      "distance" : 15.0,
      "steps" : 24,
      "trackPoints" : [ ]
    }, {
      "activity" : "walking",
      "group" : "walking",
      "manual" : false,
      "startTime" : "20150128T072600-0500",
      "endTime" : "20150128T072730-0500",
      "duration" : 90.0,
      "distance" : 76.0,
      "steps" : 152,
      "trackPoints" : [ ]
    }, {
      "activity" : "walking",
      "group" : "walking",
      "manual" : false,
      "startTime" : "20150128T080041-0500",
      "endTime" : "20150128T080410-0500",
      "duration" : 209.0,
      "distance" : 198.0,
      "steps" : 264,
      "trackPoints" : [ ]
    }, {
      "activity" : "walking",
      "group" : "walking",
      "manual" : false,
      "startTime" : "20150128T090322-0500",
      "endTime" : "20150128T090743-0500",
      "duration" : 261.0,
      "distance" : 238.0,
      "steps" : 317,
      "trackPoints" : [ ]
    }, {
      "activity" : "walking",
      "group" : "walking",
      "manual" : false,
      "startTime" : "20150128T113155-0500",
      "endTime" : "20150128T113225-0500",
      "duration" : 30.0,
      "distance" : 15.0,
      "steps" : 15,
      "trackPoints" : [ ]
    }, {
      "activity" : "walking",
      "group" : "walking",
      "manual" : false,
      "startTime" : "20150128T154744-0500",
      "endTime" : "20150128T154814-0500",
      "duration" : 30.0,
      "distance" : 20.0,
      "steps" : 40,
      "trackPoints" : [ ]
    }, {
      "activity" : "walking",
      "group" : "walking",
      "manual" : false,
      "startTime" : "20150128T174748-0500",
      "endTime" : "20150128T174818-0500",
      "duration" : 30.0,
      "distance" : 20.0,
      "steps" : 41,
      "trackPoints" : [ ]
    }, {
      "activity" : "walking",
      "group" : "walking",
      "manual" : false,
      "startTime" : "20150128T184439-0500",
      "endTime" : "20150128T184509-0500",
      "duration" : 30.0,
      "distance" : 15.0,
      "steps" : 30,
      "trackPoints" : [ ]
    }, {
      "activity" : "walking",
      "group" : "walking",
      "manual" : false,
      "startTime" : "20150128T193023-0500",
      "endTime" : "20150128T201048-0500",
      "duration" : 2425.0,
      "distance" : 2027.0,
      "steps" : 2703,
      "trackPoints" : [ ]
    } ],
    "lastUpdate" : "20150129T021540Z"
  }, {
    "type" : "move",
    "startTime" : "20150128T193330-0500",
    "endTime" : "20150128T193815-0500",
    "activities" : [ {
      "activity" : "walking",
      "group" : "walking",
      "manual" : false,
      "startTime" : "20150128T193330-0500",
      "endTime" : "20150128T193814-0500",
      "duration" : 284.0,
      "distance" : 514.0,
      "steps" : 479,
      "trackPoints" : [ {
        "lat" : 29.6565354608,
        "lon" : -82.326775329,
        "time" : "20150128T193330-0500"
      }, {
        "lat" : 29.6569310747,
        "lon" : -82.3245017386,
        "time" : "20150128T193520-0500"
      }, {
        "lat" : 29.6568927789,
        "lon" : -82.3243693236,
        "time" : "20150128T193556-0500"
      }, {
        "lat" : 29.6568565216,
        "lon" : -82.3242403148,
        "time" : "20150128T193617-0500"
      }, {
        "lat" : 29.656894173,
        "lon" : -82.3241313867,
        "time" : "20150128T193636-0500"
      }, {
        "lat" : 29.6570723527,
        "lon" : -82.3239118897,
        "time" : "20150128T193658-0500"
      }, {
        "lat" : 29.65754684,
        "lon" : -82.3234425919,
        "time" : "20150128T193728-0500"
      }, {
        "lat" : 29.6584308887,
        "lon" : -82.3231472242,
        "time" : "20150128T193815-0500"
      } ]
    } ],
    "lastUpdate" : "20150129T021540Z"
  }, {
    "type" : "place",
    "startTime" : "20150128T193815-0500",
    "endTime" : "20150128T221611-0500",
    "place" : {
      "id" : 191555477,
      "type" : "unknown",
      "location" : {
        "lat" : 29.6584308887,
        "lon" : -82.3231472242
      }
    },
    "activities" : [ {
      "activity" : "walking",
      "group" : "walking",
      "manual" : false,
      "startTime" : "20150128T194309-0500",
      "endTime" : "20150128T194339-0500",
      "duration" : 30.0,
      "distance" : 20.0,
      "steps" : 41,
      "trackPoints" : [ ]
    }, {
      "activity" : "walking",
      "group" : "walking",
      "manual" : false,
      "startTime" : "20150128T211616-0500",
      "endTime" : "20150128T211705-0500",
      "duration" : 49.0,
      "distance" : 30.0,
      "steps" : 61,
      "trackPoints" : [ ]
    }, {
      "activity" : "walking",
      "group" : "walking",
      "manual" : false,
      "startTime" : "20150128T220552-0500",
      "endTime" : "20150128T220622-0500",
      "duration" : 30.0,
      "distance" : 15.0,
      "steps" : 30,
      "trackPoints" : [ ]
    } ],
    "lastUpdate" : "20150129T044302Z"
  }, {
    "type" : "move",
    "startTime" : "20150128T221611-0500",
    "endTime" : "20150128T222442-0500",
    "activities" : [ {
      "activity" : "walking",
      "group" : "walking",
      "manual" : false,
      "startTime" : "20150128T221611-0500",
      "endTime" : "20150128T222443-0500",
      "duration" : 512.0,
      "distance" : 563.0,
      "steps" : 742,
      "trackPoints" : [ {
        "lat" : 29.6584308887,
        "lon" : -82.3231472242,
        "time" : "20150128T221611-0500"
      }, {
        "lat" : 29.6584377557,
        "lon" : -82.3231024152,
        "time" : "20150128T221631-0500"
      }, {
        "lat" : 29.6584228256,
        "lon" : -82.3231188205,
        "time" : "20150128T221653-0500"
      }, {
        "lat" : 29.6584038972,
        "lon" : -82.3231388844,
        "time" : "20150128T221714-0500"
      }, {
        "lat" : 29.6583818159,
        "lon" : -82.323163232,
        "time" : "20150128T221736-0500"
      }, {
        "lat" : 29.6583227594,
        "lon" : -82.3232177023,
        "time" : "20150128T221758-0500"
      }, {
        "lat" : 29.658244243,
        "lon" : -82.3232866175,
        "time" : "20150128T221819-0500"
      }, {
        "lat" : 29.6581807267,
        "lon" : -82.3233591437,
        "time" : "20150128T221838-0500"
      }, {
        "lat" : 29.6581480599,
        "lon" : -82.3234392472,
        "time" : "20150128T221857-0500"
      }, {
        "lat" : 29.6579769743,
        "lon" : -82.3243844035,
        "time" : "20150128T222008-0500"
      }, {
        "lat" : 29.6579145227,
        "lon" : -82.3247839273,
        "time" : "20150128T222038-0500"
      }, {
        "lat" : 29.6578579832,
        "lon" : -82.325061729,
        "time" : "20150128T222108-0500"
      }, {
        "lat" : 29.6578489128,
        "lon" : -82.3251945989,
        "time" : "20150128T222129-0500"
      }, {
        "lat" : 29.6578847883,
        "lon" : -82.3253501018,
        "time" : "20150128T222148-0500"
      }, {
        "lat" : 29.6578962747,
        "lon" : -82.3256213204,
        "time" : "20150128T222210-0500"
      }, {
        "lat" : 29.6578141778,
        "lon" : -82.3265945209,
        "time" : "20150128T222239-0500"
      }, {
        "lat" : 29.6577263459,
        "lon" : -82.3268627808,
        "time" : "20150128T222301-0500"
      }, {
        "lat" : 29.6576436006,
        "lon" : -82.3269043367,
        "time" : "20150128T222321-0500"
      }, {
        "lat" : 29.657551116,
        "lon" : -82.3268998124,
        "time" : "20150128T222343-0500"
      }, {
        "lat" : 29.6565354608,
        "lon" : -82.326775329,
        "time" : "20150128T222442-0500"
      } ]
    } ],
    "lastUpdate" : "20150129T044302Z"
  }, {
    "type" : "place",
    "startTime" : "20150128T222443-0500",
    "endTime" : "20150129T125333-0500",
    "place" : {
      "id" : 191508619,
      "type" : "unknown",
      "location" : {
        "lat" : 29.6565354608,
        "lon" : -82.326775329
      }
    },
    "activities" : [ {
      "activity" : "walking",
      "group" : "walking",
      "manual" : false,
      "startTime" : "20150128T222521-0500",
      "endTime" : "20150128T222551-0500",
      "duration" : 30.0,
      "distance" : 15.0,
      "steps" : 20,
      "trackPoints" : [ ]
    } ],
    "lastUpdate" : "20150129T195301Z"
  } ],
  "lastUpdate" : "20150129T195301Z"
} ]