[ {
  "date" : "20150214",
  "summary" : [ {
    "activity" : "walking",
    "group" : "walking",
    "duration" : 5048.0,
    "distance" : 4948.0,
    "steps" : 7022
  }, {
    "activity" : "cycling",
    "group" : "cycling",
    "duration" : 353.0,
    "distance" : 1889.0
  } ],
  "segments" : [ {
    "type" : "place",
    "startTime" : "20150213T125655-0500",
    "endTime" : "20150214T073430-0500",
    "place" : {
      "id" : 193512500,
      "name" : "Home",
      "type" : "home",
      "location" : {
        "lat" : 29.6564969542,
        "lon" : -82.3267639009
      }
    },
    "activities" : [ {
      "activity" : "walking",
      "group" : "walking",
      "manual" : false,
      "startTime" : "20150214T072549-0500",
      "endTime" : "20150214T072853-0500",
      "duration" : 184.0,
      "distance" : 138.0,
      "steps" : 166,
      "trackPoints" : [ ]
    } ],
    "lastUpdate" : "20150214T141828Z"
  }, {
    "type" : "move",
    "startTime" : "20150214T073430-0500",
    "endTime" : "20150214T073714-0500",
    "activities" : [ {
      "activity" : "cycling",
      "group" : "cycling",
      "manual" : false,
      "startTime" : "20150214T073430-0500",
      "endTime" : "20150214T073714-0500",
      "duration" : 164.0,
      "distance" : 945.0,
      "trackPoints" : [ {
        "lat" : 29.6564969542,
        "lon" : -82.3267639009,
        "time" : "20150214T073430-0500"
      }, {
        "lat" : 29.6583357629,
        "lon" : -82.3269159179,
        "time" : "20150214T073516-0500"
      }, {
        "lat" : 29.6600798912,
        "lon" : -82.3266462944,
        "time" : "20150214T073538-0500"
      }, {
        "lat" : 29.6613028529,
        "lon" : -82.3262766388,
        "time" : "20150214T073614-0500"
      }, {
        "lat" : 29.6614973562,
        "lon" : -82.3261541766,
        "time" : "20150214T073634-0500"
      }, {
        "lat" : 29.6625068658,
        "lon" : -82.3258870103,
        "time" : "20150214T073654-0500"
      }, {
        "lat" : 29.6636619757,
        "lon" : -82.3252243903,
        "time" : "20150214T073714-0500"
      } ]
    } ],
    "lastUpdate" : "20150214T141828Z"
  }, {
    "type" : "place",
    "startTime" : "20150214T073714-0500",
    "endTime" : "20150214T075423-0500",
    "place" : {
      "id" : 195954037,
      "type" : "unknown",
      "location" : {
        "lat" : 29.6636619757,
        "lon" : -82.3252243903
      }
    },
    "activities" : [ {
      "activity" : "walking",
      "group" : "walking",
      "manual" : false,
      "startTime" : "20150214T073758-0500",
      "endTime" : "20150214T074245-0500",
      "duration" : 287.0,
      "distance" : 269.0,
      "steps" : 359,
      "trackPoints" : [ ]
    } ],
    "lastUpdate" : "20150214T141828Z"
  }, {
    "type" : "move",
    "startTime" : "20150214T075423-0500",
    "endTime" : "20150214T075733-0500",
    "activities" : [ {
      "activity" : "cycling",
      "group" : "cycling",
      "manual" : false,
      "startTime" : "20150214T075423-0500",
      "endTime" : "20150214T075732-0500",
      "duration" : 189.0,
      "distance" : 944.0,
      "trackPoints" : [ {
        "lat" : 29.6636619757,
        "lon" : -82.3252243903,
        "time" : "20150214T075423-0500"
      }, {
        "lat" : 29.6623072569,
        "lon" : -82.325795873,
        "time" : "20150214T075444-0500"
      }, {
        "lat" : 29.6618239638,
        "lon" : -82.3259687577,
        "time" : "20150214T075504-0500"
      }, {
        "lat" : 29.661614203,
        "lon" : -82.3260873702,
        "time" : "20150214T075524-0500"
      }, {
        "lat" : 29.6606104717,
        "lon" : -82.3265000961,
        "time" : "20150214T075544-0500"
      }, {
        "lat" : 29.6598630014,
        "lon" : -82.3267226797,
        "time" : "20150214T075605-0500"
      }, {
        "lat" : 29.6581494089,
        "lon" : -82.3270009728,
        "time" : "20150214T075635-0500"
      }, {
        "lat" : 29.6564969542,
        "lon" : -82.3267639009,
        "time" : "20150214T075733-0500"
      } ]
    } ],
    "lastUpdate" : "20150214T141828Z"
  }, {
    "type" : "place",
    "startTime" : "20150214T075733-0500",
    "endTime" : "20150214T161341-0500",
    "place" : {
      "id" : 193512500,
      "name" : "Home",
      "type" : "home",
      "location" : {
        "lat" : 29.6564969542,
        "lon" : -82.3267639009
      }
    },
    "activities" : [ {
      "activity" : "walking",
      "group" : "walking",
      "manual" : false,
      "startTime" : "20150214T075804-0500",
      "endTime" : "20150214T075859-0500",
      "duration" : 55.0,
      "distance" : 27.0,
      "steps" : 46,
      "trackPoints" : [ ]
    }, {
      "activity" : "walking",
      "group" : "walking",
      "manual" : false,
      "startTime" : "20150214T080038-0500",
      "endTime" : "20150214T080208-0500",
      "duration" : 90.0,
      "distance" : 46.0,
      "steps" : 91,
      "trackPoints" : [ ]
    }, {
      "activity" : "walking",
      "group" : "walking",
      "manual" : false,
      "startTime" : "20150214T103158-0500",
      "endTime" : "20150214T105148-0500",
      "duration" : 1190.0,
      "distance" : 1471.0,
      "steps" : 1961,
      "trackPoints" : [ ]
    }, {
      "activity" : "walking",
      "group" : "walking",
      "manual" : false,
      "startTime" : "20150214T114102-0500",
      "endTime" : "20150214T114210-0500",
      "duration" : 68.0,
      "distance" : 34.0,
      "steps" : 53,
      "trackPoints" : [ ]
    }, {
      "activity" : "walking",
      "group" : "walking",
      "manual" : false,
      "startTime" : "20150214T120051-0500",
      "endTime" : "20150214T120153-0500",
      "duration" : 62.0,
      "distance" : 42.0,
      "steps" : 84,
      "trackPoints" : [ ]
    }, {
      "activity" : "walking",
      "group" : "walking",
      "manual" : false,
      "startTime" : "20150214T145253-0500",
      "endTime" : "20150214T145323-0500",
      "duration" : 30.0,
      "distance" : 15.0,
      "steps" : 30,
      "trackPoints" : [ ]
    } ],
    "lastUpdate" : "20150214T230811Z"
  }, {
    "type" : "move",
    "startTime" : "20150214T161341-0500",
    "endTime" : "20150214T162719-0500",
    "activities" : [ {
      "activity" : "walking",
      "group" : "walking",
      "manual" : false,
      "startTime" : "20150214T161341-0500",
      "endTime" : "20150214T162719-0500",
      "duration" : 818.0,
      "distance" : 856.0,
      "steps" : 1197,
      "trackPoints" : [ {
        "lat" : 29.6564969542,
        "lon" : -82.3267639009,
        "time" : "20150214T161341-0500"
      }, {
        "lat" : 29.6565438443,
        "lon" : -82.3267078311,
        "time" : "20150214T161441-0500"
      }, {
        "lat" : 29.6565430492,
        "lon" : -82.3266815864,
        "time" : "20150214T161505-0500"
      }, {
        "lat" : 29.6565400688,
        "lon" : -82.3266667719,
        "time" : "20150214T161526-0500"
      }, {
        "lat" : 29.6565376455,
        "lon" : -82.3266550104,
        "time" : "20150214T161546-0500"
      }, {
        "lat" : 29.6565421396,
        "lon" : -82.3266426725,
        "time" : "20150214T161607-0500"
      }, {
        "lat" : 29.6565681008,
        "lon" : -82.3265938515,
        "time" : "20150214T161639-0500"
      }, {
        "lat" : 29.6566816502,
        "lon" : -82.3259839831,
        "time" : "20150214T161714-0500"
      }, {
        "lat" : 29.6567493148,
        "lon" : -82.3255071504,
        "time" : "20150214T161745-0500"
      }, {
        "lat" : 29.6567881652,
        "lon" : -82.3252971219,
        "time" : "20150214T161801-0500"
      }, {
        "lat" : 29.6568210605,
        "lon" : -82.3250734651,
        "time" : "20150214T161818-0500"
      }, {
        "lat" : 29.6567947118,
        "lon" : -82.3249220166,
        "time" : "20150214T161852-0500"
      }, {
        "lat" : 29.6568063819,
        "lon" : -82.3246807725,
        "time" : "20150214T161923-0500"
      }, {
        "lat" : 29.6568400566,
        "lon" : -82.3243310467,
        "time" : "20150214T161943-0500"
      }, {
        "lat" : 29.6568460621,
        "lon" : -82.3240444506,
        "time" : "20150214T162005-0500"
      }, {
        "lat" : 29.6568313836,
        "lon" : -82.3238724814,
        "time" : "20150214T162026-0500"
      }, {
        "lat" : 29.6567888702,
        "lon" : -82.3236871235,
        "time" : "20150214T162046-0500"
      }, {
        "lat" : 29.6567662857,
        "lon" : -82.3234859241,
        "time" : "20150214T162107-0500"
      }, {
        "lat" : 29.6567075214,
        "lon" : -82.3226554935,
        "time" : "20150214T162144-0500"
      }, {
        "lat" : 29.6566884028,
        "lon" : -82.3225183575,
        "time" : "20150214T162204-0500"
      }, {
        "lat" : 29.6566710968,
        "lon" : -82.3224246754,
        "time" : "20150214T162224-0500"
      }, {
        "lat" : 29.6566701834,
        "lon" : -82.3218062033,
        "time" : "20150214T162256-0500"
      }, {
        "lat" : 29.6567143847,
        "lon" : -82.3211812907,
        "time" : "20150214T162316-0500"
      }, {
        "lat" : 29.6567597571,
        "lon" : -82.3207705775,
        "time" : "20150214T162338-0500"
      }, {
        "lat" : 29.6567850922,
        "lon" : -82.320599423,
        "time" : "20150214T162359-0500"
      }, {
        "lat" : 29.656777718,
        "lon" : -82.3204869037,
        "time" : "20150214T162420-0500"
      }, {
        "lat" : 29.6565540098,
        "lon" : -82.3199494685,
        "time" : "20150214T162504-0500"
      }, {
        "lat" : 29.6565651727,
        "lon" : -82.3198331094,
        "time" : "20150214T162524-0500"
      }, {
        "lat" : 29.656610147,
        "lon" : -82.3197544373,
        "time" : "20150214T162544-0500"
      }, {
        "lat" : 29.6566573514,
        "lon" : -82.3196701051,
        "time" : "20150214T162604-0500"
      }, {
        "lat" : 29.656748836,
        "lon" : -82.319248478,
        "time" : "20150214T162633-0500"
      }, {
        "lat" : 29.6567089213,
        "lon" : -82.3189373017,
        "time" : "20150214T162657-0500"
      }, {
        "lat" : 29.6565615853,
        "lon" : -82.3187163055,
        "time" : "20150214T162719-0500"
      } ]
    } ],
    "lastUpdate" : "20150214T230811Z"
  }, {
    "type" : "place",
    "startTime" : "20150214T162719-0500",
    "endTime" : "20150214T165057-0500",
    "place" : {
      "id" : 192984494,
      "type" : "unknown",
      "location" : {
        "lat" : 29.6565615853,
        "lon" : -82.3187163055
      }
    },
    "activities" : [ {
      "activity" : "walking",
      "group" : "walking",
      "manual" : false,
      "startTime" : "20150214T164751-0500",
      "endTime" : "20150214T164821-0500",
      "duration" : 30.0,
      "distance" : 31.0,
      "steps" : 61,
      "trackPoints" : [ ]
    } ],
    "lastUpdate" : "20150214T230811Z"
  }, {
    "type" : "move",
    "startTime" : "20150214T165057-0500",
    "endTime" : "20150214T170147-0500",
    "activities" : [ {
      "activity" : "walking",
      "group" : "walking",
      "manual" : false,
      "startTime" : "20150214T165057-0500",
      "endTime" : "20150214T170147-0500",
      "duration" : 650.0,
      "distance" : 574.0,
      "steps" : 938,
      "trackPoints" : [ {
        "lat" : 29.6565615853,
        "lon" : -82.3187163055,
        "time" : "20150214T165057-0500"
      }, {
        "lat" : 29.656473323,
        "lon" : -82.3186668205,
        "time" : "20150214T165117-0500"
      }, {
        "lat" : 29.6564533479,
        "lon" : -82.3186593187,
        "time" : "20150214T165139-0500"
      }, {
        "lat" : 29.6564182954,
        "lon" : -82.3186488813,
        "time" : "20150214T165203-0500"
      }, {
        "lat" : 29.6559985931,
        "lon" : -82.3185765601,
        "time" : "20150214T165238-0500"
      }, {
        "lat" : 29.6558503246,
        "lon" : -82.3186417532,
        "time" : "20150214T165300-0500"
      }, {
        "lat" : 29.655792499,
        "lon" : -82.3187382834,
        "time" : "20150214T165320-0500"
      }, {
        "lat" : 29.6557756644,
        "lon" : -82.3188300704,
        "time" : "20150214T165340-0500"
      }, {
        "lat" : 29.6557602733,
        "lon" : -82.3189046435,
        "time" : "20150214T165401-0500"
      }, {
        "lat" : 29.6557627253,
        "lon" : -82.3189810231,
        "time" : "20150214T165421-0500"
      }, {
        "lat" : 29.6557711572,
        "lon" : -82.3191879776,
        "time" : "20150214T165443-0500"
      }, {
        "lat" : 29.6557487328,
        "lon" : -82.3197840014,
        "time" : "20150214T165505-0500"
      }, {
        "lat" : 29.6557495722,
        "lon" : -82.3201764712,
        "time" : "20150214T165525-0500"
      }, {
        "lat" : 29.6557789523,
        "lon" : -82.3204924037,
        "time" : "20150214T165545-0500"
      }, {
        "lat" : 29.6557994941,
        "lon" : -82.3207982054,
        "time" : "20150214T165605-0500"
      }, {
        "lat" : 29.6557479365,
        "lon" : -82.3211474741,
        "time" : "20150214T165627-0500"
      }, {
        "lat" : 29.6557179838,
        "lon" : -82.3213352157,
        "time" : "20150214T165647-0500"
      }, {
        "lat" : 29.6556872474,
        "lon" : -82.3214654743,
        "time" : "20150214T165708-0500"
      }, {
        "lat" : 29.6556689737,
        "lon" : -82.3215545552,
        "time" : "20150214T165728-0500"
      }, {
        "lat" : 29.6556637102,
        "lon" : -82.321631507,
        "time" : "20150214T165745-0500"
      }, {
        "lat" : 29.6557087611,
        "lon" : -82.3220387193,
        "time" : "20150214T165818-0500"
      }, {
        "lat" : 29.6557189212,
        "lon" : -82.322249033,
        "time" : "20150214T165838-0500"
      }, {
        "lat" : 29.6557058634,
        "lon" : -82.3223797795,
        "time" : "20150214T165858-0500"
      }, {
        "lat" : 29.6556198014,
        "lon" : -82.3225845418,
        "time" : "20150214T165939-0500"
      }, {
        "lat" : 29.6555941439,
        "lon" : -82.3226819817,
        "time" : "20150214T165959-0500"
      }, {
        "lat" : 29.6555932666,
        "lon" : -82.3226871862,
        "time" : "20150214T165959-0500"
      }, {
        "lat" : 29.6555932572,
        "lon" : -82.3226872418,
        "time" : "20150214T170000-0500"
      }, {
        "lat" : 29.6555641712,
        "lon" : -82.3228597913,
        "time" : "20150214T170031-0500"
      }, {
        "lat" : 29.6555313814,
        "lon" : -82.3228990416,
        "time" : "20150214T170106-0500"
      }, {
        "lat" : 29.6552008039,
        "lon" : -82.3227941816,
        "time" : "20150214T170147-0500"
      } ]
    } ],
    "lastUpdate" : "20150214T230811Z"
  }, {
    "type" : "place",
    "startTime" : "20150214T170147-0500",
    "endTime" : "20150214T173832-0500",
    "place" : {
      "id" : 194358174,
      "type" : "unknown",
      "location" : {
        "lat" : 29.6552008039,
        "lon" : -82.3227941816
      }
    },
    "activities" : [ {
      "activity" : "walking",
      "group" : "walking",
      "manual" : false,
      "startTime" : "20150214T172556-0500",
      "endTime" : "20150214T173355-0500",
      "duration" : 479.0,
      "distance" : 359.0,
      "steps" : 422,
      "trackPoints" : [ ]
    } ],
    "lastUpdate" : "20150215T005608Z"
  }, {
    "type" : "move",
    "startTime" : "20150214T173832-0500",
    "endTime" : "20150214T174405-0500",
    "activities" : [ {
      "activity" : "walking",
      "group" : "walking",
      "manual" : false,
      "startTime" : "20150214T173832-0500",
      "endTime" : "20150214T174405-0500",
      "duration" : 333.0,
      "distance" : 274.0,
      "steps" : 449,
      "trackPoints" : [ {
        "lat" : 29.6552008039,
        "lon" : -82.3227941816,
        "time" : "20150214T173832-0500"
      }, {
        "lat" : 29.6548144608,
        "lon" : -82.3224107375,
        "time" : "20150214T173851-0500"
      }, {
        "lat" : 29.6548341621,
        "lon" : -82.3224021973,
        "time" : "20150214T173909-0500"
      }, {
        "lat" : 29.6548561854,
        "lon" : -82.3223942712,
        "time" : "20150214T173925-0500"
      }, {
        "lat" : 29.6549954609,
        "lon" : -82.3223870025,
        "time" : "20150214T173944-0500"
      }, {
        "lat" : 29.6551936102,
        "lon" : -82.3223642175,
        "time" : "20150214T174003-0500"
      }, {
        "lat" : 29.6552628637,
        "lon" : -82.3223707093,
        "time" : "20150214T174022-0500"
      }, {
        "lat" : 29.6553241182,
        "lon" : -82.3224297346,
        "time" : "20150214T174044-0500"
      }, {
        "lat" : 29.6554734785,
        "lon" : -82.322413779,
        "time" : "20150214T174105-0500"
      }, {
        "lat" : 29.655712023,
        "lon" : -82.3223332768,
        "time" : "20150214T174126-0500"
      }, {
        "lat" : 29.6558416285,
        "lon" : -82.3223054219,
        "time" : "20150214T174146-0500"
      }, {
        "lat" : 29.6559852938,
        "lon" : -82.322313825,
        "time" : "20150214T174206-0500"
      }, {
        "lat" : 29.6561417606,
        "lon" : -82.3223371475,
        "time" : "20150214T174226-0500"
      }, {
        "lat" : 29.6562753389,
        "lon" : -82.3223594722,
        "time" : "20150214T174246-0500"
      }, {
        "lat" : 29.6563432791,
        "lon" : -82.322376253,
        "time" : "20150214T174306-0500"
      }, {
        "lat" : 29.6563922333,
        "lon" : -82.3223934683,
        "time" : "20150214T174327-0500"
      }, {
        "lat" : 29.6564265009,
        "lon" : -82.3224068538,
        "time" : "20150214T174345-0500"
      }, {
        "lat" : 29.6566936883,
        "lon" : -82.3225555348,
        "time" : "20150214T174405-0500"
      } ]
    } ],
    "lastUpdate" : "20150215T005608Z"
  }, {
    "type" : "place",
    "startTime" : "20150214T174405-0500",
    "endTime" : "20150214T180245-0500",
    "place" : {
      "id" : 196095668,
      "type" : "unknown",
      "location" : {
        "lat" : 29.6566936883,
        "lon" : -82.3225555348
      }
    },
    "activities" : [ {
      "activity" : "walking",
      "group" : "walking",
      "manual" : false,
      "startTime" : "20150214T174958-0500",
      "endTime" : "20150214T175028-0500",
      "duration" : 30.0,
      "distance" : 20.0,
      "steps" : 41,
      "trackPoints" : [ ]
    }, {
      "activity" : "walking",
      "group" : "walking",
      "manual" : false,
      "startTime" : "20150214T180244-0500",
      "endTime" : "20150214T180321-0500",
      "duration" : 37.0,
      "distance" : 19.0,
      "steps" : 37,
      "trackPoints" : [ ]
    } ],
    "lastUpdate" : "20150215T005608Z"
  }, {
    "type" : "move",
    "startTime" : "20150214T180245-0500",
    "endTime" : "20150214T180829-0500",
    "activities" : [ {
      "activity" : "walking",
      "group" : "walking",
      "manual" : false,
      "startTime" : "20150214T180245-0500",
      "endTime" : "20150214T180830-0500",
      "duration" : 345.0,
      "distance" : 495.0,
      "steps" : 636,
      "trackPoints" : [ {
        "lat" : 29.6566936883,
        "lon" : -82.3225555348,
        "time" : "20150214T180245-0500"
      }, {
        "lat" : 29.6568305683,
        "lon" : -82.3228239546,
        "time" : "20150214T180302-0500"
      }, {
        "lat" : 29.6569552342,
        "lon" : -82.3228715383,
        "time" : "20150214T180322-0500"
      }, {
        "lat" : 29.6568465857,
        "lon" : -82.322753702,
        "time" : "20150214T180343-0500"
      }, {
        "lat" : 29.6567878709,
        "lon" : -82.3228132743,
        "time" : "20150214T180405-0500"
      }, {
        "lat" : 29.6568221928,
        "lon" : -82.3235222923,
        "time" : "20150214T180437-0500"
      }, {
        "lat" : 29.6568415718,
        "lon" : -82.3237928144,
        "time" : "20150214T180457-0500"
      }, {
        "lat" : 29.6568451485,
        "lon" : -82.3239661358,
        "time" : "20150214T180517-0500"
      }, {
        "lat" : 29.6568389461,
        "lon" : -82.324131798,
        "time" : "20150214T180537-0500"
      }, {
        "lat" : 29.6568283188,
        "lon" : -82.3242906039,
        "time" : "20150214T180557-0500"
      }, {
        "lat" : 29.6567725663,
        "lon" : -82.3250376137,
        "time" : "20150214T180635-0500"
      }, {
        "lat" : 29.6567539988,
        "lon" : -82.3253310909,
        "time" : "20150214T180655-0500"
      }, {
        "lat" : 29.6567360998,
        "lon" : -82.3255301433,
        "time" : "20150214T180711-0500"
      }, {
        "lat" : 29.6566971576,
        "lon" : -82.3258142565,
        "time" : "20150214T180735-0500"
      }, {
        "lat" : 29.6566345838,
        "lon" : -82.3261599583,
        "time" : "20150214T180806-0500"
      }, {
        "lat" : 29.6564969542,
        "lon" : -82.3267639009,
        "time" : "20150214T180829-0500"
      } ]
    } ],
    "lastUpdate" : "20150215T005608Z"
  }, {
    "type" : "place",
    "startTime" : "20150214T180829-0500",
    "endTime" : "20150215T182006-0500",
    "place" : {
      "id" : 193512500,
      "name" : "Home",
      "type" : "home",
      "location" : {
        "lat" : 29.6564969542,
        "lon" : -82.3267639009
      }
    },
    "activities" : [ {
      "activity" : "walking",
      "group" : "walking",
      "manual" : false,
      "startTime" : "20150214T181320-0500",
      "endTime" : "20150214T181620-0500",
      "duration" : 180.0,
      "distance" : 159.0,
      "steps" : 212,
      "trackPoints" : [ ]
    }, {
      "activity" : "walking",
      "group" : "walking",
      "manual" : false,
      "startTime" : "20150214T190303-0500",
      "endTime" : "20150214T190403-0500",
      "duration" : 60.0,
      "distance" : 33.0,
      "steps" : 66,
      "trackPoints" : [ ]
    }, {
      "activity" : "walking",
      "group" : "walking",
      "manual" : false,
      "startTime" : "20150214T223758-0500",
      "endTime" : "20150214T223828-0500",
      "duration" : 30.0,
      "distance" : 20.0,
      "steps" : 41,
      "trackPoints" : [ ]
    }, {
      "activity" : "walking",
      "group" : "walking",
      "manual" : false,
      "startTime" : "20150214T230010-0500",
      "endTime" : "20150214T230140-0500",
      "duration" : 90.0,
      "distance" : 66.0,
      "steps" : 132,
      "trackPoints" : [ ]
    } ],
    "lastUpdate" : "20150216T011132Z"
  } ],
  "lastUpdate" : "20150216T011132Z"
} ]