[ {
  "date" : "20150213",
  "summary" : [ {
    "activity" : "walking",
    "group" : "walking",
    "duration" : 2247.0,
    "distance" : 2025.0,
    "steps" : 2945
  }, {
    "activity" : "cycling",
    "group" : "cycling",
    "duration" : 1981.0,
    "distance" : 8721.0
  } ],
  "segments" : [ {
    "type" : "place",
    "startTime" : "20150212T202922-0500",
    "endTime" : "20150213T072735-0500",
    "place" : {
      "id" : 193512500,
      "name" : "Home",
      "type" : "home",
      "location" : {
        "lat" : 29.6564969542,
        "lon" : -82.3267639009
      }
    },
    "activities" : [ {
      "activity" : "walking",
      "group" : "walking",
      "manual" : false,
      "startTime" : "20150213T053301-0500",
      "endTime" : "20150213T053335-0500",
      "duration" : 34.0,
      "distance" : 17.0,
      "steps" : 25,
      "trackPoints" : [ ]
    }, {
      "activity" : "walking",
      "group" : "walking",
      "manual" : false,
      "startTime" : "20150213T071029-0500",
      "endTime" : "20150213T071356-0500",
      "duration" : 207.0,
      "distance" : 194.0,
      "steps" : 259,
      "trackPoints" : [ ]
    } ],
    "lastUpdate" : "20150213T140235Z"
  }, {
    "type" : "move",
    "startTime" : "20150213T072735-0500",
    "endTime" : "20150213T074328-0500",
    "activities" : [ {
      "activity" : "cycling",
      "group" : "cycling",
      "manual" : false,
      "startTime" : "20150213T072735-0500",
      "endTime" : "20150213T074328-0500",
      "duration" : 953.0,
      "distance" : 4010.0,
      "trackPoints" : [ {
        "lat" : 29.6564969542,
        "lon" : -82.3267639009,
        "time" : "20150213T072735-0500"
      }, {
        "lat" : 29.6564864757,
        "lon" : -82.3267628625,
        "time" : "20150213T072756-0500"
      }, {
        "lat" : 29.6564742252,
        "lon" : -82.3267685545,
        "time" : "20150213T072819-0500"
      }, {
        "lat" : 29.6564592011,
        "lon" : -82.3267762031,
        "time" : "20150213T072836-0500"
      }, {
        "lat" : 29.6551509288,
        "lon" : -82.3275415156,
        "time" : "20150213T072913-0500"
      }, {
        "lat" : 29.6548974634,
        "lon" : -82.3276546999,
        "time" : "20150213T072933-0500"
      }, {
        "lat" : 29.6540024439,
        "lon" : -82.327853882,
        "time" : "20150213T072953-0500"
      }, {
        "lat" : 29.653499787,
        "lon" : -82.3279913692,
        "time" : "20150213T073015-0500"
      }, {
        "lat" : 29.6523585935,
        "lon" : -82.3285101142,
        "time" : "20150213T073045-0500"
      }, {
        "lat" : 29.652064724,
        "lon" : -82.328539745,
        "time" : "20150213T073105-0500"
      }, {
        "lat" : 29.651061571,
        "lon" : -82.3284578284,
        "time" : "20150213T073125-0500"
      }, {
        "lat" : 29.6505249263,
        "lon" : -82.3286454042,
        "time" : "20150213T073146-0500"
      }, {
        "lat" : 29.6502855288,
        "lon" : -82.3300078752,
        "time" : "20150213T073208-0500"
      }, {
        "lat" : 29.6501002572,
        "lon" : -82.3307517814,
        "time" : "20150213T073233-0500"
      }, {
        "lat" : 29.6500155962,
        "lon" : -82.3308214863,
        "time" : "20150213T073254-0500"
      }, {
        "lat" : 29.6487737341,
        "lon" : -82.3309567567,
        "time" : "20150213T073325-0500"
      }, {
        "lat" : 29.6475449709,
        "lon" : -82.331052219,
        "time" : "20150213T073356-0500"
      }, {
        "lat" : 29.6441984948,
        "lon" : -82.3314276351,
        "time" : "20150213T073448-0500"
      }, {
        "lat" : 29.6438792248,
        "lon" : -82.3314659704,
        "time" : "20150213T073508-0500"
      }, {
        "lat" : 29.6436486771,
        "lon" : -82.3315794875,
        "time" : "20150213T073533-0500"
      }, {
        "lat" : 29.6436359273,
        "lon" : -82.3316348128,
        "time" : "20150213T073553-0500"
      }, {
        "lat" : 29.6436368906,
        "lon" : -82.3315937977,
        "time" : "20150213T073614-0500"
      }, {
        "lat" : 29.643572566,
        "lon" : -82.3318947752,
        "time" : "20150213T073634-0500"
      }, {
        "lat" : 29.6432722707,
        "lon" : -82.3334130011,
        "time" : "20150213T073655-0500"
      }, {
        "lat" : 29.6432033441,
        "lon" : -82.3337910956,
        "time" : "20150213T073716-0500"
      }, {
        "lat" : 29.6427564808,
        "lon" : -82.3360973672,
        "time" : "20150213T073754-0500"
      }, {
        "lat" : 29.6424563963,
        "lon" : -82.3371843983,
        "time" : "20150213T073818-0500"
      }, {
        "lat" : 29.6423842824,
        "lon" : -82.3374438748,
        "time" : "20150213T073834-0500"
      }, {
        "lat" : 29.6423400311,
        "lon" : -82.3375096764,
        "time" : "20150213T073855-0500"
      }, {
        "lat" : 29.6410148507,
        "lon" : -82.3390877887,
        "time" : "20150213T073935-0500"
      }, {
        "lat" : 29.6396406251,
        "lon" : -82.3420324059,
        "time" : "20150213T074048-0500"
      }, {
        "lat" : 29.6396095433,
        "lon" : -82.342089731,
        "time" : "20150213T074108-0500"
      }, {
        "lat" : 29.6378095876,
        "lon" : -82.3496177369,
        "time" : "20150213T074328-0500"
      } ]
    } ],
    "lastUpdate" : "20150213T140235Z"
  }, {
    "type" : "place",
    "startTime" : "20150213T074329-0500",
    "endTime" : "20150213T092443-0500",
    "place" : {
      "id" : 195652396,
      "type" : "unknown",
      "location" : {
        "lat" : 29.6378095876,
        "lon" : -82.3496177369
      }
    },
    "activities" : [ {
      "activity" : "walking",
      "group" : "walking",
      "manual" : false,
      "startTime" : "20150213T074542-0500",
      "endTime" : "20150213T074626-0500",
      "duration" : 44.0,
      "distance" : 28.0,
      "steps" : 55,
      "trackPoints" : [ ]
    }, {
      "activity" : "walking",
      "group" : "walking",
      "manual" : false,
      "startTime" : "20150213T080232-0500",
      "endTime" : "20150213T080450-0500",
      "duration" : 138.0,
      "distance" : 149.0,
      "steps" : 199,
      "trackPoints" : [ ]
    }, {
      "activity" : "walking",
      "group" : "walking",
      "manual" : false,
      "startTime" : "20150213T090421-0500",
      "endTime" : "20150213T090911-0500",
      "duration" : 290.0,
      "distance" : 346.0,
      "steps" : 462,
      "trackPoints" : [ ]
    } ],
    "lastUpdate" : "20150213T153345Z"
  }, {
    "type" : "move",
    "startTime" : "20150213T092443-0500",
    "endTime" : "20150213T092725-0500",
    "activities" : [ {
      "activity" : "cycling",
      "group" : "cycling",
      "manual" : false,
      "startTime" : "20150213T092443-0500",
      "endTime" : "20150213T092725-0500",
      "duration" : 162.0,
      "distance" : 968.0,
      "trackPoints" : [ {
        "lat" : 29.6378095876,
        "lon" : -82.3496177369,
        "time" : "20150213T092443-0500"
      }, {
        "lat" : 29.637920422,
        "lon" : -82.3498706008,
        "time" : "20150213T092513-0500"
      }, {
        "lat" : 29.638874255,
        "lon" : -82.3502515415,
        "time" : "20150213T092534-0500"
      }, {
        "lat" : 29.6392923146,
        "lon" : -82.349833698,
        "time" : "20150213T092556-0500"
      }, {
        "lat" : 29.6395952745,
        "lon" : -82.3470161191,
        "time" : "20150213T092611-0500"
      }, {
        "lat" : 29.6399647233,
        "lon" : -82.3461256036,
        "time" : "20150213T092629-0500"
      }, {
        "lat" : 29.6403847191,
        "lon" : -82.3468191366,
        "time" : "20150213T092705-0500"
      }, {
        "lat" : 29.641591782,
        "lon" : -82.3448683504,
        "time" : "20150213T092725-0500"
      } ]
    } ],
    "lastUpdate" : "20150213T153345Z"
  }, {
    "type" : "place",
    "startTime" : "20150213T092725-0500",
    "endTime" : "20150213T124228-0500",
    "place" : {
      "id" : 192487158,
      "type" : "unknown",
      "location" : {
        "lat" : 29.641591782,
        "lon" : -82.3448683504
      }
    },
    "activities" : [ {
      "activity" : "walking",
      "group" : "walking",
      "manual" : false,
      "startTime" : "20150213T092746-0500",
      "endTime" : "20150213T093015-0500",
      "duration" : 149.0,
      "distance" : 137.0,
      "steps" : 183,
      "trackPoints" : [ ]
    }, {
      "activity" : "walking",
      "group" : "walking",
      "manual" : false,
      "startTime" : "20150213T102849-0500",
      "endTime" : "20150213T102919-0500",
      "duration" : 30.0,
      "distance" : 15.0,
      "steps" : 25,
      "trackPoints" : [ ]
    }, {
      "activity" : "walking",
      "group" : "walking",
      "manual" : false,
      "startTime" : "20150213T123730-0500",
      "endTime" : "20150213T123851-0500",
      "duration" : 81.0,
      "distance" : 63.0,
      "steps" : 126,
      "trackPoints" : [ ]
    } ],
    "lastUpdate" : "20150213T183537Z"
  }, {
    "type" : "move",
    "startTime" : "20150213T124228-0500",
    "endTime" : "20150213T125655-0500",
    "activities" : [ {
      "activity" : "cycling",
      "group" : "cycling",
      "manual" : false,
      "startTime" : "20150213T124228-0500",
      "endTime" : "20150213T125654-0500",
      "duration" : 866.0,
      "distance" : 3743.0,
      "trackPoints" : [ {
        "lat" : 29.641591782,
        "lon" : -82.3448683504,
        "time" : "20150213T124228-0500"
      }, {
        "lat" : 29.6413914588,
        "lon" : -82.3449115004,
        "time" : "20150213T124250-0500"
      }, {
        "lat" : 29.641388529,
        "lon" : -82.3448777397,
        "time" : "20150213T124318-0500"
      }, {
        "lat" : 29.6415203388,
        "lon" : -82.3440449804,
        "time" : "20150213T124345-0500"
      }, {
        "lat" : 29.6412608268,
        "lon" : -82.3435656473,
        "time" : "20150213T124401-0500"
      }, {
        "lat" : 29.6398470249,
        "lon" : -82.3421862248,
        "time" : "20150213T124446-0500"
      }, {
        "lat" : 29.6399702809,
        "lon" : -82.3417615038,
        "time" : "20150213T124518-0500"
      }, {
        "lat" : 29.6396243401,
        "lon" : -82.3420119431,
        "time" : "20150213T124542-0500"
      }, {
        "lat" : 29.6396486328,
        "lon" : -82.3419792198,
        "time" : "20150213T124602-0500"
      }, {
        "lat" : 29.6400352977,
        "lon" : -82.3414443354,
        "time" : "20150213T124622-0500"
      }, {
        "lat" : 29.6411705143,
        "lon" : -82.3393262756,
        "time" : "20150213T124643-0500"
      }, {
        "lat" : 29.6410599944,
        "lon" : -82.3390826042,
        "time" : "20150213T124659-0500"
      }, {
        "lat" : 29.641303612,
        "lon" : -82.3387692234,
        "time" : "20150213T124723-0500"
      }, {
        "lat" : 29.6423660353,
        "lon" : -82.3374317158,
        "time" : "20150213T124804-0500"
      }, {
        "lat" : 29.6425035152,
        "lon" : -82.3370789909,
        "time" : "20150213T124830-0500"
      }, {
        "lat" : 29.6430753155,
        "lon" : -82.334517655,
        "time" : "20150213T124850-0500"
      }, {
        "lat" : 29.6432191011,
        "lon" : -82.3338381755,
        "time" : "20150213T124911-0500"
      }, {
        "lat" : 29.6434832423,
        "lon" : -82.3325720023,
        "time" : "20150213T124932-0500"
      }, {
        "lat" : 29.6436648402,
        "lon" : -82.3319287837,
        "time" : "20150213T124951-0500"
      }, {
        "lat" : 29.6437369059,
        "lon" : -82.3317189161,
        "time" : "20150213T125013-0500"
      }, {
        "lat" : 29.64382453,
        "lon" : -82.3316621772,
        "time" : "20150213T125033-0500"
      }, {
        "lat" : 29.6479302513,
        "lon" : -82.3310986762,
        "time" : "20150213T125120-0500"
      }, {
        "lat" : 29.6480820084,
        "lon" : -82.3310739084,
        "time" : "20150213T125139-0500"
      }, {
        "lat" : 29.6481017493,
        "lon" : -82.3310846843,
        "time" : "20150213T125201-0500"
      }, {
        "lat" : 29.6499426956,
        "lon" : -82.3305817784,
        "time" : "20150213T125241-0500"
      }, {
        "lat" : 29.6501172293,
        "lon" : -82.3303217696,
        "time" : "20150213T125302-0500"
      }, {
        "lat" : 29.6507168412,
        "lon" : -82.327744232,
        "time" : "20150213T125342-0500"
      }, {
        "lat" : 29.6513798454,
        "lon" : -82.3266478475,
        "time" : "20150213T125402-0500"
      }, {
        "lat" : 29.6517189946,
        "lon" : -82.3265716778,
        "time" : "20150213T125420-0500"
      }, {
        "lat" : 29.6518498396,
        "lon" : -82.3266011372,
        "time" : "20150213T125451-0500"
      }, {
        "lat" : 29.6537275128,
        "lon" : -82.3269439581,
        "time" : "20150213T125512-0500"
      }, {
        "lat" : 29.6541435425,
        "lon" : -82.3268880756,
        "time" : "20150213T125532-0500"
      }, {
        "lat" : 29.6553412951,
        "lon" : -82.3268280826,
        "time" : "20150213T125615-0500"
      }, {
        "lat" : 29.6564969542,
        "lon" : -82.3267639009,
        "time" : "20150213T125655-0500"
      } ]
    } ],
    "lastUpdate" : "20150213T183537Z"
  }, {
    "type" : "place",
    "startTime" : "20150213T125655-0500",
    "endTime" : "20150214T073430-0500",
    "place" : {
      "id" : 193512500,
      "name" : "Home",
      "type" : "home",
      "location" : {
        "lat" : 29.6564969542,
        "lon" : -82.3267639009
      }
    },
    "activities" : [ {
      "activity" : "walking",
      "group" : "walking",
      "manual" : false,
      "startTime" : "20150213T125758-0500",
      "endTime" : "20150213T125903-0500",
      "duration" : 65.0,
      "distance" : 55.0,
      "steps" : 110,
      "trackPoints" : [ ]
    }, {
      "activity" : "walking",
      "group" : "walking",
      "manual" : false,
      "startTime" : "20150213T135518-0500",
      "endTime" : "20150213T135625-0500",
      "duration" : 67.0,
      "distance" : 39.0,
      "steps" : 78,
      "trackPoints" : [ ]
    }, {
      "activity" : "walking",
      "group" : "walking",
      "manual" : false,
      "startTime" : "20150213T140155-0500",
      "endTime" : "20150213T141118-0500",
      "duration" : 563.0,
      "distance" : 486.0,
      "steps" : 648,
      "trackPoints" : [ ]
    }, {
      "activity" : "walking",
      "group" : "walking",
      "manual" : false,
      "startTime" : "20150213T161150-0500",
      "endTime" : "20150213T161250-0500",
      "duration" : 60.0,
      "distance" : 56.0,
      "steps" : 111,
      "trackPoints" : [ ]
    }, {
      "activity" : "walking",
      "group" : "walking",
      "manual" : false,
      "startTime" : "20150213T172753-0500",
      "endTime" : "20150213T172953-0500",
      "duration" : 120.0,
      "distance" : 60.0,
      "steps" : 107,
      "trackPoints" : [ ]
    }, {
      "activity" : "walking",
      "group" : "walking",
      "manual" : false,
      "startTime" : "20150213T182739-0500",
      "endTime" : "20150213T183018-0500",
      "duration" : 159.0,
      "distance" : 156.0,
      "steps" : 208,
      "trackPoints" : [ ]
    }, {
      "activity" : "walking",
      "group" : "walking",
      "manual" : false,
      "startTime" : "20150213T204553-0500",
      "endTime" : "20150213T204823-0500",
      "duration" : 150.0,
      "distance" : 148.0,
      "steps" : 197,
      "trackPoints" : [ ]
    }, {
      "activity" : "walking",
      "group" : "walking",
      "manual" : false,
      "startTime" : "20150213T210528-0500",
      "endTime" : "20150213T210658-0500",
      "duration" : 90.0,
      "distance" : 76.0,
      "steps" : 152,
      "trackPoints" : [ ]
    } ],
    "lastUpdate" : "20150214T141828Z"
  } ],
  "lastUpdate" : "20150214T141828Z"
} ]