[ {
  "date" : "20150212",
  "summary" : [ {
    "activity" : "walking",
    "group" : "walking",
    "duration" : 725.0,
    "distance" : 496.0,
    "steps" : 792
  }, {
    "activity" : "cycling",
    "group" : "cycling",
    "duration" : 1266.0,
    "distance" : 7528.0
  }, {
    "activity" : "transport",
    "group" : "transport",
    "duration" : 129.0,
    "distance" : 971.0
  } ],
  "segments" : [ {
    "type" : "place",
    "startTime" : "20150211T210517-0500",
    "endTime" : "20150212T164441-0500",
    "place" : {
      "id" : 193512500,
      "name" : "Home",
      "type" : "home",
      "location" : {
        "lat" : 29.6564969542,
        "lon" : -82.3267639009
      }
    },
    "activities" : [ {
      "activity" : "walking",
      "group" : "walking",
      "manual" : false,
      "startTime" : "20150212T052752-0500",
      "endTime" : "20150212T052814-0500",
      "duration" : 22.0,
      "distance" : 16.0,
      "steps" : 33,
      "trackPoints" : [ ]
    }, {
      "activity" : "walking",
      "group" : "walking",
      "manual" : false,
      "startTime" : "20150212T060121-0500",
      "endTime" : "20150212T060137-0500",
      "duration" : 16.0,
      "distance" : 8.0,
      "steps" : 14,
      "trackPoints" : [ ]
    }, {
      "activity" : "walking",
      "group" : "walking",
      "manual" : false,
      "startTime" : "20150212T072048-0500",
      "endTime" : "20150212T072151-0500",
      "duration" : 63.0,
      "distance" : 36.0,
      "steps" : 73,
      "trackPoints" : [ ]
    }, {
      "activity" : "walking",
      "group" : "walking",
      "manual" : false,
      "startTime" : "20150212T080426-0500",
      "endTime" : "20150212T080444-0500",
      "duration" : 18.0,
      "distance" : 11.0,
      "steps" : 22,
      "trackPoints" : [ ]
    }, {
      "activity" : "walking",
      "group" : "walking",
      "manual" : false,
      "startTime" : "20150212T150753-0500",
      "endTime" : "20150212T151121-0500",
      "duration" : 208.0,
      "distance" : 196.0,
      "steps" : 261,
      "trackPoints" : [ ]
    }, {
      "activity" : "walking",
      "group" : "walking",
      "manual" : false,
      "startTime" : "20150212T160334-0500",
      "endTime" : "20150212T160434-0500",
      "duration" : 60.0,
      "distance" : 30.0,
      "steps" : 51,
      "trackPoints" : [ ]
    } ],
    "lastUpdate" : "20150213T004210Z"
  }, {
    "type" : "move",
    "startTime" : "20150212T164441-0500",
    "endTime" : "20150212T165743-0500",
    "activities" : [ {
      "activity" : "cycling",
      "group" : "cycling",
      "manual" : false,
      "startTime" : "20150212T164441-0500",
      "endTime" : "20150212T165454-0500",
      "duration" : 613.0,
      "distance" : 4059.0,
      "trackPoints" : [ {
        "lat" : 29.6564969542,
        "lon" : -82.3267639009,
        "time" : "20150212T164441-0500"
      }, {
        "lat" : 29.6555943224,
        "lon" : -82.3276078776,
        "time" : "20150212T164456-0500"
      }, {
        "lat" : 29.6519819054,
        "lon" : -82.3307171189,
        "time" : "20150212T164651-0500"
      }, {
        "lat" : 29.6501197642,
        "lon" : -82.3308010594,
        "time" : "20150212T164728-0500"
      }, {
        "lat" : 29.64998361,
        "lon" : -82.330824644,
        "time" : "20150212T164750-0500"
      }, {
        "lat" : 29.6485436849,
        "lon" : -82.330993219,
        "time" : "20150212T164830-0500"
      }, {
        "lat" : 29.6480093763,
        "lon" : -82.3310860551,
        "time" : "20150212T164850-0500"
      }, {
        "lat" : 29.6432206668,
        "lon" : -82.3337884626,
        "time" : "20150212T165008-0500"
      }, {
        "lat" : 29.6426057438,
        "lon" : -82.3365521795,
        "time" : "20150212T165029-0500"
      }, {
        "lat" : 29.642435738,
        "lon" : -82.3370841967,
        "time" : "20150212T165049-0500"
      }, {
        "lat" : 29.6416087003,
        "lon" : -82.3385127104,
        "time" : "20150212T165119-0500"
      }, {
        "lat" : 29.6415518647,
        "lon" : -82.3387574942,
        "time" : "20150212T165139-0500"
      }, {
        "lat" : 29.6414573311,
        "lon" : -82.3389171997,
        "time" : "20150212T165156-0500"
      }, {
        "lat" : 29.6387005673,
        "lon" : -82.3431723972,
        "time" : "20150212T165219-0500"
      }, {
        "lat" : 29.6370751455,
        "lon" : -82.3491823519,
        "time" : "20150212T165341-0500"
      }, {
        "lat" : 29.6374538638,
        "lon" : -82.3512168964,
        "time" : "20150212T165454-0500"
      } ]
    }, {
      "activity" : "walking",
      "group" : "walking",
      "manual" : false,
      "startTime" : "20150212T165454-0500",
      "endTime" : "20150212T165743-0500",
      "duration" : 169.0,
      "distance" : 85.0,
      "steps" : 113,
      "trackPoints" : [ {
        "lat" : 29.6374538638,
        "lon" : -82.3512168964,
        "time" : "20150212T165454-0500"
      }, {
        "lat" : 29.6375527948,
        "lon" : -82.3516568884,
        "time" : "20150212T165602-0500"
      }, {
        "lat" : 29.6375639228,
        "lon" : -82.3517054361,
        "time" : "20150212T165620-0500"
      }, {
        "lat" : 29.6375775235,
        "lon" : -82.3517883031,
        "time" : "20150212T165637-0500"
      }, {
        "lat" : 29.6375857621,
        "lon" : -82.351855889,
        "time" : "20150212T165656-0500"
      }, {
        "lat" : 29.6375733062,
        "lon" : -82.3518772633,
        "time" : "20150212T165711-0500"
      }, {
        "lat" : 29.6375018345,
        "lon" : -82.3518371665,
        "time" : "20150212T165743-0500"
      } ]
    } ],
    "lastUpdate" : "20150213T004210Z"
  }, {
    "type" : "place",
    "startTime" : "20150212T165743-0500",
    "endTime" : "20150212T180022-0500",
    "place" : {
      "id" : 192323597,
      "type" : "unknown",
      "location" : {
        "lat" : 29.6375018345,
        "lon" : -82.3518371665
      }
    },
    "activities" : [ {
      "activity" : "walking",
      "group" : "walking",
      "manual" : false,
      "startTime" : "20150212T175757-0500",
      "endTime" : "20150212T175827-0500",
      "duration" : 30.0,
      "distance" : 20.0,
      "steps" : 40,
      "trackPoints" : [ ]
    } ],
    "lastUpdate" : "20150213T004210Z"
  }, {
    "type" : "move",
    "startTime" : "20150212T180022-0500",
    "endTime" : "20150212T180231-0500",
    "activities" : [ {
      "activity" : "transport",
      "group" : "transport",
      "manual" : false,
      "startTime" : "20150212T180022-0500",
      "endTime" : "20150212T180231-0500",
      "duration" : 129.0,
      "distance" : 971.0,
      "trackPoints" : [ {
        "lat" : 29.6375018345,
        "lon" : -82.3518371665,
        "time" : "20150212T180022-0500"
      }, {
        "lat" : 29.6390010962,
        "lon" : -82.350789781,
        "time" : "20150212T180102-0500"
      }, {
        "lat" : 29.6393621786,
        "lon" : -82.3502356211,
        "time" : "20150212T180123-0500"
      }, {
        "lat" : 29.6395031065,
        "lon" : -82.3498578777,
        "time" : "20150212T180145-0500"
      }, {
        "lat" : 29.6402870661,
        "lon" : -82.3469378081,
        "time" : "20150212T180207-0500"
      }, {
        "lat" : 29.641591782,
        "lon" : -82.3448683504,
        "time" : "20150212T180231-0500"
      } ]
    } ],
    "lastUpdate" : "20150213T004210Z"
  }, {
    "type" : "place",
    "startTime" : "20150212T180231-0500",
    "endTime" : "20150212T201828-0500",
    "place" : {
      "id" : 192487158,
      "type" : "unknown",
      "location" : {
        "lat" : 29.641591782,
        "lon" : -82.3448683504
      }
    },
    "activities" : [ {
      "activity" : "walking",
      "group" : "walking",
      "manual" : false,
      "startTime" : "20150212T180252-0500",
      "endTime" : "20150212T180306-0500",
      "duration" : 14.0,
      "distance" : 10.0,
      "steps" : 19,
      "trackPoints" : [ ]
    }, {
      "activity" : "walking",
      "group" : "walking",
      "manual" : false,
      "startTime" : "20150212T193012-0500",
      "endTime" : "20150212T193034-0500",
      "duration" : 22.0,
      "distance" : 14.0,
      "steps" : 27,
      "trackPoints" : [ ]
    }, {
      "activity" : "walking",
      "group" : "walking",
      "manual" : false,
      "startTime" : "20150212T201245-0500",
      "endTime" : "20150212T201338-0500",
      "duration" : 53.0,
      "distance" : 34.0,
      "steps" : 68,
      "trackPoints" : [ ]
    } ],
    "lastUpdate" : "20150213T021257Z"
  }, {
    "type" : "move",
    "startTime" : "20150212T201828-0500",
    "endTime" : "20150212T202922-0500",
    "activities" : [ {
      "activity" : "cycling",
      "group" : "cycling",
      "manual" : false,
      "startTime" : "20150212T201828-0500",
      "endTime" : "20150212T202921-0500",
      "duration" : 653.0,
      "distance" : 3469.0,
      "trackPoints" : [ {
        "lat" : 29.641591782,
        "lon" : -82.3448683504,
        "time" : "20150212T201828-0500"
      }, {
        "lat" : 29.6412603522,
        "lon" : -82.3450543338,
        "time" : "20150212T201849-0500"
      }, {
        "lat" : 29.6412566455,
        "lon" : -82.345018696,
        "time" : "20150212T201909-0500"
      }, {
        "lat" : 29.6406802049,
        "lon" : -82.3436816924,
        "time" : "20150212T201941-0500"
      }, {
        "lat" : 29.6406200696,
        "lon" : -82.3431655456,
        "time" : "20150212T202000-0500"
      }, {
        "lat" : 29.6406196016,
        "lon" : -82.3430788029,
        "time" : "20150212T202019-0500"
      }, {
        "lat" : 29.6406036084,
        "lon" : -82.3430164121,
        "time" : "20150212T202038-0500"
      }, {
        "lat" : 29.6402685179,
        "lon" : -82.3417111609,
        "time" : "20150212T202059-0500"
      }, {
        "lat" : 29.6411358994,
        "lon" : -82.3396040553,
        "time" : "20150212T202120-0500"
      }, {
        "lat" : 29.6411721066,
        "lon" : -82.3393516904,
        "time" : "20150212T202141-0500"
      }, {
        "lat" : 29.6412343653,
        "lon" : -82.3392254051,
        "time" : "20150212T202202-0500"
      }, {
        "lat" : 29.642256882,
        "lon" : -82.3374300743,
        "time" : "20150212T202231-0500"
      }, {
        "lat" : 29.6426186476,
        "lon" : -82.3364010776,
        "time" : "20150212T202252-0500"
      }, {
        "lat" : 29.6432089725,
        "lon" : -82.3339512776,
        "time" : "20150212T202312-0500"
      }, {
        "lat" : 29.6501687018,
        "lon" : -82.3303443516,
        "time" : "20150212T202541-0500"
      }, {
        "lat" : 29.650313737,
        "lon" : -82.3281541468,
        "time" : "20150212T202602-0500"
      }, {
        "lat" : 29.6505039635,
        "lon" : -82.3274782774,
        "time" : "20150212T202620-0500"
      }, {
        "lat" : 29.6517696787,
        "lon" : -82.3267002928,
        "time" : "20150212T202645-0500"
      }, {
        "lat" : 29.6518528742,
        "lon" : -82.3266749982,
        "time" : "20150212T202700-0500"
      }, {
        "lat" : 29.6519655467,
        "lon" : -82.3266993237,
        "time" : "20150212T202721-0500"
      }, {
        "lat" : 29.6521877239,
        "lon" : -82.3267571598,
        "time" : "20150212T202741-0500"
      }, {
        "lat" : 29.6539967344,
        "lon" : -82.3268561142,
        "time" : "20150212T202811-0500"
      }, {
        "lat" : 29.655185882,
        "lon" : -82.3268154351,
        "time" : "20150212T202838-0500"
      }, {
        "lat" : 29.6564969542,
        "lon" : -82.3267639009,
        "time" : "20150212T202922-0500"
      } ]
    } ],
    "lastUpdate" : "20150213T021257Z"
  }, {
    "type" : "place",
    "startTime" : "20150212T202922-0500",
    "endTime" : "20150213T072735-0500",
    "place" : {
      "id" : 193512500,
      "name" : "Home",
      "type" : "home",
      "location" : {
        "lat" : 29.6564969542,
        "lon" : -82.3267639009
      }
    },
    "activities" : [ {
      "activity" : "walking",
      "group" : "walking",
      "manual" : false,
      "startTime" : "20150212T203033-0500",
      "endTime" : "20150212T203103-0500",
      "duration" : 30.0,
      "distance" : 25.0,
      "steps" : 50,
      "trackPoints" : [ ]
    }, {
      "activity" : "walking",
      "group" : "walking",
      "manual" : false,
      "startTime" : "20150212T210955-0500",
      "endTime" : "20150212T211009-0500",
      "duration" : 14.0,
      "distance" : 7.0,
      "steps" : 14,
      "trackPoints" : [ ]
    }, {
      "activity" : "walking",
      "group" : "walking",
      "manual" : false,
      "startTime" : "20150212T220000-0500",
      "endTime" : "20150212T220006-0500",
      "duration" : 6.0,
      "distance" : 4.0,
      "steps" : 7,
      "trackPoints" : [ ]
    } ],
    "lastUpdate" : "20150213T140235Z"
  } ],
  "lastUpdate" : "20150213T140235Z"
} ]