[ {
  "date" : "20150130",
  "summary" : [ {
    "activity" : "walking",
    "group" : "walking",
    "duration" : 3331.0,
    "distance" : 3293.0,
    "steps" : 3962
  }, {
    "activity" : "cycling",
    "group" : "cycling",
    "duration" : 2338.0,
    "distance" : 13402.0
  }, {
    "activity" : "transport",
    "group" : "transport",
    "duration" : 219.0,
    "distance" : 937.0
  } ],
  "segments" : [ {
    "type" : "place",
    "startTime" : "20150129T203236-0500",
    "endTime" : "20150130T091715-0500",
    "place" : {
      "id" : 191508619,
      "type" : "unknown",
      "location" : {
        "lat" : 29.6565354608,
        "lon" : -82.326775329
      }
    },
    "activities" : [ {
      "activity" : "walking",
      "group" : "walking",
      "manual" : false,
      "startTime" : "20150130T054403-0500",
      "endTime" : "20150130T054433-0500",
      "duration" : 30.0,
      "distance" : 15.0,
      "steps" : 20,
      "trackPoints" : [ ]
    }, {
      "activity" : "walking",
      "group" : "walking",
      "manual" : false,
      "startTime" : "20150130T062041-0500",
      "endTime" : "20150130T062111-0500",
      "duration" : 30.0,
      "distance" : 15.0,
      "steps" : 30,
      "trackPoints" : [ ]
    }, {
      "activity" : "walking",
      "group" : "walking",
      "manual" : false,
      "startTime" : "20150130T091302-0500",
      "endTime" : "20150130T091402-0500",
      "duration" : 60.0,
      "distance" : 30.0,
      "steps" : 50,
      "trackPoints" : [ ]
    } ],
    "lastUpdate" : "20150130T170701Z"
  }, {
    "type" : "move",
    "startTime" : "20150130T091715-0500",
    "endTime" : "20150130T092643-0500",
    "activities" : [ {
      "activity" : "cycling",
      "group" : "cycling",
      "manual" : false,
      "startTime" : "20150130T091715-0500",
      "endTime" : "20150130T092643-0500",
      "duration" : 568.0,
      "distance" : 3480.0,
      "trackPoints" : [ {
        "lat" : 29.6565354608,
        "lon" : -82.326775329,
        "time" : "20150130T091715-0500"
      }, {
        "lat" : 29.6541264269,
        "lon" : -82.3278619767,
        "time" : "20150130T091747-0500"
      }, {
        "lat" : 29.6522489263,
        "lon" : -82.32841115,
        "time" : "20150130T091831-0500"
      }, {
        "lat" : 29.6507003419,
        "lon" : -82.3284676852,
        "time" : "20150130T091910-0500"
      }, {
        "lat" : 29.6504327719,
        "lon" : -82.3287709901,
        "time" : "20150130T091930-0500"
      }, {
        "lat" : 29.6502658233,
        "lon" : -82.3300513753,
        "time" : "20150130T091950-0500"
      }, {
        "lat" : 29.6501907272,
        "lon" : -82.3315413817,
        "time" : "20150130T092012-0500"
      }, {
        "lat" : 29.6502084966,
        "lon" : -82.3338569344,
        "time" : "20150130T092032-0500"
      }, {
        "lat" : 29.6502527608,
        "lon" : -82.3351808697,
        "time" : "20150130T092053-0500"
      }, {
        "lat" : 29.650334324,
        "lon" : -82.3370159873,
        "time" : "20150130T092120-0500"
      }, {
        "lat" : 29.6503178729,
        "lon" : -82.3383263426,
        "time" : "20150130T092143-0500"
      }, {
        "lat" : 29.6503026677,
        "lon" : -82.3388249668,
        "time" : "20150130T092203-0500"
      }, {
        "lat" : 29.6502924282,
        "lon" : -82.3389012628,
        "time" : "20150130T092220-0500"
      }, {
        "lat" : 29.6502931142,
        "lon" : -82.3389190825,
        "time" : "20150130T092240-0500"
      }, {
        "lat" : 29.6503088113,
        "lon" : -82.3390189444,
        "time" : "20150130T092302-0500"
      }, {
        "lat" : 29.6497677063,
        "lon" : -82.3417526536,
        "time" : "20150130T092334-0500"
      }, {
        "lat" : 29.6495762376,
        "lon" : -82.3424213988,
        "time" : "20150130T092354-0500"
      }, {
        "lat" : 29.6485300796,
        "lon" : -82.3437138181,
        "time" : "20150130T092424-0500"
      }, {
        "lat" : 29.6482743003,
        "lon" : -82.3438624578,
        "time" : "20150130T092444-0500"
      }, {
        "lat" : 29.647152427,
        "lon" : -82.3438813271,
        "time" : "20150130T092504-0500"
      }, {
        "lat" : 29.6454916028,
        "lon" : -82.3445533072,
        "time" : "20150130T092536-0500"
      }, {
        "lat" : 29.6449567764,
        "lon" : -82.3444239727,
        "time" : "20150130T092552-0500"
      }, {
        "lat" : 29.6436420966,
        "lon" : -82.3439925804,
        "time" : "20150130T092612-0500"
      }, {
        "lat" : 29.641591782,
        "lon" : -82.3448683504,
        "time" : "20150130T092643-0500"
      } ]
    } ],
    "lastUpdate" : "20150130T170701Z"
  }, {
    "type" : "place",
    "startTime" : "20150130T092643-0500",
    "endTime" : "20150130T123711-0500",
    "place" : {
      "id" : 192487158,
      "type" : "unknown",
      "location" : {
        "lat" : 29.641591782,
        "lon" : -82.3448683504
      }
    },
    "activities" : [ {
      "activity" : "walking",
      "group" : "walking",
      "manual" : false,
      "startTime" : "20150130T092808-0500",
      "endTime" : "20150130T093337-0500",
      "duration" : 329.0,
      "distance" : 393.0,
      "steps" : 523,
      "trackPoints" : [ ]
    }, {
      "activity" : "walking",
      "group" : "walking",
      "manual" : false,
      "startTime" : "20150130T110725-0500",
      "endTime" : "20150130T111457-0500",
      "duration" : 452.0,
      "distance" : 447.0,
      "steps" : 596,
      "trackPoints" : [ ]
    }, {
      "activity" : "walking",
      "group" : "walking",
      "manual" : false,
      "startTime" : "20150130T123350-0500",
      "endTime" : "20150130T123437-0500",
      "duration" : 47.0,
      "distance" : 43.0,
      "steps" : 86,
      "trackPoints" : [ ]
    } ],
    "lastUpdate" : "20150130T185831Z"
  }, {
    "type" : "move",
    "startTime" : "20150130T123711-0500",
    "endTime" : "20150130T125317-0500",
    "activities" : [ {
      "activity" : "cycling",
      "group" : "cycling",
      "manual" : false,
      "startTime" : "20150130T123711-0500",
      "endTime" : "20150130T125318-0500",
      "duration" : 967.0,
      "distance" : 5827.0,
      "trackPoints" : [ {
        "lat" : 29.641591782,
        "lon" : -82.3448683504,
        "time" : "20150130T123711-0500"
      }, {
        "lat" : 29.641179766,
        "lon" : -82.3442897537,
        "time" : "20150130T123727-0500"
      }, {
        "lat" : 29.6410992304,
        "lon" : -82.3441525192,
        "time" : "20150130T123749-0500"
      }, {
        "lat" : 29.6409752789,
        "lon" : -82.3437303491,
        "time" : "20150130T123819-0500"
      }, {
        "lat" : 29.6402571401,
        "lon" : -82.3424200185,
        "time" : "20150130T123849-0500"
      }, {
        "lat" : 29.6403346646,
        "lon" : -82.341533261,
        "time" : "20150130T123912-0500"
      }, {
        "lat" : 29.6412932801,
        "lon" : -82.339631536,
        "time" : "20150130T123943-0500"
      }, {
        "lat" : 29.6415053122,
        "lon" : -82.3385924008,
        "time" : "20150130T124018-0500"
      }, {
        "lat" : 29.6421626713,
        "lon" : -82.3375892324,
        "time" : "20150130T124038-0500"
      }, {
        "lat" : 29.6424482769,
        "lon" : -82.3369974593,
        "time" : "20150130T124057-0500"
      }, {
        "lat" : 29.6426478255,
        "lon" : -82.3361997466,
        "time" : "20150130T124118-0500"
      }, {
        "lat" : 29.6432175044,
        "lon" : -82.3336758672,
        "time" : "20150130T124149-0500"
      }, {
        "lat" : 29.6434917829,
        "lon" : -82.3318677768,
        "time" : "20150130T124219-0500"
      }, {
        "lat" : 29.6435694246,
        "lon" : -82.331654563,
        "time" : "20150130T124239-0500"
      }, {
        "lat" : 29.6436489102,
        "lon" : -82.3315709248,
        "time" : "20150130T124255-0500"
      }, {
        "lat" : 29.6450600265,
        "lon" : -82.3298684286,
        "time" : "20150130T124329-0500"
      }, {
        "lat" : 29.6453516525,
        "lon" : -82.3291398136,
        "time" : "20150130T124349-0500"
      }, {
        "lat" : 29.645511987,
        "lon" : -82.3278502407,
        "time" : "20150130T124409-0500"
      }, {
        "lat" : 29.6456673147,
        "lon" : -82.3275479803,
        "time" : "20150130T124430-0500"
      }, {
        "lat" : 29.6457755047,
        "lon" : -82.3274193527,
        "time" : "20150130T124449-0500"
      }, {
        "lat" : 29.6463687767,
        "lon" : -82.3250624089,
        "time" : "20150130T124529-0500"
      }, {
        "lat" : 29.6464553533,
        "lon" : -82.3242841053,
        "time" : "20150130T124549-0500"
      }, {
        "lat" : 29.6464775517,
        "lon" : -82.323124737,
        "time" : "20150130T124609-0500"
      }, {
        "lat" : 29.6463725764,
        "lon" : -82.3226478982,
        "time" : "20150130T124629-0500"
      }, {
        "lat" : 29.6457195086,
        "lon" : -82.3193270562,
        "time" : "20150130T124704-0500"
      }, {
        "lat" : 29.6460407511,
        "lon" : -82.3181214723,
        "time" : "20150130T124730-0500"
      }, {
        "lat" : 29.6463529283,
        "lon" : -82.3174152762,
        "time" : "20150130T124751-0500"
      }, {
        "lat" : 29.6470801778,
        "lon" : -82.3153352997,
        "time" : "20150130T124821-0500"
      }, {
        "lat" : 29.6473184072,
        "lon" : -82.3147478003,
        "time" : "20150130T124841-0500"
      }, {
        "lat" : 29.6493063906,
        "lon" : -82.310616472,
        "time" : "20150130T124941-0500"
      }, {
        "lat" : 29.6490579134,
        "lon" : -82.3086652189,
        "time" : "20150130T125007-0500"
      }, {
        "lat" : 29.6490446117,
        "lon" : -82.3055797894,
        "time" : "20150130T125045-0500"
      }, {
        "lat" : 29.6488274753,
        "lon" : -82.3026496207,
        "time" : "20150130T125121-0500"
      }, {
        "lat" : 29.6483495163,
        "lon" : -82.3003932929,
        "time" : "20150130T125151-0500"
      }, {
        "lat" : 29.6483218506,
        "lon" : -82.300113569,
        "time" : "20150130T125211-0500"
      }, {
        "lat" : 29.6491781725,
        "lon" : -82.2978327472,
        "time" : "20150130T125257-0500"
      }, {
        "lat" : 29.6487508042,
        "lon" : -82.2959208587,
        "time" : "20150130T125317-0500"
      } ]
    } ],
    "lastUpdate" : "20150130T185831Z"
  }, {
    "type" : "place",
    "startTime" : "20150130T125317-0500",
    "endTime" : "20150130T133427-0500",
    "place" : {
      "id" : 192508698,
      "type" : "unknown",
      "location" : {
        "lat" : 29.6487508042,
        "lon" : -82.2959208587
      }
    },
    "activities" : [ {
      "activity" : "walking",
      "group" : "walking",
      "manual" : false,
      "startTime" : "20150130T125412-0500",
      "endTime" : "20150130T125511-0500",
      "duration" : 59.0,
      "distance" : 49.0,
      "steps" : 99,
      "trackPoints" : [ ]
    } ],
    "lastUpdate" : "20150130T214036Z"
  }, {
    "type" : "move",
    "startTime" : "20150130T133428-0500",
    "endTime" : "20150130T134056-0500",
    "activities" : [ {
      "activity" : "walking",
      "group" : "walking",
      "manual" : false,
      "startTime" : "20150130T133428-0500",
      "endTime" : "20150130T133759-0500",
      "duration" : 211.0,
      "distance" : 112.0,
      "steps" : 224,
      "trackPoints" : [ {
        "lat" : 29.6487508042,
        "lon" : -82.2959208587,
        "time" : "20150130T133428-0500"
      }, {
        "lat" : 29.6487461005,
        "lon" : -82.2959358966,
        "time" : "20150130T133453-0500"
      }, {
        "lat" : 29.6487688624,
        "lon" : -82.2959222591,
        "time" : "20150130T133513-0500"
      }, {
        "lat" : 29.6488131482,
        "lon" : -82.2958958261,
        "time" : "20150130T133535-0500"
      }, {
        "lat" : 29.6493008301,
        "lon" : -82.2955832028,
        "time" : "20150130T133613-0500"
      }, {
        "lat" : 29.649393358,
        "lon" : -82.2955028413,
        "time" : "20150130T133629-0500"
      }, {
        "lat" : 29.6494489282,
        "lon" : -82.2954535403,
        "time" : "20150130T133649-0500"
      }, {
        "lat" : 29.6494588609,
        "lon" : -82.2954477834,
        "time" : "20150130T133709-0500"
      }, {
        "lat" : 29.6494604353,
        "lon" : -82.2954538085,
        "time" : "20150130T133727-0500"
      }, {
        "lat" : 29.6494616774,
        "lon" : -82.2954783423,
        "time" : "20150130T133758-0500"
      } ]
    }, {
      "activity" : "transport",
      "group" : "transport",
      "manual" : false,
      "startTime" : "20150130T133758-0500",
      "endTime" : "20150130T134056-0500",
      "duration" : 178.0,
      "distance" : 455.0,
      "trackPoints" : [ {
        "lat" : 29.6494616774,
        "lon" : -82.2954783423,
        "time" : "20150130T133758-0500"
      }, {
        "lat" : 29.6494140136,
        "lon" : -82.2954606245,
        "time" : "20150130T133822-0500"
      }, {
        "lat" : 29.6493293383,
        "lon" : -82.2954057207,
        "time" : "20150130T133843-0500"
      }, {
        "lat" : 29.649224315,
        "lon" : -82.2953343906,
        "time" : "20150130T133912-0500"
      }, {
        "lat" : 29.6466758432,
        "lon" : -82.2935604005,
        "time" : "20150130T133951-0500"
      }, {
        "lat" : 29.6465228994,
        "lon" : -82.2935599835,
        "time" : "20150130T134011-0500"
      }, {
        "lat" : 29.6465377304,
        "lon" : -82.2936202185,
        "time" : "20150130T134035-0500"
      }, {
        "lat" : 29.6465881362,
        "lon" : -82.2937236646,
        "time" : "20150130T134056-0500"
      } ]
    } ],
    "lastUpdate" : "20150130T214036Z"
  }, {
    "type" : "place",
    "startTime" : "20150130T134056-0500",
    "endTime" : "20150130T134849-0500",
    "place" : {
      "id" : 192536760,
      "type" : "unknown",
      "location" : {
        "lat" : 29.6465881362,
        "lon" : -82.2937236646
      }
    },
    "activities" : [ {
      "activity" : "walking",
      "group" : "walking",
      "manual" : false,
      "startTime" : "20150130T134532-0500",
      "endTime" : "20150130T134602-0500",
      "duration" : 30.0,
      "distance" : 25.0,
      "steps" : 51,
      "trackPoints" : [ ]
    } ],
    "lastUpdate" : "20150130T214036Z"
  }, {
    "type" : "move",
    "startTime" : "20150130T134849-0500",
    "endTime" : "20150130T134930-0500",
    "activities" : [ {
      "activity" : "transport",
      "group" : "transport",
      "manual" : false,
      "startTime" : "20150130T134849-0500",
      "endTime" : "20150130T134930-0500",
      "duration" : 41.0,
      "distance" : 482.0,
      "trackPoints" : [ {
        "lat" : 29.6465881362,
        "lon" : -82.2937236646,
        "time" : "20150130T134849-0500"
      }, {
        "lat" : 29.6490698706,
        "lon" : -82.2959831778,
        "time" : "20150130T134910-0500"
      }, {
        "lat" : 29.6494642535,
        "lon" : -82.2954513859,
        "time" : "20150130T134930-0500"
      } ]
    } ],
    "lastUpdate" : "20150130T214036Z"
  }, {
    "type" : "place",
    "startTime" : "20150130T134930-0500",
    "endTime" : "20150130T170936-0500",
    "place" : {
      "id" : 192536761,
      "type" : "unknown",
      "location" : {
        "lat" : 29.6494642535,
        "lon" : -82.2954513859
      }
    },
    "activities" : [ {
      "activity" : "walking",
      "group" : "walking",
      "manual" : false,
      "startTime" : "20150130T134930-0500",
      "endTime" : "20150130T135025-0500",
      "duration" : 55.0,
      "distance" : 47.0,
      "steps" : 93,
      "trackPoints" : [ ]
    }, {
      "activity" : "walking",
      "group" : "walking",
      "manual" : false,
      "startTime" : "20150130T143357-0500",
      "endTime" : "20150130T143427-0500",
      "duration" : 30.0,
      "distance" : 30.0,
      "steps" : 60,
      "trackPoints" : [ ]
    }, {
      "activity" : "walking",
      "group" : "walking",
      "manual" : false,
      "startTime" : "20150130T165637-0500",
      "endTime" : "20150130T165820-0500",
      "duration" : 103.0,
      "distance" : 89.0,
      "steps" : 177,
      "trackPoints" : [ ]
    }, {
      "activity" : "walking",
      "group" : "walking",
      "manual" : false,
      "startTime" : "20150130T170648-0500",
      "endTime" : "20150130T170748-0500",
      "duration" : 60.0,
      "distance" : 56.0,
      "steps" : 112,
      "trackPoints" : [ ]
    } ],
    "lastUpdate" : "20150131T004125Z"
  }, {
    "type" : "move",
    "startTime" : "20150130T170936-0500",
    "endTime" : "20150130T172259-0500",
    "activities" : [ {
      "activity" : "cycling",
      "group" : "cycling",
      "manual" : false,
      "startTime" : "20150130T170936-0500",
      "endTime" : "20150130T172259-0500",
      "duration" : 803.0,
      "distance" : 4095.0,
      "trackPoints" : [ {
        "lat" : 29.6494642535,
        "lon" : -82.2954513859,
        "time" : "20150130T170936-0500"
      }, {
        "lat" : 29.6491256855,
        "lon" : -82.29608079,
        "time" : "20150130T170958-0500"
      }, {
        "lat" : 29.6493291417,
        "lon" : -82.2962764986,
        "time" : "20150130T171019-0500"
      }, {
        "lat" : 29.6495752834,
        "lon" : -82.2972629185,
        "time" : "20150130T171049-0500"
      }, {
        "lat" : 29.6504665422,
        "lon" : -82.2973864836,
        "time" : "20150130T171113-0500"
      }, {
        "lat" : 29.6509125483,
        "lon" : -82.2974163248,
        "time" : "20150130T171133-0500"
      }, {
        "lat" : 29.6521577589,
        "lon" : -82.2973837702,
        "time" : "20150130T171152-0500"
      }, {
        "lat" : 29.652598989,
        "lon" : -82.2973686473,
        "time" : "20150130T171213-0500"
      }, {
        "lat" : 29.6536459004,
        "lon" : -82.2977819176,
        "time" : "20150130T171247-0500"
      }, {
        "lat" : 29.6539198092,
        "lon" : -82.2996020434,
        "time" : "20150130T171318-0500"
      }, {
        "lat" : 29.6536463864,
        "lon" : -82.3011269594,
        "time" : "20150130T171338-0500"
      }, {
        "lat" : 29.6539596355,
        "lon" : -82.3024733034,
        "time" : "20150130T171359-0500"
      }, {
        "lat" : 29.6540173188,
        "lon" : -82.3052388116,
        "time" : "20150130T171441-0500"
      }, {
        "lat" : 29.6540237839,
        "lon" : -82.3073776749,
        "time" : "20150130T171520-0500"
      }, {
        "lat" : 29.6545835868,
        "lon" : -82.3084657128,
        "time" : "20150130T171609-0500"
      }, {
        "lat" : 29.6555275115,
        "lon" : -82.3097763118,
        "time" : "20150130T171633-0500"
      }, {
        "lat" : 29.6557472073,
        "lon" : -82.3104985945,
        "time" : "20150130T171653-0500"
      }, {
        "lat" : 29.6557851283,
        "lon" : -82.3119958956,
        "time" : "20150130T171713-0500"
      }, {
        "lat" : 29.6558157095,
        "lon" : -82.3129799754,
        "time" : "20150130T171734-0500"
      }, {
        "lat" : 29.6558839713,
        "lon" : -82.3143360768,
        "time" : "20150130T171754-0500"
      }, {
        "lat" : 29.6558888212,
        "lon" : -82.3153422903,
        "time" : "20150130T171814-0500"
      }, {
        "lat" : 29.6558156123,
        "lon" : -82.3173465541,
        "time" : "20150130T171835-0500"
      }, {
        "lat" : 29.6558027208,
        "lon" : -82.3185596135,
        "time" : "20150130T171857-0500"
      }, {
        "lat" : 29.6558335821,
        "lon" : -82.3190729359,
        "time" : "20150130T171916-0500"
      }, {
        "lat" : 29.6558302508,
        "lon" : -82.3203612535,
        "time" : "20150130T171937-0500"
      }, {
        "lat" : 29.6558038515,
        "lon" : -82.3213642644,
        "time" : "20150130T171953-0500"
      }, {
        "lat" : 29.6557760908,
        "lon" : -82.3231966157,
        "time" : "20150130T172017-0500"
      }, {
        "lat" : 29.6567384589,
        "lon" : -82.3245689306,
        "time" : "20150130T172057-0500"
      }, {
        "lat" : 29.6568596171,
        "lon" : -82.3248900554,
        "time" : "20150130T172118-0500"
      }, {
        "lat" : 29.6568596171,
        "lon" : -82.3248900554,
        "time" : "20150130T172138-0500"
      }, {
        "lat" : 29.6568596387,
        "lon" : -82.3248905748,
        "time" : "20150130T172158-0500"
      }, {
        "lat" : 29.6568595957,
        "lon" : -82.3248888451,
        "time" : "20150130T172214-0500"
      }, {
        "lat" : 29.6565354608,
        "lon" : -82.326775329,
        "time" : "20150130T172259-0500"
      } ]
    } ],
    "lastUpdate" : "20150131T004125Z"
  }, {
    "type" : "place",
    "startTime" : "20150130T172259-0500",
    "endTime" : "20150130T214228-0500",
    "place" : {
      "id" : 191508619,
      "type" : "unknown",
      "location" : {
        "lat" : 29.6565354608,
        "lon" : -82.326775329
      }
    },
    "activities" : [ {
      "activity" : "walking",
      "group" : "walking",
      "manual" : false,
      "startTime" : "20150130T172448-0500",
      "endTime" : "20150130T172518-0500",
      "duration" : 30.0,
      "distance" : 15.0,
      "steps" : 20,
      "trackPoints" : [ ]
    } ],
    "lastUpdate" : "20150131T051437Z"
  }, {
    "type" : "move",
    "startTime" : "20150130T214228-0500",
    "endTime" : "20150130T221132-0500",
    "activities" : [ {
      "activity" : "walking",
      "group" : "walking",
      "manual" : false,
      "startTime" : "20150130T214228-0500",
      "endTime" : "20150130T221133-0500",
      "duration" : 1745.0,
      "distance" : 1897.0,
      "steps" : 1791,
      "trackPoints" : [ {
        "lat" : 29.6565354608,
        "lon" : -82.326775329,
        "time" : "20150130T214228-0500"
      }, {
        "lat" : 29.656462895,
        "lon" : -82.3267385049,
        "time" : "20150130T214347-0500"
      }, {
        "lat" : 29.6564743991,
        "lon" : -82.326745603,
        "time" : "20150130T214406-0500"
      }, {
        "lat" : 29.6564787958,
        "lon" : -82.3267450351,
        "time" : "20150130T214427-0500"
      }, {
        "lat" : 29.6564787841,
        "lon" : -82.3267481413,
        "time" : "20150130T214458-0500"
      }, {
        "lat" : 29.6563241014,
        "lon" : -82.3266275591,
        "time" : "20150130T214516-0500"
      }, {
        "lat" : 29.6560908673,
        "lon" : -82.3266269724,
        "time" : "20150130T214532-0500"
      }, {
        "lat" : 29.6558719184,
        "lon" : -82.3266449022,
        "time" : "20150130T214552-0500"
      }, {
        "lat" : 29.6556361381,
        "lon" : -82.3266524005,
        "time" : "20150130T214616-0500"
      }, {
        "lat" : 29.6553290266,
        "lon" : -82.3266390404,
        "time" : "20150130T214640-0500"
      }, {
        "lat" : 29.6550643883,
        "lon" : -82.3266498388,
        "time" : "20150130T214708-0500"
      }, {
        "lat" : 29.6549663773,
        "lon" : -82.3266371904,
        "time" : "20150130T214727-0500"
      }, {
        "lat" : 29.6546931118,
        "lon" : -82.3266614748,
        "time" : "20150130T214745-0500"
      }, {
        "lat" : 29.6544822901,
        "lon" : -82.3266682355,
        "time" : "20150130T214802-0500"
      }, {
        "lat" : 29.6542271576,
        "lon" : -82.326682643,
        "time" : "20150130T214822-0500"
      }, {
        "lat" : 29.6540316289,
        "lon" : -82.3266847292,
        "time" : "20150130T214839-0500"
      }, {
        "lat" : 29.6537031906,
        "lon" : -82.3266707538,
        "time" : "20150130T214906-0500"
      }, {
        "lat" : 29.6534064049,
        "lon" : -82.3266838236,
        "time" : "20150130T214934-0500"
      }, {
        "lat" : 29.6531653057,
        "lon" : -82.3266883584,
        "time" : "20150130T214955-0500"
      }, {
        "lat" : 29.6526061435,
        "lon" : -82.3269612144,
        "time" : "20150130T215058-0500"
      }, {
        "lat" : 29.6524175738,
        "lon" : -82.3270062884,
        "time" : "20150130T215119-0500"
      }, {
        "lat" : 29.6522502079,
        "lon" : -82.3270183815,
        "time" : "20150130T215141-0500"
      }, {
        "lat" : 29.6521619018,
        "lon" : -82.327006561,
        "time" : "20150130T215203-0500"
      }, {
        "lat" : 29.6520860216,
        "lon" : -82.3269619728,
        "time" : "20150130T215225-0500"
      }, {
        "lat" : 29.6520487763,
        "lon" : -82.3268351074,
        "time" : "20150130T215246-0500"
      }, {
        "lat" : 29.6519859598,
        "lon" : -82.3258356342,
        "time" : "20150130T215325-0500"
      }, {
        "lat" : 29.6519627697,
        "lon" : -82.3255573153,
        "time" : "20150130T215345-0500"
      }, {
        "lat" : 29.6519251759,
        "lon" : -82.3254434927,
        "time" : "20150130T215407-0500"
      }, {
        "lat" : 29.6518375214,
        "lon" : -82.3253733712,
        "time" : "20150130T215428-0500"
      }, {
        "lat" : 29.6517183888,
        "lon" : -82.3253256733,
        "time" : "20150130T215450-0500"
      }, {
        "lat" : 29.651616688,
        "lon" : -82.3253261937,
        "time" : "20150130T215511-0500"
      }, {
        "lat" : 29.6515757841,
        "lon" : -82.3253227429,
        "time" : "20150130T215533-0500"
      }, {
        "lat" : 29.6514958304,
        "lon" : -82.3253012849,
        "time" : "20150130T215554-0500"
      }, {
        "lat" : 29.651042643,
        "lon" : -82.3251737473,
        "time" : "20150130T215624-0500"
      }, {
        "lat" : 29.6507874333,
        "lon" : -82.3250900024,
        "time" : "20150130T215646-0500"
      }, {
        "lat" : 29.6506155481,
        "lon" : -82.3250090757,
        "time" : "20150130T215707-0500"
      }, {
        "lat" : 29.6504959834,
        "lon" : -82.324905015,
        "time" : "20150130T215728-0500"
      }, {
        "lat" : 29.6504054082,
        "lon" : -82.3247527396,
        "time" : "20150130T215748-0500"
      }, {
        "lat" : 29.6503490569,
        "lon" : -82.3245327206,
        "time" : "20150130T215809-0500"
      }, {
        "lat" : 29.6503812157,
        "lon" : -82.3241597044,
        "time" : "20150130T215841-0500"
      }, {
        "lat" : 29.6505392897,
        "lon" : -82.3240588384,
        "time" : "20150130T215902-0500"
      }, {
        "lat" : 29.6508572865,
        "lon" : -82.3240615548,
        "time" : "20150130T215923-0500"
      }, {
        "lat" : 29.6509890668,
        "lon" : -82.3242604019,
        "time" : "20150130T215953-0500"
      }, {
        "lat" : 29.6510134941,
        "lon" : -82.3243168869,
        "time" : "20150130T215959-0500"
      }, {
        "lat" : 29.6510135327,
        "lon" : -82.324316976,
        "time" : "20150130T220000-0500"
      }, {
        "lat" : 29.6510707766,
        "lon" : -82.3244493448,
        "time" : "20150130T220014-0500"
      }, {
        "lat" : 29.6512035357,
        "lon" : -82.3247404285,
        "time" : "20150130T220045-0500"
      }, {
        "lat" : 29.6512471824,
        "lon" : -82.3248901529,
        "time" : "20150130T220105-0500"
      }, {
        "lat" : 29.651254447,
        "lon" : -82.3249552997,
        "time" : "20150130T220125-0500"
      }, {
        "lat" : 29.6512443871,
        "lon" : -82.325040536,
        "time" : "20150130T220145-0500"
      }, {
        "lat" : 29.6511101966,
        "lon" : -82.325905472,
        "time" : "20150130T220243-0500"
      }, {
        "lat" : 29.6511186913,
        "lon" : -82.326150265,
        "time" : "20150130T220304-0500"
      }, {
        "lat" : 29.6511650898,
        "lon" : -82.3263188855,
        "time" : "20150130T220325-0500"
      }, {
        "lat" : 29.6512323213,
        "lon" : -82.3263988801,
        "time" : "20150130T220346-0500"
      }, {
        "lat" : 29.651295957,
        "lon" : -82.3264453945,
        "time" : "20150130T220408-0500"
      }, {
        "lat" : 29.6513854054,
        "lon" : -82.3265033834,
        "time" : "20150130T220428-0500"
      }, {
        "lat" : 29.6515073026,
        "lon" : -82.3265703885,
        "time" : "20150130T220449-0500"
      }, {
        "lat" : 29.6516869913,
        "lon" : -82.3266409,
        "time" : "20150130T220509-0500"
      }, {
        "lat" : 29.6520964439,
        "lon" : -82.3267883844,
        "time" : "20150130T220529-0500"
      }, {
        "lat" : 29.652400817,
        "lon" : -82.3268951835,
        "time" : "20150130T220545-0500"
      }, {
        "lat" : 29.6527462412,
        "lon" : -82.3269527749,
        "time" : "20150130T220606-0500"
      }, {
        "lat" : 29.6534593597,
        "lon" : -82.326798761,
        "time" : "20150130T220636-0500"
      }, {
        "lat" : 29.6537729597,
        "lon" : -82.3267449939,
        "time" : "20150130T220656-0500"
      }, {
        "lat" : 29.6539182827,
        "lon" : -82.3267199059,
        "time" : "20150130T220718-0500"
      }, {
        "lat" : 29.6539955222,
        "lon" : -82.3267104319,
        "time" : "20150130T220739-0500"
      }, {
        "lat" : 29.6540858342,
        "lon" : -82.3267025603,
        "time" : "20150130T220755-0500"
      }, {
        "lat" : 29.6543809621,
        "lon" : -82.3266729252,
        "time" : "20150130T220819-0500"
      }, {
        "lat" : 29.6545665255,
        "lon" : -82.3266509987,
        "time" : "20150130T220834-0500"
      }, {
        "lat" : 29.6547174851,
        "lon" : -82.3266339634,
        "time" : "20150130T220856-0500"
      }, {
        "lat" : 29.6547926014,
        "lon" : -82.3266336113,
        "time" : "20150130T220916-0500"
      }, {
        "lat" : 29.6548606731,
        "lon" : -82.3266291746,
        "time" : "20150130T220937-0500"
      }, {
        "lat" : 29.6550149168,
        "lon" : -82.3266216171,
        "time" : "20150130T220956-0500"
      }, {
        "lat" : 29.6557343859,
        "lon" : -82.3265947898,
        "time" : "20150130T221037-0500"
      }, {
        "lat" : 29.6565354608,
        "lon" : -82.326775329,
        "time" : "20150130T221132-0500"
      } ]
    } ],
    "lastUpdate" : "20150131T051437Z"
  }, {
    "type" : "place",
    "startTime" : "20150130T221132-0500",
    "endTime" : "20150131T151335-0500",
    "place" : {
      "id" : 191508619,
      "type" : "unknown",
      "location" : {
        "lat" : 29.6565354608,
        "lon" : -82.326775329
      }
    },
    "activities" : [ {
      "activity" : "walking",
      "group" : "walking",
      "manual" : false,
      "startTime" : "20150130T223108-0500",
      "endTime" : "20150130T223138-0500",
      "duration" : 30.0,
      "distance" : 15.0,
      "steps" : 15,
      "trackPoints" : [ ]
    }, {
      "activity" : "walking",
      "group" : "walking",
      "manual" : false,
      "startTime" : "20150130T231837-0500",
      "endTime" : "20150130T231907-0500",
      "duration" : 30.0,
      "distance" : 15.0,
      "steps" : 15,
      "trackPoints" : [ ]
    } ],
    "lastUpdate" : "20150131T215550Z"
  } ],
  "lastUpdate" : "20150131T215550Z"
} ]