[ {
  "date" : "20150127",
  "summary" : [ {
    "activity" : "running",
    "group" : "running",
    "duration" : 260.0,
    "distance" : 676.0,
    "steps" : 634
  }, {
    "activity" : "walking",
    "group" : "walking",
    "duration" : 1292.0,
    "distance" : 1133.0,
    "steps" : 1666
  }, {
    "activity" : "cycling",
    "group" : "cycling",
    "duration" : 3303.0,
    "distance" : 15305.0
  } ],
  "segments" : [ {
    "type" : "place",
    "startTime" : "20150126T185534-0500",
    "endTime" : "20150127T062233-0500",
    "place" : {
      "id" : 191508619,
      "type" : "unknown",
      "location" : {
        "lat" : 29.6565354608,
        "lon" : -82.326775329
      }
    },
    "lastUpdate" : "20150127T125931Z"
  }, {
    "type" : "move",
    "startTime" : "20150127T062233-0500",
    "endTime" : "20150127T062654-0500",
    "activities" : [ {
      "activity" : "running",
      "group" : "running",
      "manual" : false,
      "startTime" : "20150127T062233-0500",
      "endTime" : "20150127T062653-0500",
      "duration" : 260.0,
      "distance" : 676.0,
      "steps" : 634,
      "trackPoints" : [ {
        "lat" : 29.6565354608,
        "lon" : -82.326775329,
        "time" : "20150127T062233-0500"
      }, {
        "lat" : 29.6565988426,
        "lon" : -82.3267827856,
        "time" : "20150127T062251-0500"
      }, {
        "lat" : 29.6575326007,
        "lon" : -82.3270008359,
        "time" : "20150127T062336-0500"
      }, {
        "lat" : 29.6574487739,
        "lon" : -82.327555655,
        "time" : "20150127T062407-0500"
      }, {
        "lat" : 29.6571444603,
        "lon" : -82.3280476613,
        "time" : "20150127T062445-0500"
      }, {
        "lat" : 29.6559188693,
        "lon" : -82.3280797158,
        "time" : "20150127T062508-0500"
      }, {
        "lat" : 29.6553659873,
        "lon" : -82.3279393058,
        "time" : "20150127T062528-0500"
      }, {
        "lat" : 29.6553821105,
        "lon" : -82.3273598577,
        "time" : "20150127T062545-0500"
      }, {
        "lat" : 29.6557027549,
        "lon" : -82.326755057,
        "time" : "20150127T062612-0500"
      }, {
        "lat" : 29.6561516642,
        "lon" : -82.3266883356,
        "time" : "20150127T062628-0500"
      }, {
        "lat" : 29.6565354608,
        "lon" : -82.326775329,
        "time" : "20150127T062654-0500"
      } ]
    } ],
    "lastUpdate" : "20150127T125931Z"
  }, {
    "type" : "place",
    "startTime" : "20150127T062654-0500",
    "endTime" : "20150127T080939-0500",
    "place" : {
      "id" : 191508619,
      "type" : "unknown",
      "location" : {
        "lat" : 29.6565354608,
        "lon" : -82.326775329
      }
    },
    "activities" : [ {
      "activity" : "walking",
      "group" : "walking",
      "manual" : false,
      "startTime" : "20150127T062700-0500",
      "endTime" : "20150127T062717-0500",
      "duration" : 17.0,
      "distance" : 10.0,
      "steps" : 19,
      "trackPoints" : [ ]
    }, {
      "activity" : "walking",
      "group" : "walking",
      "manual" : false,
      "startTime" : "20150127T075930-0500",
      "endTime" : "20150127T075936-0500",
      "duration" : 6.0,
      "distance" : 3.0,
      "steps" : 6,
      "trackPoints" : [ ]
    }, {
      "activity" : "walking",
      "group" : "walking",
      "manual" : false,
      "startTime" : "20150127T080012-0500",
      "endTime" : "20150127T080258-0500",
      "duration" : 166.0,
      "distance" : 169.0,
      "steps" : 226,
      "trackPoints" : [ ]
    } ],
    "lastUpdate" : "20150127T144807Z"
  }, {
    "type" : "move",
    "startTime" : "20150127T080939-0500",
    "endTime" : "20150127T082101-0500",
    "activities" : [ {
      "activity" : "cycling",
      "group" : "cycling",
      "manual" : false,
      "startTime" : "20150127T080939-0500",
      "endTime" : "20150127T082101-0500",
      "duration" : 682.0,
      "distance" : 2952.0,
      "trackPoints" : [ {
        "lat" : 29.6565354608,
        "lon" : -82.326775329,
        "time" : "20150127T080939-0500"
      }, {
        "lat" : 29.6565368262,
        "lon" : -82.326843934,
        "time" : "20150127T081006-0500"
      }, {
        "lat" : 29.6568158286,
        "lon" : -82.3274676194,
        "time" : "20150127T081035-0500"
      }, {
        "lat" : 29.657364322,
        "lon" : -82.3281238607,
        "time" : "20150127T081102-0500"
      }, {
        "lat" : 29.6579599535,
        "lon" : -82.3292430525,
        "time" : "20150127T081149-0500"
      }, {
        "lat" : 29.6579103348,
        "lon" : -82.329405821,
        "time" : "20150127T081208-0500"
      }, {
        "lat" : 29.657801735,
        "lon" : -82.3306193264,
        "time" : "20150127T081228-0500"
      }, {
        "lat" : 29.6577273753,
        "lon" : -82.3313172629,
        "time" : "20150127T081248-0500"
      }, {
        "lat" : 29.6576480372,
        "lon" : -82.3320887899,
        "time" : "20150127T081309-0500"
      }, {
        "lat" : 29.6574991792,
        "lon" : -82.3337834841,
        "time" : "20150127T081331-0500"
      }, {
        "lat" : 29.6579458152,
        "lon" : -82.3355611601,
        "time" : "20150127T081407-0500"
      }, {
        "lat" : 29.6583451009,
        "lon" : -82.3366550148,
        "time" : "20150127T081430-0500"
      }, {
        "lat" : 29.658759638,
        "lon" : -82.3370583082,
        "time" : "20150127T081450-0500"
      }, {
        "lat" : 29.6600851221,
        "lon" : -82.3373148937,
        "time" : "20150127T081519-0500"
      }, {
        "lat" : 29.6609740976,
        "lon" : -82.3371216639,
        "time" : "20150127T081536-0500"
      }, {
        "lat" : 29.6618915045,
        "lon" : -82.3372898116,
        "time" : "20150127T081600-0500"
      }, {
        "lat" : 29.6623735172,
        "lon" : -82.3373545551,
        "time" : "20150127T081622-0500"
      }, {
        "lat" : 29.6633845001,
        "lon" : -82.337432438,
        "time" : "20150127T081641-0500"
      }, {
        "lat" : 29.664470713,
        "lon" : -82.3373405938,
        "time" : "20150127T081702-0500"
      }, {
        "lat" : 29.6661137997,
        "lon" : -82.3369705274,
        "time" : "20150127T081721-0500"
      }, {
        "lat" : 29.6667264906,
        "lon" : -82.3369668655,
        "time" : "20150127T081742-0500"
      }, {
        "lat" : 29.6699884868,
        "lon" : -82.3388366741,
        "time" : "20150127T081900-0500"
      }, {
        "lat" : 29.6703056275,
        "lon" : -82.3389887131,
        "time" : "20150127T081920-0500"
      }, {
        "lat" : 29.6703480858,
        "lon" : -82.3390089299,
        "time" : "20150127T081940-0500"
      }, {
        "lat" : 29.6703547387,
        "lon" : -82.3390114299,
        "time" : "20150127T082000-0500"
      }, {
        "lat" : 29.6703420723,
        "lon" : -82.3390119878,
        "time" : "20150127T082020-0500"
      }, {
        "lat" : 29.6703797822,
        "lon" : -82.3390183407,
        "time" : "20150127T082040-0500"
      }, {
        "lat" : 29.6717569188,
        "lon" : -82.3393605736,
        "time" : "20150127T082101-0500"
      } ]
    } ],
    "lastUpdate" : "20150127T144807Z"
  }, {
    "type" : "place",
    "startTime" : "20150127T082101-0500",
    "endTime" : "20150127T091147-0500",
    "place" : {
      "id" : 191864250,
      "type" : "unknown",
      "location" : {
        "lat" : 29.6717569188,
        "lon" : -82.3393605736
      }
    },
    "activities" : [ {
      "activity" : "walking",
      "group" : "walking",
      "manual" : false,
      "startTime" : "20150127T082447-0500",
      "endTime" : "20150127T082517-0500",
      "duration" : 30.0,
      "distance" : 15.0,
      "steps" : 31,
      "trackPoints" : [ ]
    }, {
      "activity" : "walking",
      "group" : "walking",
      "manual" : false,
      "startTime" : "20150127T090723-0500",
      "endTime" : "20150127T090756-0500",
      "duration" : 33.0,
      "distance" : 19.0,
      "steps" : 37,
      "trackPoints" : [ ]
    } ],
    "lastUpdate" : "20150127T161906Z"
  }, {
    "type" : "move",
    "startTime" : "20150127T091147-0500",
    "endTime" : "20150127T092929-0500",
    "activities" : [ {
      "activity" : "cycling",
      "group" : "cycling",
      "manual" : false,
      "startTime" : "20150127T091147-0500",
      "endTime" : "20150127T092929-0500",
      "duration" : 1062.0,
      "distance" : 5600.0,
      "trackPoints" : [ {
        "lat" : 29.6717569188,
        "lon" : -82.3393605736,
        "time" : "20150127T091147-0500"
      }, {
        "lat" : 29.6714153582,
        "lon" : -82.3392290205,
        "time" : "20150127T091209-0500"
      }, {
        "lat" : 29.6668485927,
        "lon" : -82.3368830903,
        "time" : "20150127T091444-0500"
      }, {
        "lat" : 29.6665111283,
        "lon" : -82.3368243482,
        "time" : "20150127T091505-0500"
      }, {
        "lat" : 29.6646131718,
        "lon" : -82.3372172968,
        "time" : "20150127T091536-0500"
      }, {
        "lat" : 29.664126039,
        "lon" : -82.3372237212,
        "time" : "20150127T091556-0500"
      }, {
        "lat" : 29.6599763964,
        "lon" : -82.3367622747,
        "time" : "20150127T091703-0500"
      }, {
        "lat" : 29.6595589185,
        "lon" : -82.3372244535,
        "time" : "20150127T091720-0500"
      }, {
        "lat" : 29.6594524305,
        "lon" : -82.3374105487,
        "time" : "20150127T091738-0500"
      }, {
        "lat" : 29.6578444808,
        "lon" : -82.3371531378,
        "time" : "20150127T091814-0500"
      }, {
        "lat" : 29.6569545114,
        "lon" : -82.3369510736,
        "time" : "20150127T091834-0500"
      }, {
        "lat" : 29.6560095135,
        "lon" : -82.3369050794,
        "time" : "20150127T091855-0500"
      }, {
        "lat" : 29.6544404037,
        "lon" : -82.3369760513,
        "time" : "20150127T091915-0500"
      }, {
        "lat" : 29.6522440449,
        "lon" : -82.3371273286,
        "time" : "20150127T091944-0500"
      }, {
        "lat" : 29.6503679236,
        "lon" : -82.3372215258,
        "time" : "20150127T092028-0500"
      }, {
        "lat" : 29.6490786447,
        "lon" : -82.3371749219,
        "time" : "20150127T092055-0500"
      }, {
        "lat" : 29.6480652744,
        "lon" : -82.3370557897,
        "time" : "20150127T092137-0500"
      }, {
        "lat" : 29.6460766007,
        "lon" : -82.3368772097,
        "time" : "20150127T092207-0500"
      }, {
        "lat" : 29.645138227,
        "lon" : -82.3366645064,
        "time" : "20150127T092227-0500"
      }, {
        "lat" : 29.6425101264,
        "lon" : -82.3364181066,
        "time" : "20150127T092329-0500"
      }, {
        "lat" : 29.6422829742,
        "lon" : -82.3372705719,
        "time" : "20150127T092400-0500"
      }, {
        "lat" : 29.6420124261,
        "lon" : -82.3377715056,
        "time" : "20150127T092421-0500"
      }, {
        "lat" : 29.6414476139,
        "lon" : -82.3386587604,
        "time" : "20150127T092442-0500"
      }, {
        "lat" : 29.6413362259,
        "lon" : -82.3390332262,
        "time" : "20150127T092502-0500"
      }, {
        "lat" : 29.6413889415,
        "lon" : -82.3391545724,
        "time" : "20150127T092524-0500"
      }, {
        "lat" : 29.6394700989,
        "lon" : -82.3423238589,
        "time" : "20150127T092603-0500"
      }, {
        "lat" : 29.6391718473,
        "lon" : -82.3435214182,
        "time" : "20150127T092631-0500"
      }, {
        "lat" : 29.639075492,
        "lon" : -82.3436102881,
        "time" : "20150127T092654-0500"
      }, {
        "lat" : 29.6391814605,
        "lon" : -82.3439355358,
        "time" : "20150127T092726-0500"
      }, {
        "lat" : 29.6391510095,
        "lon" : -82.3441792326,
        "time" : "20150127T092747-0500"
      }, {
        "lat" : 29.6382859198,
        "lon" : -82.3476336655,
        "time" : "20150127T092818-0500"
      }, {
        "lat" : 29.6384129713,
        "lon" : -82.3480078196,
        "time" : "20150127T092839-0500"
      }, {
        "lat" : 29.6394735193,
        "lon" : -82.3488831662,
        "time" : "20150127T092909-0500"
      }, {
        "lat" : 29.6401239601,
        "lon" : -82.3500331577,
        "time" : "20150127T092929-0500"
      } ]
    } ],
    "lastUpdate" : "20150127T161906Z"
  }, {
    "type" : "place",
    "startTime" : "20150127T092929-0500",
    "endTime" : "20150127T114220-0500",
    "place" : {
      "id" : 191770626,
      "type" : "unknown",
      "location" : {
        "lat" : 29.6401239601,
        "lon" : -82.3500331577
      }
    },
    "activities" : [ {
      "activity" : "walking",
      "group" : "walking",
      "manual" : false,
      "startTime" : "20150127T092946-0500",
      "endTime" : "20150127T093250-0500",
      "duration" : 184.0,
      "distance" : 138.0,
      "steps" : 175,
      "trackPoints" : [ ]
    }, {
      "activity" : "walking",
      "group" : "walking",
      "manual" : false,
      "startTime" : "20150127T105219-0500",
      "endTime" : "20150127T105319-0500",
      "duration" : 60.0,
      "distance" : 50.0,
      "steps" : 101,
      "trackPoints" : [ ]
    }, {
      "activity" : "walking",
      "group" : "walking",
      "manual" : false,
      "startTime" : "20150127T113209-0500",
      "endTime" : "20150127T113440-0500",
      "duration" : 151.0,
      "distance" : 153.0,
      "steps" : 204,
      "trackPoints" : [ ]
    } ],
    "lastUpdate" : "20150127T222346Z"
  }, {
    "type" : "move",
    "startTime" : "20150127T114220-0500",
    "endTime" : "20150127T115233-0500",
    "activities" : [ {
      "activity" : "cycling",
      "group" : "cycling",
      "manual" : false,
      "startTime" : "20150127T114220-0500",
      "endTime" : "20150127T115233-0500",
      "duration" : 613.0,
      "distance" : 1952.0,
      "trackPoints" : [ {
        "lat" : 29.6401239601,
        "lon" : -82.3500331577,
        "time" : "20150127T114220-0500"
      }, {
        "lat" : 29.6396626463,
        "lon" : -82.3493829799,
        "time" : "20150127T114240-0500"
      }, {
        "lat" : 29.6390909252,
        "lon" : -82.3508074283,
        "time" : "20150127T114310-0500"
      }, {
        "lat" : 29.6385022195,
        "lon" : -82.3520424605,
        "time" : "20150127T114331-0500"
      }, {
        "lat" : 29.638315471,
        "lon" : -82.3525947311,
        "time" : "20150127T114352-0500"
      }, {
        "lat" : 29.6382587158,
        "lon" : -82.3532478068,
        "time" : "20150127T114413-0500"
      }, {
        "lat" : 29.6382510252,
        "lon" : -82.3548990962,
        "time" : "20150127T114434-0500"
      }, {
        "lat" : 29.6382537784,
        "lon" : -82.355928875,
        "time" : "20150127T114453-0500"
      }, {
        "lat" : 29.6382320016,
        "lon" : -82.3561558297,
        "time" : "20150127T114516-0500"
      }, {
        "lat" : 29.6379201403,
        "lon" : -82.3582810522,
        "time" : "20150127T114558-0500"
      }, {
        "lat" : 29.6378685937,
        "lon" : -82.3584380348,
        "time" : "20150127T114618-0500"
      }, {
        "lat" : 29.6377974557,
        "lon" : -82.3584558619,
        "time" : "20150127T114639-0500"
      }, {
        "lat" : 29.6364377366,
        "lon" : -82.3584710337,
        "time" : "20150127T114711-0500"
      }, {
        "lat" : 29.6360986921,
        "lon" : -82.3585055956,
        "time" : "20150127T114731-0500"
      }, {
        "lat" : 29.6346902425,
        "lon" : -82.3586024897,
        "time" : "20150127T114802-0500"
      }, {
        "lat" : 29.634436342,
        "lon" : -82.3585919365,
        "time" : "20150127T114824-0500"
      }, {
        "lat" : 29.6342939724,
        "lon" : -82.3584760436,
        "time" : "20150127T114844-0500"
      }, {
        "lat" : 29.6342681188,
        "lon" : -82.3584032962,
        "time" : "20150127T114906-0500"
      }, {
        "lat" : 29.6343552904,
        "lon" : -82.3576297132,
        "time" : "20150127T114926-0500"
      }, {
        "lat" : 29.6344451638,
        "lon" : -82.3570373463,
        "time" : "20150127T114948-0500"
      }, {
        "lat" : 29.63482586,
        "lon" : -82.3560132267,
        "time" : "20150127T115007-0500"
      }, {
        "lat" : 29.6350459418,
        "lon" : -82.3554489739,
        "time" : "20150127T115027-0500"
      }, {
        "lat" : 29.6350895377,
        "lon" : -82.3553545036,
        "time" : "20150127T115048-0500"
      }, {
        "lat" : 29.635088454,
        "lon" : -82.3553529706,
        "time" : "20150127T115110-0500"
      }, {
        "lat" : 29.6350866696,
        "lon" : -82.3553549023,
        "time" : "20150127T115132-0500"
      }, {
        "lat" : 29.6350851778,
        "lon" : -82.3553554408,
        "time" : "20150127T115152-0500"
      }, {
        "lat" : 29.6350839109,
        "lon" : -82.3553549916,
        "time" : "20150127T115212-0500"
      }, {
        "lat" : 29.6350970312,
        "lon" : -82.3553268138,
        "time" : "20150127T115233-0500"
      } ]
    } ],
    "lastUpdate" : "20150127T222346Z"
  }, {
    "type" : "place",
    "startTime" : "20150127T115233-0500",
    "endTime" : "20150127T115628-0500",
    "place" : {
      "id" : 191902248,
      "type" : "unknown",
      "location" : {
        "lat" : 29.6350970312,
        "lon" : -82.3553268138
      }
    },
    "lastUpdate" : "20150127T222346Z"
  }, {
    "type" : "move",
    "startTime" : "20150127T115628-0500",
    "endTime" : "20150127T121214-0500",
    "activities" : [ {
      "activity" : "cycling",
      "group" : "cycling",
      "manual" : false,
      "startTime" : "20150127T115628-0500",
      "endTime" : "20150127T121214-0500",
      "duration" : 946.0,
      "distance" : 4801.0,
      "trackPoints" : [ {
        "lat" : 29.6350970312,
        "lon" : -82.3553268138,
        "time" : "20150127T115628-0500"
      }, {
        "lat" : 29.6351423608,
        "lon" : -82.3552517237,
        "time" : "20150127T115700-0500"
      }, {
        "lat" : 29.6358209607,
        "lon" : -82.3536461958,
        "time" : "20150127T115720-0500"
      }, {
        "lat" : 29.6359702252,
        "lon" : -82.3527640858,
        "time" : "20150127T115740-0500"
      }, {
        "lat" : 29.636575791,
        "lon" : -82.3514717355,
        "time" : "20150127T115804-0500"
      }, {
        "lat" : 29.6368109745,
        "lon" : -82.3508532441,
        "time" : "20150127T115824-0500"
      }, {
        "lat" : 29.6371407402,
        "lon" : -82.3497936461,
        "time" : "20150127T115845-0500"
      }, {
        "lat" : 29.6374727579,
        "lon" : -82.3488016806,
        "time" : "20150127T115912-0500"
      }, {
        "lat" : 29.6376084199,
        "lon" : -82.3485634276,
        "time" : "20150127T115935-0500"
      }, {
        "lat" : 29.6376365923,
        "lon" : -82.3485116202,
        "time" : "20150127T115956-0500"
      }, {
        "lat" : 29.6376383855,
        "lon" : -82.3485070148,
        "time" : "20150127T115959-0500"
      }, {
        "lat" : 29.6376383903,
        "lon" : -82.3485070025,
        "time" : "20150127T120000-0500"
      }, {
        "lat" : 29.6376467212,
        "lon" : -82.3484856059,
        "time" : "20150127T120017-0500"
      }, {
        "lat" : 29.6376626697,
        "lon" : -82.348425831,
        "time" : "20150127T120037-0500"
      }, {
        "lat" : 29.6377199939,
        "lon" : -82.3482001208,
        "time" : "20150127T120055-0500"
      }, {
        "lat" : 29.6389148126,
        "lon" : -82.3436020698,
        "time" : "20150127T120215-0500"
      }, {
        "lat" : 29.639390844,
        "lon" : -82.3427533772,
        "time" : "20150127T120235-0500"
      }, {
        "lat" : 29.6395801632,
        "lon" : -82.342399572,
        "time" : "20150127T120256-0500"
      }, {
        "lat" : 29.6398400194,
        "lon" : -82.341857891,
        "time" : "20150127T120315-0500"
      }, {
        "lat" : 29.6411080087,
        "lon" : -82.3393108111,
        "time" : "20150127T120337-0500"
      }, {
        "lat" : 29.6412138604,
        "lon" : -82.3390880318,
        "time" : "20150127T120358-0500"
      }, {
        "lat" : 29.6422261169,
        "lon" : -82.3373426627,
        "time" : "20150127T120435-0500"
      }, {
        "lat" : 29.6425006372,
        "lon" : -82.3367554387,
        "time" : "20150127T120456-0500"
      }, {
        "lat" : 29.6430616991,
        "lon" : -82.3343904458,
        "time" : "20150127T120526-0500"
      }, {
        "lat" : 29.6433400779,
        "lon" : -82.3322985286,
        "time" : "20150127T120557-0500"
      }, {
        "lat" : 29.6434363831,
        "lon" : -82.3316514475,
        "time" : "20150127T120617-0500"
      }, {
        "lat" : 29.6435530004,
        "lon" : -82.3314919213,
        "time" : "20150127T120637-0500"
      }, {
        "lat" : 29.6482297335,
        "lon" : -82.3309790997,
        "time" : "20150127T120805-0500"
      }, {
        "lat" : 29.6489769295,
        "lon" : -82.3309541291,
        "time" : "20150127T120828-0500"
      }, {
        "lat" : 29.6491824215,
        "lon" : -82.330901886,
        "time" : "20150127T120847-0500"
      }, {
        "lat" : 29.6501582562,
        "lon" : -82.3297367306,
        "time" : "20150127T120916-0500"
      }, {
        "lat" : 29.650327259,
        "lon" : -82.3285477668,
        "time" : "20150127T120937-0500"
      }, {
        "lat" : 29.6506027478,
        "lon" : -82.3277747317,
        "time" : "20150127T120958-0500"
      }, {
        "lat" : 29.6516716353,
        "lon" : -82.3269594348,
        "time" : "20150127T121042-0500"
      }, {
        "lat" : 29.6518653239,
        "lon" : -82.3268985611,
        "time" : "20150127T121102-0500"
      }, {
        "lat" : 29.6521546804,
        "lon" : -82.3269420746,
        "time" : "20150127T121122-0500"
      }, {
        "lat" : 29.6537322711,
        "lon" : -82.326705396,
        "time" : "20150127T121146-0500"
      }, {
        "lat" : 29.6565354608,
        "lon" : -82.326775329,
        "time" : "20150127T121214-0500"
      } ]
    } ],
    "lastUpdate" : "20150127T222346Z"
  }, {
    "type" : "place",
    "startTime" : "20150127T121214-0500",
    "endTime" : "20150128T193330-0500",
    "place" : {
      "id" : 191508619,
      "type" : "unknown",
      "location" : {
        "lat" : 29.6565354608,
        "lon" : -82.326775329
      }
    },
    "activities" : [ {
      "activity" : "walking",
      "group" : "walking",
      "manual" : false,
      "startTime" : "20150127T121340-0500",
      "endTime" : "20150127T121454-0500",
      "duration" : 74.0,
      "distance" : 52.0,
      "steps" : 105,
      "trackPoints" : [ ]
    }, {
      "activity" : "walking",
      "group" : "walking",
      "manual" : false,
      "startTime" : "20150127T132649-0500",
      "endTime" : "20150127T133019-0500",
      "duration" : 210.0,
      "distance" : 235.0,
      "steps" : 314,
      "trackPoints" : [ ]
    }, {
      "activity" : "walking",
      "group" : "walking",
      "manual" : false,
      "startTime" : "20150127T143703-0500",
      "endTime" : "20150127T143803-0500",
      "duration" : 60.0,
      "distance" : 30.0,
      "steps" : 61,
      "trackPoints" : [ ]
    }, {
      "activity" : "walking",
      "group" : "walking",
      "manual" : false,
      "startTime" : "20150127T154250-0500",
      "endTime" : "20150127T154320-0500",
      "duration" : 30.0,
      "distance" : 20.0,
      "steps" : 40,
      "trackPoints" : [ ]
    }, {
      "activity" : "walking",
      "group" : "walking",
      "manual" : false,
      "startTime" : "20150127T163053-0500",
      "endTime" : "20150127T163154-0500",
      "duration" : 61.0,
      "distance" : 41.0,
      "steps" : 83,
      "trackPoints" : [ ]
    }, {
      "activity" : "walking",
      "group" : "walking",
      "manual" : false,
      "startTime" : "20150127T181601-0500",
      "endTime" : "20150127T181931-0500",
      "duration" : 210.0,
      "distance" : 198.0,
      "steps" : 264,
      "trackPoints" : [ ]
    } ],
    "lastUpdate" : "20150129T021540Z"
  } ],
  "lastUpdate" : "20150129T021540Z"
} ]