[ {
  "date" : "20150203",
  "summary" : [ {
    "activity" : "walking",
    "group" : "walking",
    "duration" : 3055.0,
    "distance" : 2621.0,
    "steps" : 3941
  }, {
    "activity" : "running",
    "group" : "running",
    "duration" : 276.0,
    "distance" : 595.0,
    "steps" : 603
  }, {
    "activity" : "cycling",
    "group" : "cycling",
    "duration" : 2966.0,
    "distance" : 12145.0
  }, {
    "activity" : "transport",
    "group" : "transport",
    "duration" : 13496.0,
    "distance" : 3692.0
  } ],
  "segments" : [ {
    "type" : "place",
    "startTime" : "20150202T224359-0500",
    "endTime" : "20150203T050141-0500",
    "place" : {
      "id" : 193512500,
      "name" : "Home",
      "type" : "home",
      "location" : {
        "lat" : 29.6564969542,
        "lon" : -82.3267639009
      }
    },
    "activities" : [ {
      "activity" : "walking",
      "group" : "walking",
      "manual" : false,
      "startTime" : "20150203T050138-0500",
      "endTime" : "20150203T050853-0500",
      "duration" : 435.0,
      "distance" : 326.0,
      "steps" : 435,
      "trackPoints" : [ ]
    } ],
    "lastUpdate" : "20150204T125748Z"
  }, {
    "type" : "move",
    "startTime" : "20150203T050141-0500",
    "endTime" : "20150203T050618-0500",
    "activities" : [ {
      "activity" : "running",
      "group" : "running",
      "manual" : false,
      "startTime" : "20150203T050141-0500",
      "endTime" : "20150203T050617-0500",
      "duration" : 276.0,
      "distance" : 595.0,
      "steps" : 603,
      "trackPoints" : [ {
        "lat" : 29.6565354608,
        "lon" : -82.326775329,
        "time" : "20150203T050141-0500"
      }, {
        "lat" : 29.6560825755,
        "lon" : -82.3267020401,
        "time" : "20150203T050215-0500"
      }, {
        "lat" : 29.6559299886,
        "lon" : -82.3266776256,
        "time" : "20150203T050230-0500"
      }, {
        "lat" : 29.6557476114,
        "lon" : -82.3267669206,
        "time" : "20150203T050245-0500"
      }, {
        "lat" : 29.6556259051,
        "lon" : -82.3268929883,
        "time" : "20150203T050307-0500"
      }, {
        "lat" : 29.655598557,
        "lon" : -82.3270437276,
        "time" : "20150203T050327-0500"
      }, {
        "lat" : 29.6556147806,
        "lon" : -82.327103346,
        "time" : "20150203T050347-0500"
      }, {
        "lat" : 29.6557411642,
        "lon" : -82.3271725033,
        "time" : "20150203T050409-0500"
      }, {
        "lat" : 29.6571688553,
        "lon" : -82.3278200638,
        "time" : "20150203T050452-0500"
      }, {
        "lat" : 29.6574388374,
        "lon" : -82.3277521989,
        "time" : "20150203T050512-0500"
      }, {
        "lat" : 29.6575257819,
        "lon" : -82.3274272971,
        "time" : "20150203T050533-0500"
      }, {
        "lat" : 29.6573172635,
        "lon" : -82.3269044825,
        "time" : "20150203T050558-0500"
      }, {
        "lat" : 29.6565354608,
        "lon" : -82.326775329,
        "time" : "20150203T050618-0500"
      } ]
    } ],
    "lastUpdate" : "20150203T104857Z"
  }, {
    "type" : "place",
    "startTime" : "20150203T050618-0500",
    "endTime" : "20150203T053733-0500",
    "place" : {
      "id" : 191508619,
      "type" : "unknown",
      "location" : {
        "lat" : 29.6565354608,
        "lon" : -82.326775329
      }
    },
    "activities" : [ {
      "activity" : "walking",
      "group" : "walking",
      "manual" : false,
      "startTime" : "20150203T050618-0500",
      "endTime" : "20150203T050711-0500",
      "duration" : 53.0,
      "distance" : 43.0,
      "steps" : 86,
      "trackPoints" : [ ]
    } ],
    "lastUpdate" : "20150203T123324Z"
  }, {
    "type" : "move",
    "startTime" : "20150203T053733-0500",
    "endTime" : "20150203T054447-0500",
    "activities" : [ {
      "activity" : "walking",
      "group" : "walking",
      "manual" : false,
      "startTime" : "20150203T053733-0500",
      "endTime" : "20150203T054447-0500",
      "duration" : 434.0,
      "distance" : 518.0,
      "steps" : 660,
      "trackPoints" : [ {
        "lat" : 29.6565354608,
        "lon" : -82.326775329,
        "time" : "20150203T053733-0500"
      }, {
        "lat" : 29.6565343882,
        "lon" : -82.3265777136,
        "time" : "20150203T053753-0500"
      }, {
        "lat" : 29.656537772,
        "lon" : -82.3265432928,
        "time" : "20150203T053817-0500"
      }, {
        "lat" : 29.6565377158,
        "lon" : -82.3265219965,
        "time" : "20150203T053837-0500"
      }, {
        "lat" : 29.6565328427,
        "lon" : -82.3265176636,
        "time" : "20150203T053855-0500"
      }, {
        "lat" : 29.6565669258,
        "lon" : -82.3264398755,
        "time" : "20150203T053915-0500"
      }, {
        "lat" : 29.6566003438,
        "lon" : -82.3263222589,
        "time" : "20150203T053936-0500"
      }, {
        "lat" : 29.6566209187,
        "lon" : -82.326207998,
        "time" : "20150203T053953-0500"
      }, {
        "lat" : 29.6566401731,
        "lon" : -82.3261207601,
        "time" : "20150203T054023-0500"
      }, {
        "lat" : 29.6566444863,
        "lon" : -82.3260601912,
        "time" : "20150203T054043-0500"
      }, {
        "lat" : 29.6565866465,
        "lon" : -82.3257252476,
        "time" : "20150203T054104-0500"
      }, {
        "lat" : 29.6564249227,
        "lon" : -82.3247918905,
        "time" : "20150203T054123-0500"
      }, {
        "lat" : 29.6563584293,
        "lon" : -82.3244751569,
        "time" : "20150203T054145-0500"
      }, {
        "lat" : 29.6563812459,
        "lon" : -82.3243744293,
        "time" : "20150203T054205-0500"
      }, {
        "lat" : 29.6571875652,
        "lon" : -82.3236641416,
        "time" : "20150203T054245-0500"
      }, {
        "lat" : 29.6574660697,
        "lon" : -82.3234659694,
        "time" : "20150203T054303-0500"
      }, {
        "lat" : 29.6576983677,
        "lon" : -82.3233536811,
        "time" : "20150203T054324-0500"
      }, {
        "lat" : 29.6579165466,
        "lon" : -82.3232731998,
        "time" : "20150203T054344-0500"
      }, {
        "lat" : 29.6580813737,
        "lon" : -82.3232167399,
        "time" : "20150203T054404-0500"
      }, {
        "lat" : 29.6581635002,
        "lon" : -82.3231934719,
        "time" : "20150203T054426-0500"
      }, {
        "lat" : 29.6584308887,
        "lon" : -82.3231472242,
        "time" : "20150203T054447-0500"
      } ]
    } ],
    "lastUpdate" : "20150203T123324Z"
  }, {
    "type" : "place",
    "startTime" : "20150203T054447-0500",
    "endTime" : "20150203T072345-0500",
    "place" : {
      "id" : 191555477,
      "type" : "unknown",
      "location" : {
        "lat" : 29.6584308887,
        "lon" : -82.3231472242
      }
    },
    "activities" : [ {
      "activity" : "walking",
      "group" : "walking",
      "manual" : false,
      "startTime" : "20150203T054709-0500",
      "endTime" : "20150203T054739-0500",
      "duration" : 30.0,
      "distance" : 25.0,
      "steps" : 51,
      "trackPoints" : [ ]
    } ],
    "lastUpdate" : "20150203T153309Z"
  }, {
    "type" : "move",
    "startTime" : "20150203T072345-0500",
    "endTime" : "20150203T073027-0500",
    "activities" : [ {
      "activity" : "walking",
      "group" : "walking",
      "manual" : false,
      "startTime" : "20150203T072345-0500",
      "endTime" : "20150203T073028-0500",
      "duration" : 403.0,
      "distance" : 472.0,
      "steps" : 749,
      "trackPoints" : [ {
        "lat" : 29.6584308887,
        "lon" : -82.3231472242,
        "time" : "20150203T072345-0500"
      }, {
        "lat" : 29.6584353203,
        "lon" : -82.3231163937,
        "time" : "20150203T072410-0500"
      }, {
        "lat" : 29.6584249518,
        "lon" : -82.3231313324,
        "time" : "20150203T072427-0500"
      }, {
        "lat" : 29.6584086898,
        "lon" : -82.3231498143,
        "time" : "20150203T072448-0500"
      }, {
        "lat" : 29.6583754044,
        "lon" : -82.3231776897,
        "time" : "20150203T072508-0500"
      }, {
        "lat" : 29.6582860831,
        "lon" : -82.3233338206,
        "time" : "20150203T072528-0500"
      }, {
        "lat" : 29.6580244463,
        "lon" : -82.3238869755,
        "time" : "20150203T072548-0500"
      }, {
        "lat" : 29.6579700458,
        "lon" : -82.3242663326,
        "time" : "20150203T072605-0500"
      }, {
        "lat" : 29.6580238335,
        "lon" : -82.3248537348,
        "time" : "20150203T072627-0500"
      }, {
        "lat" : 29.6579925025,
        "lon" : -82.3252187941,
        "time" : "20150203T072644-0500"
      }, {
        "lat" : 29.6579911328,
        "lon" : -82.325545243,
        "time" : "20150203T072702-0500"
      }, {
        "lat" : 29.6578075741,
        "lon" : -82.3257768837,
        "time" : "20150203T072723-0500"
      }, {
        "lat" : 29.65755616,
        "lon" : -82.3258260146,
        "time" : "20150203T072739-0500"
      }, {
        "lat" : 29.6572701618,
        "lon" : -82.3258235076,
        "time" : "20150203T072800-0500"
      }, {
        "lat" : 29.6570666236,
        "lon" : -82.3259327078,
        "time" : "20150203T072816-0500"
      }, {
        "lat" : 29.6568881035,
        "lon" : -82.3262010376,
        "time" : "20150203T072836-0500"
      }, {
        "lat" : 29.6567192719,
        "lon" : -82.3265299616,
        "time" : "20150203T072858-0500"
      }, {
        "lat" : 29.6565391919,
        "lon" : -82.3266859304,
        "time" : "20150203T072914-0500"
      }, {
        "lat" : 29.6565354608,
        "lon" : -82.326775329,
        "time" : "20150203T073027-0500"
      } ]
    } ],
    "lastUpdate" : "20150203T153309Z"
  }, {
    "type" : "place",
    "startTime" : "20150203T073028-0500",
    "endTime" : "20150203T081332-0500",
    "place" : {
      "id" : 191508619,
      "type" : "unknown",
      "location" : {
        "lat" : 29.6565354608,
        "lon" : -82.326775329
      }
    },
    "activities" : [ {
      "activity" : "walking",
      "group" : "walking",
      "manual" : false,
      "startTime" : "20150203T073320-0500",
      "endTime" : "20150203T073525-0500",
      "duration" : 125.0,
      "distance" : 98.0,
      "steps" : 130,
      "trackPoints" : [ ]
    }, {
      "activity" : "walking",
      "group" : "walking",
      "manual" : false,
      "startTime" : "20150203T080134-0500",
      "endTime" : "20150203T080403-0500",
      "duration" : 149.0,
      "distance" : 136.0,
      "steps" : 182,
      "trackPoints" : [ ]
    } ],
    "lastUpdate" : "20150203T153309Z"
  }, {
    "type" : "move",
    "startTime" : "20150203T081332-0500",
    "endTime" : "20150203T082358-0500",
    "activities" : [ {
      "activity" : "cycling",
      "group" : "cycling",
      "manual" : false,
      "startTime" : "20150203T081332-0500",
      "endTime" : "20150203T082359-0500",
      "duration" : 627.0,
      "distance" : 4198.0,
      "trackPoints" : [ {
        "lat" : 29.6565354608,
        "lon" : -82.326775329,
        "time" : "20150203T081332-0500"
      }, {
        "lat" : 29.6564415516,
        "lon" : -82.3268319852,
        "time" : "20150203T081352-0500"
      }, {
        "lat" : 29.6563990573,
        "lon" : -82.3268606675,
        "time" : "20150203T081412-0500"
      }, {
        "lat" : 29.6542696376,
        "lon" : -82.3278136831,
        "time" : "20150203T081443-0500"
      }, {
        "lat" : 29.6537771407,
        "lon" : -82.3279676858,
        "time" : "20150203T081503-0500"
      }, {
        "lat" : 29.6526897409,
        "lon" : -82.3282694463,
        "time" : "20150203T081523-0500"
      }, {
        "lat" : 29.6522086344,
        "lon" : -82.3283946686,
        "time" : "20150203T081543-0500"
      }, {
        "lat" : 29.6521024515,
        "lon" : -82.3284721293,
        "time" : "20150203T081615-0500"
      }, {
        "lat" : 29.651791805,
        "lon" : -82.3288279345,
        "time" : "20150203T081632-0500"
      }, {
        "lat" : 29.6500359727,
        "lon" : -82.3308326603,
        "time" : "20150203T081652-0500"
      }, {
        "lat" : 29.6498887937,
        "lon" : -82.3316914483,
        "time" : "20150203T081712-0500"
      }, {
        "lat" : 29.6502740064,
        "lon" : -82.3345111686,
        "time" : "20150203T081732-0500"
      }, {
        "lat" : 29.6502512465,
        "lon" : -82.3363780319,
        "time" : "20150203T081752-0500"
      }, {
        "lat" : 29.6502023853,
        "lon" : -82.3375649373,
        "time" : "20150203T081814-0500"
      }, {
        "lat" : 29.6501499146,
        "lon" : -82.3383025333,
        "time" : "20150203T081835-0500"
      }, {
        "lat" : 29.649952622,
        "lon" : -82.3401752325,
        "time" : "20150203T081855-0500"
      }, {
        "lat" : 29.6493995728,
        "lon" : -82.3434817791,
        "time" : "20150203T081943-0500"
      }, {
        "lat" : 29.6488244523,
        "lon" : -82.3434411753,
        "time" : "20150203T082003-0500"
      }, {
        "lat" : 29.647662772,
        "lon" : -82.3436455451,
        "time" : "20150203T082023-0500"
      }, {
        "lat" : 29.6468373499,
        "lon" : -82.3437937118,
        "time" : "20150203T082043-0500"
      }, {
        "lat" : 29.6449191442,
        "lon" : -82.3439546722,
        "time" : "20150203T082124-0500"
      }, {
        "lat" : 29.6434638127,
        "lon" : -82.3462483114,
        "time" : "20150203T082215-0500"
      }, {
        "lat" : 29.6430354563,
        "lon" : -82.3466578025,
        "time" : "20150203T082235-0500"
      }, {
        "lat" : 29.6398949962,
        "lon" : -82.3460805772,
        "time" : "20150203T082302-0500"
      }, {
        "lat" : 29.639622501,
        "lon" : -82.3469450126,
        "time" : "20150203T082318-0500"
      }, {
        "lat" : 29.6401239601,
        "lon" : -82.3500331577,
        "time" : "20150203T082358-0500"
      } ]
    } ],
    "lastUpdate" : "20150203T153309Z"
  }, {
    "type" : "place",
    "startTime" : "20150203T082358-0500",
    "endTime" : "20150203T113134-0500",
    "place" : {
      "id" : 191770626,
      "type" : "unknown",
      "location" : {
        "lat" : 29.6401239601,
        "lon" : -82.3500331577
      }
    },
    "activities" : [ {
      "activity" : "walking",
      "group" : "walking",
      "manual" : false,
      "startTime" : "20150203T082501-0500",
      "endTime" : "20150203T082635-0500",
      "duration" : 94.0,
      "distance" : 59.0,
      "steps" : 118,
      "trackPoints" : [ ]
    }, {
      "activity" : "walking",
      "group" : "walking",
      "manual" : false,
      "startTime" : "20150203T092801-0500",
      "endTime" : "20150203T092821-0500",
      "duration" : 20.0,
      "distance" : 19.0,
      "steps" : 37,
      "trackPoints" : [ ]
    }, {
      "activity" : "walking",
      "group" : "walking",
      "manual" : false,
      "startTime" : "20150203T112131-0500",
      "endTime" : "20150203T112558-0500",
      "duration" : 267.0,
      "distance" : 330.0,
      "steps" : 440,
      "trackPoints" : [ ]
    } ],
    "lastUpdate" : "20150203T183554Z"
  }, {
    "type" : "move",
    "startTime" : "20150203T113134-0500",
    "endTime" : "20150203T114537-0500",
    "activities" : [ {
      "activity" : "cycling",
      "group" : "cycling",
      "manual" : false,
      "startTime" : "20150203T113134-0500",
      "endTime" : "20150203T114537-0500",
      "duration" : 843.0,
      "distance" : 4003.0,
      "trackPoints" : [ {
        "lat" : 29.6401239601,
        "lon" : -82.3500331577,
        "time" : "20150203T113134-0500"
      }, {
        "lat" : 29.6391246306,
        "lon" : -82.3456262477,
        "time" : "20150203T113202-0500"
      }, {
        "lat" : 29.6390928939,
        "lon" : -82.3451280807,
        "time" : "20150203T113222-0500"
      }, {
        "lat" : 29.6390928939,
        "lon" : -82.3451280807,
        "time" : "20150203T113242-0500"
      }, {
        "lat" : 29.6390929405,
        "lon" : -82.3451278964,
        "time" : "20150203T113312-0500"
      }, {
        "lat" : 29.6390930758,
        "lon" : -82.345127397,
        "time" : "20150203T113332-0500"
      }, {
        "lat" : 29.6390897997,
        "lon" : -82.3451376929,
        "time" : "20150203T113352-0500"
      }, {
        "lat" : 29.6392110164,
        "lon" : -82.3447656007,
        "time" : "20150203T113413-0500"
      }, {
        "lat" : 29.6395987304,
        "lon" : -82.3421437963,
        "time" : "20150203T113504-0500"
      }, {
        "lat" : 29.6410874058,
        "lon" : -82.3396102249,
        "time" : "20150203T113554-0500"
      }, {
        "lat" : 29.6412871146,
        "lon" : -82.3391515443,
        "time" : "20150203T113613-0500"
      }, {
        "lat" : 29.641611857,
        "lon" : -82.338613651,
        "time" : "20150203T113635-0500"
      }, {
        "lat" : 29.6422658939,
        "lon" : -82.3375517544,
        "time" : "20150203T113654-0500"
      }, {
        "lat" : 29.6424218187,
        "lon" : -82.3371760727,
        "time" : "20150203T113714-0500"
      }, {
        "lat" : 29.6426066491,
        "lon" : -82.3364467987,
        "time" : "20150203T113735-0500"
      }, {
        "lat" : 29.643122808,
        "lon" : -82.3342631576,
        "time" : "20150203T113755-0500"
      }, {
        "lat" : 29.6435964553,
        "lon" : -82.3319678892,
        "time" : "20150203T113834-0500"
      }, {
        "lat" : 29.6437055582,
        "lon" : -82.3316300278,
        "time" : "20150203T113854-0500"
      }, {
        "lat" : 29.6437488603,
        "lon" : -82.3314188808,
        "time" : "20150203T113915-0500"
      }, {
        "lat" : 29.6446349889,
        "lon" : -82.3302727105,
        "time" : "20150203T113945-0500"
      }, {
        "lat" : 29.6450924968,
        "lon" : -82.329919971,
        "time" : "20150203T114006-0500"
      }, {
        "lat" : 29.6462896075,
        "lon" : -82.3293851546,
        "time" : "20150203T114026-0500"
      }, {
        "lat" : 29.6470527959,
        "lon" : -82.3291079304,
        "time" : "20150203T114057-0500"
      }, {
        "lat" : 29.647247359,
        "lon" : -82.3288393645,
        "time" : "20150203T114117-0500"
      }, {
        "lat" : 29.6479511386,
        "lon" : -82.3281719132,
        "time" : "20150203T114135-0500"
      }, {
        "lat" : 29.6483179239,
        "lon" : -82.3276243489,
        "time" : "20150203T114150-0500"
      }, {
        "lat" : 29.6487871199,
        "lon" : -82.3268560233,
        "time" : "20150203T114216-0500"
      }, {
        "lat" : 29.6495872561,
        "lon" : -82.3268148491,
        "time" : "20150203T114235-0500"
      }, {
        "lat" : 29.6504939025,
        "lon" : -82.3268383751,
        "time" : "20150203T114255-0500"
      }, {
        "lat" : 29.6515302163,
        "lon" : -82.3268592641,
        "time" : "20150203T114315-0500"
      }, {
        "lat" : 29.6518364596,
        "lon" : -82.3268510708,
        "time" : "20150203T114336-0500"
      }, {
        "lat" : 29.6519982262,
        "lon" : -82.3268417551,
        "time" : "20150203T114357-0500"
      }, {
        "lat" : 29.6521212862,
        "lon" : -82.326842247,
        "time" : "20150203T114416-0500"
      }, {
        "lat" : 29.6521276815,
        "lon" : -82.3268423762,
        "time" : "20150203T114436-0500"
      }, {
        "lat" : 29.6532016384,
        "lon" : -82.3268306913,
        "time" : "20150203T114505-0500"
      }, {
        "lat" : 29.6565354608,
        "lon" : -82.326775329,
        "time" : "20150203T114537-0500"
      } ]
    } ],
    "lastUpdate" : "20150203T183554Z"
  }, {
    "type" : "place",
    "startTime" : "20150203T114537-0500",
    "endTime" : "20150203T121729-0500",
    "place" : {
      "id" : 191508619,
      "type" : "unknown",
      "location" : {
        "lat" : 29.6565354608,
        "lon" : -82.326775329
      }
    },
    "activities" : [ {
      "activity" : "walking",
      "group" : "walking",
      "manual" : false,
      "startTime" : "20150203T114537-0500",
      "endTime" : "20150203T114635-0500",
      "duration" : 58.0,
      "distance" : 30.0,
      "steps" : 60,
      "trackPoints" : [ ]
    }, {
      "activity" : "walking",
      "group" : "walking",
      "manual" : false,
      "startTime" : "20150203T120324-0500",
      "endTime" : "20150203T120343-0500",
      "duration" : 19.0,
      "distance" : 12.0,
      "steps" : 23,
      "trackPoints" : [ ]
    } ],
    "lastUpdate" : "20150203T183554Z"
  }, {
    "type" : "move",
    "startTime" : "20150203T121729-0500",
    "endTime" : "20150203T122923-0500",
    "activities" : [ {
      "activity" : "cycling",
      "group" : "cycling",
      "manual" : false,
      "startTime" : "20150203T121729-0500",
      "endTime" : "20150203T122922-0500",
      "duration" : 713.0,
      "distance" : 3869.0,
      "trackPoints" : [ {
        "lat" : 29.6565354608,
        "lon" : -82.326775329,
        "time" : "20150203T121729-0500"
      }, {
        "lat" : 29.6565624439,
        "lon" : -82.3265208012,
        "time" : "20150203T121750-0500"
      }, {
        "lat" : 29.6565594083,
        "lon" : -82.3265389076,
        "time" : "20150203T121811-0500"
      }, {
        "lat" : 29.6567211777,
        "lon" : -82.3259420357,
        "time" : "20150203T121831-0500"
      }, {
        "lat" : 29.6567781376,
        "lon" : -82.3254457214,
        "time" : "20150203T121851-0500"
      }, {
        "lat" : 29.6566774299,
        "lon" : -82.3250584126,
        "time" : "20150203T121911-0500"
      }, {
        "lat" : 29.6564247221,
        "lon" : -82.3242726749,
        "time" : "20150203T121932-0500"
      }, {
        "lat" : 29.6566570861,
        "lon" : -82.3226399754,
        "time" : "20150203T122000-0500"
      }, {
        "lat" : 29.6571072792,
        "lon" : -82.3209106088,
        "time" : "20150203T122021-0500"
      }, {
        "lat" : 29.6569882326,
        "lon" : -82.3189458219,
        "time" : "20150203T122051-0500"
      }, {
        "lat" : 29.6568082107,
        "lon" : -82.3183945662,
        "time" : "20150203T122113-0500"
      }, {
        "lat" : 29.6561850142,
        "lon" : -82.3170854158,
        "time" : "20150203T122144-0500"
      }, {
        "lat" : 29.6559067818,
        "lon" : -82.3160176609,
        "time" : "20150203T122204-0500"
      }, {
        "lat" : 29.6557699568,
        "lon" : -82.3147889142,
        "time" : "20150203T122225-0500"
      }, {
        "lat" : 29.6557208098,
        "lon" : -82.3120030421,
        "time" : "20150203T122255-0500"
      }, {
        "lat" : 29.6555494761,
        "lon" : -82.3099406672,
        "time" : "20150203T122321-0500"
      }, {
        "lat" : 29.655649369,
        "lon" : -82.3096655048,
        "time" : "20150203T122340-0500"
      }, {
        "lat" : 29.6555390614,
        "lon" : -82.3093049716,
        "time" : "20150203T122400-0500"
      }, {
        "lat" : 29.6542978068,
        "lon" : -82.3073629224,
        "time" : "20150203T122441-0500"
      }, {
        "lat" : 29.6541196152,
        "lon" : -82.3062701298,
        "time" : "20150203T122501-0500"
      }, {
        "lat" : 29.6540569166,
        "lon" : -82.3057290286,
        "time" : "20150203T122521-0500"
      }, {
        "lat" : 29.6540086145,
        "lon" : -82.3051514664,
        "time" : "20150203T122542-0500"
      }, {
        "lat" : 29.6538377021,
        "lon" : -82.3032172302,
        "time" : "20150203T122603-0500"
      }, {
        "lat" : 29.6536066886,
        "lon" : -82.3017662891,
        "time" : "20150203T122621-0500"
      }, {
        "lat" : 29.653593418,
        "lon" : -82.3008428092,
        "time" : "20150203T122641-0500"
      }, {
        "lat" : 29.6537292711,
        "lon" : -82.2996383394,
        "time" : "20150203T122701-0500"
      }, {
        "lat" : 29.6529496834,
        "lon" : -82.2992730621,
        "time" : "20150203T122721-0500"
      }, {
        "lat" : 29.6520930129,
        "lon" : -82.2983032749,
        "time" : "20150203T122744-0500"
      }, {
        "lat" : 29.6505329725,
        "lon" : -82.2973839615,
        "time" : "20150203T122822-0500"
      }, {
        "lat" : 29.65034879,
        "lon" : -82.2972283542,
        "time" : "20150203T122843-0500"
      }, {
        "lat" : 29.6494642535,
        "lon" : -82.2954513859,
        "time" : "20150203T122923-0500"
      } ]
    } ],
    "lastUpdate" : "20150203T183554Z"
  }, {
    "type" : "place",
    "startTime" : "20150203T122923-0500",
    "endTime" : "20150203T163330-0500",
    "place" : {
      "id" : 192536761,
      "type" : "unknown",
      "location" : {
        "lat" : 29.6494642535,
        "lon" : -82.2954513859
      }
    },
    "activities" : [ {
      "activity" : "walking",
      "group" : "walking",
      "manual" : false,
      "startTime" : "20150203T122923-0500",
      "endTime" : "20150203T123044-0500",
      "duration" : 81.0,
      "distance" : 46.0,
      "steps" : 92,
      "trackPoints" : [ ]
    }, {
      "activity" : "walking",
      "group" : "walking",
      "manual" : false,
      "startTime" : "20150203T142845-0500",
      "endTime" : "20150203T142911-0500",
      "duration" : 26.0,
      "distance" : 15.0,
      "steps" : 30,
      "trackPoints" : [ ]
    } ],
    "lastUpdate" : "20150204T051204Z"
  }, {
    "type" : "move",
    "startTime" : "20150203T163330-0500",
    "endTime" : "20150203T203137-0500",
    "activities" : [ {
      "activity" : "walking",
      "group" : "walking",
      "manual" : false,
      "startTime" : "20150203T163330-0500",
      "endTime" : "20150203T164347-0500",
      "duration" : 617.0,
      "distance" : 324.0,
      "steps" : 648,
      "trackPoints" : [ {
        "lat" : 29.6494642535,
        "lon" : -82.2954513859,
        "time" : "20150203T163330-0500"
      }, {
        "lat" : 29.6494559378,
        "lon" : -82.2954448359,
        "time" : "20150203T163422-0500"
      }, {
        "lat" : 29.6494559408,
        "lon" : -82.2954448325,
        "time" : "20150203T163443-0500"
      }, {
        "lat" : 29.6494558098,
        "lon" : -82.295444978,
        "time" : "20150203T163501-0500"
      }, {
        "lat" : 29.6494557449,
        "lon" : -82.2954450501,
        "time" : "20150203T163521-0500"
      }, {
        "lat" : 29.6494557166,
        "lon" : -82.2954450816,
        "time" : "20150203T163542-0500"
      }, {
        "lat" : 29.6494557064,
        "lon" : -82.2954450929,
        "time" : "20150203T163602-0500"
      }, {
        "lat" : 29.6494557028,
        "lon" : -82.2954450969,
        "time" : "20150203T163623-0500"
      }, {
        "lat" : 29.6494936797,
        "lon" : -82.2955609277,
        "time" : "20150203T164346-0500"
      } ]
    }, {
      "activity" : "transport",
      "group" : "transport",
      "manual" : false,
      "startTime" : "20150203T164346-0500",
      "endTime" : "20150203T192956-0500",
      "duration" : 9970.0,
      "distance" : 2376.0,
      "trackPoints" : [ {
        "lat" : 29.6494936797,
        "lon" : -82.2955609277,
        "time" : "20150203T164346-0500"
      }, {
        "lat" : 29.6501340202,
        "lon" : -82.2975139103,
        "time" : "20150203T165959-0500"
      }, {
        "lat" : 29.6501340267,
        "lon" : -82.2975139304,
        "time" : "20150203T170000-0500"
      }, {
        "lat" : 29.652502865,
        "lon" : -82.3047386812,
        "time" : "20150203T175959-0500"
      }, {
        "lat" : 29.6525028716,
        "lon" : -82.3047387012,
        "time" : "20150203T180000-0500"
      }, {
        "lat" : 29.6548717099,
        "lon" : -82.311963452,
        "time" : "20150203T185959-0500"
      }, {
        "lat" : 29.6548717164,
        "lon" : -82.3119634721,
        "time" : "20150203T190000-0500"
      }, {
        "lat" : 29.6560535062,
        "lon" : -82.315567828,
        "time" : "20150203T192955-0500"
      } ]
    }, {
      "activity" : "cycling",
      "group" : "cycling",
      "manual" : false,
      "startTime" : "20150203T192955-0500",
      "endTime" : "20150203T194258-0500",
      "duration" : 783.0,
      "distance" : 75.0,
      "trackPoints" : [ {
        "lat" : 29.6560535062,
        "lon" : -82.315567828,
        "time" : "20150203T192955-0500"
      }, {
        "lat" : 29.6562595152,
        "lon" : -82.3161961377,
        "time" : "20150203T194258-0500"
      } ]
    }, {
      "activity" : "transport",
      "group" : "transport",
      "manual" : false,
      "startTime" : "20150203T194258-0500",
      "endTime" : "20150203T203138-0500",
      "duration" : 2920.0,
      "distance" : 821.0,
      "trackPoints" : [ {
        "lat" : 29.6562595152,
        "lon" : -82.3161961377,
        "time" : "20150203T194258-0500"
      }, {
        "lat" : 29.6570191559,
        "lon" : -82.3186279294,
        "time" : "20150203T195959-0500"
      }, {
        "lat" : 29.6570191633,
        "lon" : -82.3186279532,
        "time" : "20150203T200000-0500"
      }, {
        "lat" : 29.6584308887,
        "lon" : -82.3231472242,
        "time" : "20150203T203137-0500"
      } ]
    } ],
    "lastUpdate" : "20150204T051204Z"
  }, {
    "type" : "place",
    "startTime" : "20150203T203138-0500",
    "endTime" : "20150203T230624-0500",
    "place" : {
      "id" : 191555477,
      "type" : "unknown",
      "location" : {
        "lat" : 29.6584308887,
        "lon" : -82.3231472242
      }
    },
    "activities" : [ {
      "activity" : "walking",
      "group" : "walking",
      "manual" : false,
      "startTime" : "20150203T215140-0500",
      "endTime" : "20150203T215210-0500",
      "duration" : 30.0,
      "distance" : 15.0,
      "steps" : 31,
      "trackPoints" : [ ]
    }, {
      "activity" : "walking",
      "group" : "walking",
      "manual" : false,
      "startTime" : "20150203T220557-0500",
      "endTime" : "20150203T220901-0500",
      "duration" : 184.0,
      "distance" : 138.0,
      "steps" : 139,
      "trackPoints" : [ ]
    }, {
      "activity" : "walking",
      "group" : "walking",
      "manual" : false,
      "startTime" : "20150203T230248-0500",
      "endTime" : "20150203T230318-0500",
      "duration" : 30.0,
      "distance" : 15.0,
      "steps" : 30,
      "trackPoints" : [ ]
    } ],
    "lastUpdate" : "20150204T051204Z"
  }, {
    "type" : "move",
    "startTime" : "20150203T230624-0500",
    "endTime" : "20150203T231630-0500",
    "activities" : [ {
      "activity" : "transport",
      "group" : "transport",
      "manual" : false,
      "startTime" : "20150203T230624-0500",
      "endTime" : "20150203T231630-0500",
      "duration" : 606.0,
      "distance" : 495.0,
      "trackPoints" : [ {
        "lat" : 29.6584308887,
        "lon" : -82.3231472242,
        "time" : "20150203T230624-0500"
      }, {
        "lat" : 29.6579933013,
        "lon" : -82.3251514577,
        "time" : "20150203T230701-0500"
      }, {
        "lat" : 29.6579786415,
        "lon" : -82.3251786215,
        "time" : "20150203T230722-0500"
      }, {
        "lat" : 29.657973786,
        "lon" : -82.3251849381,
        "time" : "20150203T230743-0500"
      }, {
        "lat" : 29.6579772682,
        "lon" : -82.325181095,
        "time" : "20150203T230804-0500"
      }, {
        "lat" : 29.6579810786,
        "lon" : -82.3251769779,
        "time" : "20150203T230824-0500"
      }, {
        "lat" : 29.6579850753,
        "lon" : -82.3251727453,
        "time" : "20150203T230846-0500"
      }, {
        "lat" : 29.6579887505,
        "lon" : -82.3251689204,
        "time" : "20150203T230908-0500"
      }, {
        "lat" : 29.6579917844,
        "lon" : -82.3251658035,
        "time" : "20150203T230929-0500"
      }, {
        "lat" : 29.6579941648,
        "lon" : -82.3251633977,
        "time" : "20150203T230951-0500"
      }, {
        "lat" : 29.6579958303,
        "lon" : -82.3251617405,
        "time" : "20150203T231011-0500"
      }, {
        "lat" : 29.6579969681,
        "lon" : -82.3251606428,
        "time" : "20150203T231033-0500"
      }, {
        "lat" : 29.6579975776,
        "lon" : -82.3251600906,
        "time" : "20150203T231054-0500"
      }, {
        "lat" : 29.6579978504,
        "lon" : -82.3251598772,
        "time" : "20150203T231114-0500"
      }, {
        "lat" : 29.6579978231,
        "lon" : -82.3251599761,
        "time" : "20150203T231135-0500"
      }, {
        "lat" : 29.6579975326,
        "lon" : -82.3251603457,
        "time" : "20150203T231157-0500"
      }, {
        "lat" : 29.6579969839,
        "lon" : -82.3251609829,
        "time" : "20150203T231218-0500"
      }, {
        "lat" : 29.6579961549,
        "lon" : -82.3251619167,
        "time" : "20150203T231240-0500"
      }, {
        "lat" : 29.6579950015,
        "lon" : -82.3251631948,
        "time" : "20150203T231300-0500"
      }, {
        "lat" : 29.6579931982,
        "lon" : -82.3251651782,
        "time" : "20150203T231323-0500"
      }, {
        "lat" : 29.6579908946,
        "lon" : -82.3251677008,
        "time" : "20150203T231344-0500"
      }, {
        "lat" : 29.6579877996,
        "lon" : -82.3251710825,
        "time" : "20150203T231405-0500"
      }, {
        "lat" : 29.6579834156,
        "lon" : -82.3251758668,
        "time" : "20150203T231427-0500"
      }, {
        "lat" : 29.6579776617,
        "lon" : -82.3251821418,
        "time" : "20150203T231448-0500"
      }, {
        "lat" : 29.6579697369,
        "lon" : -82.3251907811,
        "time" : "20150203T231510-0500"
      }, {
        "lat" : 29.6579590319,
        "lon" : -82.3252024489,
        "time" : "20150203T231532-0500"
      }, {
        "lat" : 29.6579438349,
        "lon" : -82.3252190104,
        "time" : "20150203T231553-0500"
      }, {
        "lat" : 29.6565354608,
        "lon" : -82.326775329,
        "time" : "20150203T231630-0500"
      } ]
    } ],
    "lastUpdate" : "20150204T051204Z"
  }, {
    "type" : "place",
    "startTime" : "20150203T231630-0500",
    "endTime" : "20150204T051221-0500",
    "place" : {
      "id" : 191508619,
      "type" : "unknown",
      "location" : {
        "lat" : 29.6565354608,
        "lon" : -82.326775329
      }
    },
    "lastUpdate" : "20150204T124702Z"
  } ],
  "lastUpdate" : "20150204T125748Z"
} ]