[ {
  "date" : "20150220",
  "summary" : [ {
    "activity" : "walking",
    "group" : "walking",
    "duration" : 208.0,
    "distance" : 159.0,
    "steps" : 193
  } ],
  "segments" : [ {
    "type" : "place",
    "startTime" : "20150219T213336-0500",
    "endTime" : "20150220T083153-0500",
    "place" : {
      "id" : 193512500,
      "name" : "Home",
      "type" : "home",
      "location" : {
        "lat" : 29.6564969542,
        "lon" : -82.3267639009
      }
    },
    "activities" : [ {
      "activity" : "walking",
      "group" : "walking",
      "manual" : false,
      "startTime" : "20150220T073408-0500",
      "endTime" : "20150220T073714-0500",
      "duration" : 186.0,
      "distance" : 140.0,
      "steps" : 156,
      "trackPoints" : [ ]
    }, {
      "activity" : "walking",
      "group" : "walking",
      "manual" : false,
      "startTime" : "20150220T083128-0500",
      "endTime" : "20150220T083150-0500",
      "duration" : 22.0,
      "distance" : 19.0,
      "steps" : 37,
      "trackPoints" : [ ]
    } ],
    "lastUpdate" : "20150220T133156Z"
  } ],
  "lastUpdate" : "20150220T133156Z"
} ]