[ {
  "date" : "20150208",
  "summary" : [ {
    "activity" : "walking",
    "group" : "walking",
    "duration" : 6987.0,
    "distance" : 7168.0,
    "steps" : 9536
  }, {
    "activity" : "transport",
    "group" : "transport",
    "duration" : 75.0,
    "distance" : 584.0
  } ],
  "segments" : [ {
    "type" : "place",
    "startTime" : "20150207T190355-0500",
    "endTime" : "20150208T102406-0500",
    "place" : {
      "id" : 193512500,
      "name" : "Home",
      "type" : "home",
      "location" : {
        "lat" : 29.6564969542,
        "lon" : -82.3267639009
      }
    },
    "activities" : [ {
      "activity" : "walking",
      "group" : "walking",
      "manual" : false,
      "startTime" : "20150208T083755-0500",
      "endTime" : "20150208T083825-0500",
      "duration" : 30.0,
      "distance" : 15.0,
      "steps" : 25,
      "trackPoints" : [ ]
    }, {
      "activity" : "walking",
      "group" : "walking",
      "manual" : false,
      "startTime" : "20150208T102210-0500",
      "endTime" : "20150208T102240-0500",
      "duration" : 30.0,
      "distance" : 30.0,
      "steps" : 61,
      "trackPoints" : [ ]
    } ],
    "lastUpdate" : "20150208T181247Z"
  }, {
    "type" : "move",
    "startTime" : "20150208T102406-0500",
    "endTime" : "20150208T103751-0500",
    "activities" : [ {
      "activity" : "walking",
      "group" : "walking",
      "manual" : false,
      "startTime" : "20150208T102406-0500",
      "endTime" : "20150208T103751-0500",
      "duration" : 825.0,
      "distance" : 850.0,
      "steps" : 1177,
      "trackPoints" : [ {
        "lat" : 29.6564969542,
        "lon" : -82.3267639009,
        "time" : "20150208T102406-0500"
      }, {
        "lat" : 29.6565496722,
        "lon" : -82.3266891349,
        "time" : "20150208T102427-0500"
      }, {
        "lat" : 29.6565508163,
        "lon" : -82.3266834024,
        "time" : "20150208T102448-0500"
      }, {
        "lat" : 29.6565522453,
        "lon" : -82.3266754709,
        "time" : "20150208T102508-0500"
      }, {
        "lat" : 29.6565541604,
        "lon" : -82.3266642852,
        "time" : "20150208T102528-0500"
      }, {
        "lat" : 29.6565567903,
        "lon" : -82.3266484836,
        "time" : "20150208T102548-0500"
      }, {
        "lat" : 29.6565604983,
        "lon" : -82.3266260219,
        "time" : "20150208T102609-0500"
      }, {
        "lat" : 29.6565628808,
        "lon" : -82.3266117659,
        "time" : "20150208T102630-0500"
      }, {
        "lat" : 29.6566956094,
        "lon" : -82.325791732,
        "time" : "20150208T102714-0500"
      }, {
        "lat" : 29.6567438186,
        "lon" : -82.3254687792,
        "time" : "20150208T102747-0500"
      }, {
        "lat" : 29.6567585785,
        "lon" : -82.3253803912,
        "time" : "20150208T102809-0500"
      }, {
        "lat" : 29.6567672025,
        "lon" : -82.3253147498,
        "time" : "20150208T102830-0500"
      }, {
        "lat" : 29.6567719796,
        "lon" : -82.325235972,
        "time" : "20150208T102852-0500"
      }, {
        "lat" : 29.6567806444,
        "lon" : -82.3249939354,
        "time" : "20150208T102914-0500"
      }, {
        "lat" : 29.6568026267,
        "lon" : -82.3243360741,
        "time" : "20150208T102935-0500"
      }, {
        "lat" : 29.6568027553,
        "lon" : -82.3239772789,
        "time" : "20150208T102956-0500"
      }, {
        "lat" : 29.6567994664,
        "lon" : -82.3237690836,
        "time" : "20150208T103016-0500"
      }, {
        "lat" : 29.6567765606,
        "lon" : -82.323542277,
        "time" : "20150208T103038-0500"
      }, {
        "lat" : 29.6567397503,
        "lon" : -82.3233115533,
        "time" : "20150208T103059-0500"
      }, {
        "lat" : 29.6567147958,
        "lon" : -82.3231389673,
        "time" : "20150208T103119-0500"
      }, {
        "lat" : 29.6567048923,
        "lon" : -82.3230088782,
        "time" : "20150208T103151-0500"
      }, {
        "lat" : 29.6567073435,
        "lon" : -82.3228756865,
        "time" : "20150208T103212-0500"
      }, {
        "lat" : 29.656756164,
        "lon" : -82.3218274812,
        "time" : "20150208T103235-0500"
      }, {
        "lat" : 29.6567958386,
        "lon" : -82.32105213,
        "time" : "20150208T103257-0500"
      }, {
        "lat" : 29.6568248996,
        "lon" : -82.3207007789,
        "time" : "20150208T103317-0500"
      }, {
        "lat" : 29.656848502,
        "lon" : -82.3205364933,
        "time" : "20150208T103338-0500"
      }, {
        "lat" : 29.6568736987,
        "lon" : -82.3203493343,
        "time" : "20150208T103359-0500"
      }, {
        "lat" : 29.6569414562,
        "lon" : -82.3198523058,
        "time" : "20150208T103419-0500"
      }, {
        "lat" : 29.6569954531,
        "lon" : -82.3193994715,
        "time" : "20150208T103440-0500"
      }, {
        "lat" : 29.657038151,
        "lon" : -82.3191417444,
        "time" : "20150208T103500-0500"
      }, {
        "lat" : 29.6569418856,
        "lon" : -82.3188469095,
        "time" : "20150208T103543-0500"
      }, {
        "lat" : 29.6568429414,
        "lon" : -82.3187082909,
        "time" : "20150208T103609-0500"
      }, {
        "lat" : 29.6567907026,
        "lon" : -82.3186579052,
        "time" : "20150208T103629-0500"
      }, {
        "lat" : 29.6567556633,
        "lon" : -82.3186381025,
        "time" : "20150208T103649-0500"
      }, {
        "lat" : 29.6567208153,
        "lon" : -82.3186320954,
        "time" : "20150208T103709-0500"
      }, {
        "lat" : 29.6566689681,
        "lon" : -82.3186492512,
        "time" : "20150208T103730-0500"
      }, {
        "lat" : 29.6565615853,
        "lon" : -82.3187163055,
        "time" : "20150208T103751-0500"
      } ]
    } ],
    "lastUpdate" : "20150208T181247Z"
  }, {
    "type" : "place",
    "startTime" : "20150208T103751-0500",
    "endTime" : "20150208T130956-0500",
    "place" : {
      "id" : 192984494,
      "type" : "unknown",
      "location" : {
        "lat" : 29.6565615853,
        "lon" : -82.3187163055
      }
    },
    "activities" : [ {
      "activity" : "walking",
      "group" : "walking",
      "manual" : false,
      "startTime" : "20150208T104544-0500",
      "endTime" : "20150208T104644-0500",
      "duration" : 60.0,
      "distance" : 30.0,
      "steps" : 51,
      "trackPoints" : [ ]
    }, {
      "activity" : "walking",
      "group" : "walking",
      "manual" : false,
      "startTime" : "20150208T113238-0500",
      "endTime" : "20150208T113408-0500",
      "duration" : 90.0,
      "distance" : 45.0,
      "steps" : 77,
      "trackPoints" : [ ]
    }, {
      "activity" : "walking",
      "group" : "walking",
      "manual" : false,
      "startTime" : "20150208T120700-0500",
      "endTime" : "20150208T121112-0500",
      "duration" : 252.0,
      "distance" : 235.0,
      "steps" : 314,
      "trackPoints" : [ ]
    }, {
      "activity" : "walking",
      "group" : "walking",
      "manual" : false,
      "startTime" : "20150208T130431-0500",
      "endTime" : "20150208T130501-0500",
      "duration" : 30.0,
      "distance" : 15.0,
      "steps" : 15,
      "trackPoints" : [ ]
    } ],
    "lastUpdate" : "20150208T212545Z"
  }, {
    "type" : "move",
    "startTime" : "20150208T130956-0500",
    "endTime" : "20150208T133206-0500",
    "activities" : [ {
      "activity" : "walking",
      "group" : "walking",
      "manual" : false,
      "startTime" : "20150208T130956-0500",
      "endTime" : "20150208T133207-0500",
      "duration" : 1331.0,
      "distance" : 1672.0,
      "steps" : 2101,
      "trackPoints" : [ {
        "lat" : 29.6565615853,
        "lon" : -82.3187163055,
        "time" : "20150208T130956-0500"
      }, {
        "lat" : 29.6565323498,
        "lon" : -82.3186856309,
        "time" : "20150208T131026-0500"
      }, {
        "lat" : 29.6566663444,
        "lon" : -82.3185890498,
        "time" : "20150208T131125-0500"
      }, {
        "lat" : 29.6567279501,
        "lon" : -82.3185635191,
        "time" : "20150208T131146-0500"
      }, {
        "lat" : 29.6567754914,
        "lon" : -82.3185504573,
        "time" : "20150208T131206-0500"
      }, {
        "lat" : 29.6568452567,
        "lon" : -82.31853702,
        "time" : "20150208T131227-0500"
      }, {
        "lat" : 29.6569848561,
        "lon" : -82.3185062333,
        "time" : "20150208T131246-0500"
      }, {
        "lat" : 29.6573711139,
        "lon" : -82.3184638642,
        "time" : "20150208T131310-0500"
      }, {
        "lat" : 29.6577744012,
        "lon" : -82.3184256326,
        "time" : "20150208T131341-0500"
      }, {
        "lat" : 29.6579006211,
        "lon" : -82.3184109999,
        "time" : "20150208T131404-0500"
      }, {
        "lat" : 29.6579824433,
        "lon" : -82.3184074897,
        "time" : "20150208T131425-0500"
      }, {
        "lat" : 29.6580555981,
        "lon" : -82.3184249505,
        "time" : "20150208T131447-0500"
      }, {
        "lat" : 29.6581533485,
        "lon" : -82.3184656994,
        "time" : "20150208T131508-0500"
      }, {
        "lat" : 29.6582480535,
        "lon" : -82.3185040828,
        "time" : "20150208T131529-0500"
      }, {
        "lat" : 29.6584544778,
        "lon" : -82.3185673021,
        "time" : "20150208T131551-0500"
      }, {
        "lat" : 29.6589473148,
        "lon" : -82.3187116705,
        "time" : "20150208T131612-0500"
      }, {
        "lat" : 29.6591814974,
        "lon" : -82.3187794415,
        "time" : "20150208T131631-0500"
      }, {
        "lat" : 29.6593781132,
        "lon" : -82.3187942611,
        "time" : "20150208T131654-0500"
      }, {
        "lat" : 29.659899184,
        "lon" : -82.318743757,
        "time" : "20150208T131725-0500"
      }, {
        "lat" : 29.6600041982,
        "lon" : -82.3187841212,
        "time" : "20150208T131744-0500"
      }, {
        "lat" : 29.6599953222,
        "lon" : -82.3188779407,
        "time" : "20150208T131806-0500"
      }, {
        "lat" : 29.6599675208,
        "lon" : -82.3190330154,
        "time" : "20150208T131826-0500"
      }, {
        "lat" : 29.6599572242,
        "lon" : -82.3191691491,
        "time" : "20150208T131847-0500"
      }, {
        "lat" : 29.6599668576,
        "lon" : -82.3193168189,
        "time" : "20150208T131907-0500"
      }, {
        "lat" : 29.6600001885,
        "lon" : -82.3194658584,
        "time" : "20150208T131927-0500"
      }, {
        "lat" : 29.6599981815,
        "lon" : -82.3196545576,
        "time" : "20150208T131950-0500"
      }, {
        "lat" : 29.6599683787,
        "lon" : -82.3205144162,
        "time" : "20150208T132025-0500"
      }, {
        "lat" : 29.6599891202,
        "lon" : -82.3207141178,
        "time" : "20150208T132046-0500"
      }, {
        "lat" : 29.6600151269,
        "lon" : -82.3208331877,
        "time" : "20150208T132106-0500"
      }, {
        "lat" : 29.6600564716,
        "lon" : -82.3210762936,
        "time" : "20150208T132127-0500"
      }, {
        "lat" : 29.660157898,
        "lon" : -82.3217058865,
        "time" : "20150208T132147-0500"
      }, {
        "lat" : 29.6601456377,
        "lon" : -82.3221192196,
        "time" : "20150208T132205-0500"
      }, {
        "lat" : 29.6599840847,
        "lon" : -82.3226174902,
        "time" : "20150208T132228-0500"
      }, {
        "lat" : 29.6598116818,
        "lon" : -82.3229478606,
        "time" : "20150208T132250-0500"
      }, {
        "lat" : 29.6596329024,
        "lon" : -82.323101329,
        "time" : "20150208T132310-0500"
      }, {
        "lat" : 29.6594904963,
        "lon" : -82.3231171877,
        "time" : "20150208T132325-0500"
      }, {
        "lat" : 29.6592383446,
        "lon" : -82.323143792,
        "time" : "20150208T132355-0500"
      }, {
        "lat" : 29.6590930194,
        "lon" : -82.3231445497,
        "time" : "20150208T132416-0500"
      }, {
        "lat" : 29.6589525146,
        "lon" : -82.3231376841,
        "time" : "20150208T132437-0500"
      }, {
        "lat" : 29.6586451734,
        "lon" : -82.3232414777,
        "time" : "20150208T132504-0500"
      }, {
        "lat" : 29.6582772364,
        "lon" : -82.3235043791,
        "time" : "20150208T132541-0500"
      }, {
        "lat" : 29.6581456503,
        "lon" : -82.3236343049,
        "time" : "20150208T132557-0500"
      }, {
        "lat" : 29.6580441475,
        "lon" : -82.3237903359,
        "time" : "20150208T132614-0500"
      }, {
        "lat" : 29.6580126374,
        "lon" : -82.3239741476,
        "time" : "20150208T132634-0500"
      }, {
        "lat" : 29.6580019934,
        "lon" : -82.3241186425,
        "time" : "20150208T132655-0500"
      }, {
        "lat" : 29.6580529063,
        "lon" : -82.3246334433,
        "time" : "20150208T132732-0500"
      }, {
        "lat" : 29.6581855837,
        "lon" : -82.3249063005,
        "time" : "20150208T132756-0500"
      }, {
        "lat" : 29.6583382766,
        "lon" : -82.3250914234,
        "time" : "20150208T132816-0500"
      }, {
        "lat" : 29.6585828494,
        "lon" : -82.3252564053,
        "time" : "20150208T132836-0500"
      }, {
        "lat" : 29.6589172857,
        "lon" : -82.3254206294,
        "time" : "20150208T132856-0500"
      }, {
        "lat" : 29.6589865231,
        "lon" : -82.3255174182,
        "time" : "20150208T132916-0500"
      }, {
        "lat" : 29.656639041,
        "lon" : -82.3265284268,
        "time" : "20150208T133012-0500"
      }, {
        "lat" : 29.6565729024,
        "lon" : -82.3266529754,
        "time" : "20150208T133032-0500"
      }, {
        "lat" : 29.6565469649,
        "lon" : -82.3266600846,
        "time" : "20150208T133053-0500"
      }, {
        "lat" : 29.6565342663,
        "lon" : -82.3266737409,
        "time" : "20150208T133113-0500"
      }, {
        "lat" : 29.6565380238,
        "lon" : -82.3267057961,
        "time" : "20150208T133133-0500"
      }, {
        "lat" : 29.6564969542,
        "lon" : -82.3267639009,
        "time" : "20150208T133206-0500"
      } ]
    } ],
    "lastUpdate" : "20150208T212545Z"
  }, {
    "type" : "place",
    "startTime" : "20150208T133206-0500",
    "endTime" : "20150208T173321-0500",
    "place" : {
      "id" : 193512500,
      "name" : "Home",
      "type" : "home",
      "location" : {
        "lat" : 29.6564969542,
        "lon" : -82.3267639009
      }
    },
    "activities" : [ {
      "activity" : "walking",
      "group" : "walking",
      "manual" : false,
      "startTime" : "20150208T135352-0500",
      "endTime" : "20150208T135422-0500",
      "duration" : 30.0,
      "distance" : 15.0,
      "steps" : 25,
      "trackPoints" : [ ]
    }, {
      "activity" : "walking",
      "group" : "walking",
      "manual" : false,
      "startTime" : "20150208T143424-0500",
      "endTime" : "20150208T143454-0500",
      "duration" : 30.0,
      "distance" : 15.0,
      "steps" : 25,
      "trackPoints" : [ ]
    }, {
      "activity" : "walking",
      "group" : "walking",
      "manual" : false,
      "startTime" : "20150208T150014-0500",
      "endTime" : "20150208T150144-0500",
      "duration" : 90.0,
      "distance" : 46.0,
      "steps" : 91,
      "trackPoints" : [ ]
    }, {
      "activity" : "walking",
      "group" : "walking",
      "manual" : false,
      "startTime" : "20150208T172750-0500",
      "endTime" : "20150208T172920-0500",
      "duration" : 90.0,
      "distance" : 45.0,
      "steps" : 81,
      "trackPoints" : [ ]
    } ],
    "lastUpdate" : "20150208T231337Z"
  }, {
    "type" : "move",
    "startTime" : "20150208T173321-0500",
    "endTime" : "20150208T174213-0500",
    "activities" : [ {
      "activity" : "walking",
      "group" : "walking",
      "manual" : false,
      "startTime" : "20150208T173321-0500",
      "endTime" : "20150208T174213-0500",
      "duration" : 532.0,
      "distance" : 464.0,
      "steps" : 928,
      "trackPoints" : [ {
        "lat" : 29.6564969542,
        "lon" : -82.3267639009,
        "time" : "20150208T173321-0500"
      }, {
        "lat" : 29.6565366315,
        "lon" : -82.3267484888,
        "time" : "20150208T173341-0500"
      }, {
        "lat" : 29.656536055,
        "lon" : -82.3267489556,
        "time" : "20150208T173401-0500"
      }, {
        "lat" : 29.6565365468,
        "lon" : -82.3267577446,
        "time" : "20150208T173422-0500"
      }, {
        "lat" : 29.6565381728,
        "lon" : -82.3267724634,
        "time" : "20150208T173443-0500"
      }, {
        "lat" : 29.6565407386,
        "lon" : -82.3267944075,
        "time" : "20150208T173503-0500"
      }, {
        "lat" : 29.6565441543,
        "lon" : -82.3268268205,
        "time" : "20150208T173523-0500"
      }, {
        "lat" : 29.656547837,
        "lon" : -82.3268632764,
        "time" : "20150208T173540-0500"
      }, {
        "lat" : 29.656553626,
        "lon" : -82.326935049,
        "time" : "20150208T173601-0500"
      }, {
        "lat" : 29.6565348795,
        "lon" : -82.3276353995,
        "time" : "20150208T173633-0500"
      }, {
        "lat" : 29.6564421093,
        "lon" : -82.3277774516,
        "time" : "20150208T173653-0500"
      }, {
        "lat" : 29.6563185977,
        "lon" : -82.3278197382,
        "time" : "20150208T173717-0500"
      }, {
        "lat" : 29.65613294,
        "lon" : -82.3278006777,
        "time" : "20150208T173737-0500"
      }, {
        "lat" : 29.6555274755,
        "lon" : -82.3276863243,
        "time" : "20150208T173809-0500"
      }, {
        "lat" : 29.6553912897,
        "lon" : -82.3275735987,
        "time" : "20150208T173830-0500"
      }, {
        "lat" : 29.6553850744,
        "lon" : -82.3274175862,
        "time" : "20150208T173851-0500"
      }, {
        "lat" : 29.6554333357,
        "lon" : -82.3272702337,
        "time" : "20150208T173913-0500"
      }, {
        "lat" : 29.6554951116,
        "lon" : -82.3271743879,
        "time" : "20150208T173935-0500"
      }, {
        "lat" : 29.6555483902,
        "lon" : -82.3271219213,
        "time" : "20150208T173956-0500"
      }, {
        "lat" : 29.6556786989,
        "lon" : -82.3270561825,
        "time" : "20150208T174017-0500"
      }, {
        "lat" : 29.6561189719,
        "lon" : -82.3268503882,
        "time" : "20150208T174038-0500"
      }, {
        "lat" : 29.6563623182,
        "lon" : -82.3267785548,
        "time" : "20150208T174100-0500"
      }, {
        "lat" : 29.6564699338,
        "lon" : -82.3267430228,
        "time" : "20150208T174120-0500"
      }, {
        "lat" : 29.656524938,
        "lon" : -82.3267147394,
        "time" : "20150208T174142-0500"
      }, {
        "lat" : 29.6564969542,
        "lon" : -82.3267639009,
        "time" : "20150208T174213-0500"
      } ]
    } ],
    "lastUpdate" : "20150208T231337Z"
  }, {
    "type" : "place",
    "startTime" : "20150208T174213-0500",
    "endTime" : "20150208T175605-0500",
    "place" : {
      "id" : 193512500,
      "name" : "Home",
      "type" : "home",
      "location" : {
        "lat" : 29.6564969542,
        "lon" : -82.3267639009
      }
    },
    "activities" : [ {
      "activity" : "walking",
      "group" : "walking",
      "manual" : false,
      "startTime" : "20150208T174213-0500",
      "endTime" : "20150208T174240-0500",
      "duration" : 27.0,
      "distance" : 14.0,
      "steps" : 27,
      "trackPoints" : [ ]
    } ],
    "lastUpdate" : "20150208T234307Z"
  }, {
    "type" : "place",
    "startTime" : "20150208T175605-0500",
    "endTime" : "20150208T180629-0500",
    "place" : {
      "id" : 194622959,
      "type" : "unknown",
      "location" : {
        "lat" : 29.6577708953,
        "lon" : -82.325915626
      }
    },
    "activities" : [ {
      "activity" : "walking",
      "group" : "walking",
      "manual" : false,
      "startTime" : "20150208T175605-0500",
      "endTime" : "20150208T175626-0500",
      "duration" : 21.0,
      "distance" : 18.0,
      "steps" : 36,
      "trackPoints" : [ ]
    } ],
    "lastUpdate" : "20150208T234307Z"
  }, {
    "type" : "move",
    "startTime" : "20150208T180629-0500",
    "endTime" : "20150208T182154-0500",
    "activities" : [ {
      "activity" : "walking",
      "group" : "walking",
      "manual" : false,
      "startTime" : "20150208T180629-0500",
      "endTime" : "20150208T182155-0500",
      "duration" : 926.0,
      "distance" : 954.0,
      "steps" : 774,
      "trackPoints" : [ {
        "lat" : 29.6577708953,
        "lon" : -82.325915626,
        "time" : "20150208T180629-0500"
      }, {
        "lat" : 29.6567007607,
        "lon" : -82.3268933102,
        "time" : "20150208T180821-0500"
      }, {
        "lat" : 29.6566702297,
        "lon" : -82.3270289527,
        "time" : "20150208T180843-0500"
      }, {
        "lat" : 29.6566564815,
        "lon" : -82.3271706574,
        "time" : "20150208T180905-0500"
      }, {
        "lat" : 29.656631127,
        "lon" : -82.3273098151,
        "time" : "20150208T180928-0500"
      }, {
        "lat" : 29.6565851152,
        "lon" : -82.3273932182,
        "time" : "20150208T180949-0500"
      }, {
        "lat" : 29.6565296616,
        "lon" : -82.3274404398,
        "time" : "20150208T181009-0500"
      }, {
        "lat" : 29.6564553413,
        "lon" : -82.3274787302,
        "time" : "20150208T181030-0500"
      }, {
        "lat" : 29.6563218208,
        "lon" : -82.3275591785,
        "time" : "20150208T181051-0500"
      }, {
        "lat" : 29.655808607,
        "lon" : -82.3278795138,
        "time" : "20150208T181124-0500"
      }, {
        "lat" : 29.6557003317,
        "lon" : -82.3279801591,
        "time" : "20150208T181146-0500"
      }, {
        "lat" : 29.6557297931,
        "lon" : -82.3279889399,
        "time" : "20150208T181206-0500"
      }, {
        "lat" : 29.6558534192,
        "lon" : -82.3279664047,
        "time" : "20150208T181223-0500"
      }, {
        "lat" : 29.6560875802,
        "lon" : -82.3279192067,
        "time" : "20150208T181248-0500"
      }, {
        "lat" : 29.6562432061,
        "lon" : -82.3278940335,
        "time" : "20150208T181309-0500"
      }, {
        "lat" : 29.6563603494,
        "lon" : -82.3278534494,
        "time" : "20150208T181330-0500"
      }, {
        "lat" : 29.6564139959,
        "lon" : -82.3277806671,
        "time" : "20150208T181351-0500"
      }, {
        "lat" : 29.6564453701,
        "lon" : -82.3277009338,
        "time" : "20150208T181412-0500"
      }, {
        "lat" : 29.6564728763,
        "lon" : -82.3276073938,
        "time" : "20150208T181434-0500"
      }, {
        "lat" : 29.6564893337,
        "lon" : -82.3275737729,
        "time" : "20150208T181455-0500"
      }, {
        "lat" : 29.6565229051,
        "lon" : -82.3275302769,
        "time" : "20150208T181515-0500"
      }, {
        "lat" : 29.6578458647,
        "lon" : -82.3259595862,
        "time" : "20150208T181952-0500"
      }, {
        "lat" : 29.6580528538,
        "lon" : -82.3258722858,
        "time" : "20150208T182023-0500"
      }, {
        "lat" : 29.6564969542,
        "lon" : -82.3267639009,
        "time" : "20150208T182154-0500"
      } ]
    } ],
    "lastUpdate" : "20150208T234307Z"
  }, {
    "type" : "place",
    "startTime" : "20150208T182154-0500",
    "endTime" : "20150208T190045-0500",
    "place" : {
      "id" : 193512500,
      "name" : "Home",
      "type" : "home",
      "location" : {
        "lat" : 29.6564969542,
        "lon" : -82.3267639009
      }
    },
    "activities" : [ {
      "activity" : "walking",
      "group" : "walking",
      "manual" : false,
      "startTime" : "20150208T182154-0500",
      "endTime" : "20150208T184927-0500",
      "duration" : 1653.0,
      "distance" : 1828.0,
      "steps" : 2437,
      "trackPoints" : [ ]
    } ],
    "lastUpdate" : "20150209T015857Z"
  }, {
    "type" : "move",
    "startTime" : "20150208T190045-0500",
    "endTime" : "20150208T190200-0500",
    "activities" : [ {
      "activity" : "transport",
      "group" : "transport",
      "manual" : false,
      "startTime" : "20150208T190045-0500",
      "endTime" : "20150208T190200-0500",
      "duration" : 75.0,
      "distance" : 584.0,
      "trackPoints" : [ {
        "lat" : 29.6564969542,
        "lon" : -82.3267639009,
        "time" : "20150208T190045-0500"
      }, {
        "lat" : 29.6590560262,
        "lon" : -82.3245442735,
        "time" : "20150208T190138-0500"
      }, {
        "lat" : 29.6584308887,
        "lon" : -82.3231472242,
        "time" : "20150208T190200-0500"
      } ]
    } ],
    "lastUpdate" : "20150209T015857Z"
  }, {
    "type" : "place",
    "startTime" : "20150208T190200-0500",
    "endTime" : "20150208T212952-0500",
    "place" : {
      "id" : 191555477,
      "type" : "unknown",
      "location" : {
        "lat" : 29.6584308887,
        "lon" : -82.3231472242
      }
    },
    "activities" : [ {
      "activity" : "walking",
      "group" : "walking",
      "manual" : false,
      "startTime" : "20150208T190243-0500",
      "endTime" : "20150208T190446-0500",
      "duration" : 123.0,
      "distance" : 124.0,
      "steps" : 166,
      "trackPoints" : [ ]
    }, {
      "activity" : "walking",
      "group" : "walking",
      "manual" : false,
      "startTime" : "20150208T205750-0500",
      "endTime" : "20150208T205820-0500",
      "duration" : 30.0,
      "distance" : 15.0,
      "steps" : 30,
      "trackPoints" : [ ]
    }, {
      "activity" : "walking",
      "group" : "walking",
      "manual" : false,
      "startTime" : "20150208T210947-0500",
      "endTime" : "20150208T211152-0500",
      "duration" : 125.0,
      "distance" : 94.0,
      "steps" : 116,
      "trackPoints" : [ ]
    } ],
    "lastUpdate" : "20150209T050102Z"
  }, {
    "type" : "move",
    "startTime" : "20150208T212952-0500",
    "endTime" : "20150208T213853-0500",
    "activities" : [ {
      "activity" : "walking",
      "group" : "walking",
      "manual" : false,
      "startTime" : "20150208T212952-0500",
      "endTime" : "20150208T213854-0500",
      "duration" : 542.0,
      "distance" : 552.0,
      "steps" : 794,
      "trackPoints" : [ {
        "lat" : 29.6584308887,
        "lon" : -82.3231472242,
        "time" : "20150208T212952-0500"
      }, {
        "lat" : 29.6585071882,
        "lon" : -82.3230529209,
        "time" : "20150208T213022-0500"
      }, {
        "lat" : 29.6585001038,
        "lon" : -82.3230603058,
        "time" : "20150208T213042-0500"
      }, {
        "lat" : 29.658491186,
        "lon" : -82.3230696883,
        "time" : "20150208T213103-0500"
      }, {
        "lat" : 29.658481582,
        "lon" : -82.3230801747,
        "time" : "20150208T213124-0500"
      }, {
        "lat" : 29.6584710407,
        "lon" : -82.323092146,
        "time" : "20150208T213144-0500"
      }, {
        "lat" : 29.6584587197,
        "lon" : -82.3231067622,
        "time" : "20150208T213205-0500"
      }, {
        "lat" : 29.6584475744,
        "lon" : -82.323121003,
        "time" : "20150208T213221-0500"
      }, {
        "lat" : 29.6584315361,
        "lon" : -82.3231427818,
        "time" : "20150208T213242-0500"
      }, {
        "lat" : 29.6584094311,
        "lon" : -82.3231764299,
        "time" : "20150208T213300-0500"
      }, {
        "lat" : 29.6581120214,
        "lon" : -82.3236913928,
        "time" : "20150208T213329-0500"
      }, {
        "lat" : 29.6579644752,
        "lon" : -82.3240294683,
        "time" : "20150208T213351-0500"
      }, {
        "lat" : 29.6578721952,
        "lon" : -82.3243525529,
        "time" : "20150208T213413-0500"
      }, {
        "lat" : 29.6578287074,
        "lon" : -82.3245404796,
        "time" : "20150208T213433-0500"
      }, {
        "lat" : 29.6578014629,
        "lon" : -82.3247023516,
        "time" : "20150208T213455-0500"
      }, {
        "lat" : 29.6578054625,
        "lon" : -82.3247732319,
        "time" : "20150208T213511-0500"
      }, {
        "lat" : 29.6578247309,
        "lon" : -82.3248478653,
        "time" : "20150208T213533-0500"
      }, {
        "lat" : 29.6578286804,
        "lon" : -82.3249892216,
        "time" : "20150208T213554-0500"
      }, {
        "lat" : 29.6577998132,
        "lon" : -82.3259264815,
        "time" : "20150208T213626-0500"
      }, {
        "lat" : 29.6577681105,
        "lon" : -82.3264748214,
        "time" : "20150208T213647-0500"
      }, {
        "lat" : 29.6577116065,
        "lon" : -82.3267087273,
        "time" : "20150208T213707-0500"
      }, {
        "lat" : 29.6575941839,
        "lon" : -82.3267771544,
        "time" : "20150208T213730-0500"
      }, {
        "lat" : 29.6569897261,
        "lon" : -82.3266988582,
        "time" : "20150208T213812-0500"
      }, {
        "lat" : 29.6567627813,
        "lon" : -82.3266788636,
        "time" : "20150208T213833-0500"
      }, {
        "lat" : 29.6564969542,
        "lon" : -82.3267639009,
        "time" : "20150208T213853-0500"
      } ]
    } ],
    "lastUpdate" : "20150209T050102Z"
  }, {
    "type" : "place",
    "startTime" : "20150208T213853-0500",
    "endTime" : "20150209T055704-0500",
    "place" : {
      "id" : 193512500,
      "name" : "Home",
      "type" : "home",
      "location" : {
        "lat" : 29.6564969542,
        "lon" : -82.3267639009
      }
    },
    "activities" : [ {
      "activity" : "walking",
      "group" : "walking",
      "manual" : false,
      "startTime" : "20150208T215431-0500",
      "endTime" : "20150208T215501-0500",
      "duration" : 30.0,
      "distance" : 20.0,
      "steps" : 41,
      "trackPoints" : [ ]
    }, {
      "activity" : "walking",
      "group" : "walking",
      "manual" : false,
      "startTime" : "20150208T231101-0500",
      "endTime" : "20150208T231231-0500",
      "duration" : 90.0,
      "distance" : 72.0,
      "steps" : 144,
      "trackPoints" : [ ]
    } ],
    "lastUpdate" : "20150209T123545Z"
  } ],
  "lastUpdate" : "20150209T123545Z"
} ]