[ {
  "date" : "20150216",
  "summary" : [ {
    "activity" : "walking",
    "group" : "walking",
    "duration" : 1486.0,
    "distance" : 1336.0,
    "steps" : 2034
  }, {
    "activity" : "cycling",
    "group" : "cycling",
    "duration" : 1637.0,
    "distance" : 8728.0
  }, {
    "activity" : "transport",
    "group" : "transport",
    "duration" : 558.0,
    "distance" : 955.0
  } ],
  "segments" : [ {
    "type" : "place",
    "startTime" : "20150215T204850-0500",
    "endTime" : "20150216T154233-0500",
    "place" : {
      "id" : 193512500,
      "name" : "Home",
      "type" : "home",
      "location" : {
        "lat" : 29.6564969542,
        "lon" : -82.3267639009
      }
    },
    "activities" : [ {
      "activity" : "walking",
      "group" : "walking",
      "manual" : false,
      "startTime" : "20150216T045858-0500",
      "endTime" : "20150216T045928-0500",
      "duration" : 30.0,
      "distance" : 20.0,
      "steps" : 41,
      "trackPoints" : [ ]
    }, {
      "activity" : "walking",
      "group" : "walking",
      "manual" : false,
      "startTime" : "20150216T051003-0500",
      "endTime" : "20150216T051033-0500",
      "duration" : 30.0,
      "distance" : 15.0,
      "steps" : 20,
      "trackPoints" : [ ]
    }, {
      "activity" : "walking",
      "group" : "walking",
      "manual" : false,
      "startTime" : "20150216T083331-0500",
      "endTime" : "20150216T083602-0500",
      "duration" : 151.0,
      "distance" : 113.0,
      "steps" : 92,
      "trackPoints" : [ ]
    }, {
      "activity" : "walking",
      "group" : "walking",
      "manual" : false,
      "startTime" : "20150216T095539-0500",
      "endTime" : "20150216T095609-0500",
      "duration" : 30.0,
      "distance" : 15.0,
      "steps" : 25,
      "trackPoints" : [ ]
    }, {
      "activity" : "walking",
      "group" : "walking",
      "manual" : false,
      "startTime" : "20150216T133107-0500",
      "endTime" : "20150216T133137-0500",
      "duration" : 30.0,
      "distance" : 15.0,
      "steps" : 27,
      "trackPoints" : [ ]
    }, {
      "activity" : "walking",
      "group" : "walking",
      "manual" : false,
      "startTime" : "20150216T143418-0500",
      "endTime" : "20150216T143518-0500",
      "duration" : 60.0,
      "distance" : 46.0,
      "steps" : 91,
      "trackPoints" : [ ]
    }, {
      "activity" : "walking",
      "group" : "walking",
      "manual" : false,
      "startTime" : "20150216T154003-0500",
      "endTime" : "20150216T154103-0500",
      "duration" : 60.0,
      "distance" : 50.0,
      "steps" : 101,
      "trackPoints" : [ ]
    } ],
    "lastUpdate" : "20150216T235341Z"
  }, {
    "type" : "move",
    "startTime" : "20150216T154234-0500",
    "endTime" : "20150216T155558-0500",
    "activities" : [ {
      "activity" : "cycling",
      "group" : "cycling",
      "manual" : false,
      "startTime" : "20150216T154234-0500",
      "endTime" : "20150216T155558-0500",
      "duration" : 804.0,
      "distance" : 4004.0,
      "trackPoints" : [ {
        "lat" : 29.6564969542,
        "lon" : -82.3267639009,
        "time" : "20150216T154234-0500"
      }, {
        "lat" : 29.6565001608,
        "lon" : -82.3267750186,
        "time" : "20150216T154251-0500"
      }, {
        "lat" : 29.6564837987,
        "lon" : -82.3267851942,
        "time" : "20150216T154312-0500"
      }, {
        "lat" : 29.6564445894,
        "lon" : -82.3268124392,
        "time" : "20150216T154336-0500"
      }, {
        "lat" : 29.655068988,
        "lon" : -82.3278813033,
        "time" : "20150216T154356-0500"
      }, {
        "lat" : 29.6545891911,
        "lon" : -82.3280510457,
        "time" : "20150216T154416-0500"
      }, {
        "lat" : 29.6528507417,
        "lon" : -82.3283305669,
        "time" : "20150216T154447-0500"
      }, {
        "lat" : 29.6521294992,
        "lon" : -82.3285132355,
        "time" : "20150216T154508-0500"
      }, {
        "lat" : 29.6502834691,
        "lon" : -82.3308818388,
        "time" : "20150216T154609-0500"
      }, {
        "lat" : 29.6502193729,
        "lon" : -82.3307915227,
        "time" : "20150216T154631-0500"
      }, {
        "lat" : 29.6502617527,
        "lon" : -82.3329856052,
        "time" : "20150216T154705-0500"
      }, {
        "lat" : 29.6502347356,
        "lon" : -82.3344625011,
        "time" : "20150216T154725-0500"
      }, {
        "lat" : 29.6502128626,
        "lon" : -82.3353104417,
        "time" : "20150216T154741-0500"
      }, {
        "lat" : 29.6501973088,
        "lon" : -82.3367515723,
        "time" : "20150216T154802-0500"
      }, {
        "lat" : 29.6502445769,
        "lon" : -82.3380289938,
        "time" : "20150216T154817-0500"
      }, {
        "lat" : 29.6496895014,
        "lon" : -82.3406924177,
        "time" : "20150216T154839-0500"
      }, {
        "lat" : 29.6496895014,
        "lon" : -82.3406924177,
        "time" : "20150216T154858-0500"
      }, {
        "lat" : 29.6496895014,
        "lon" : -82.3406924177,
        "time" : "20150216T154918-0500"
      }, {
        "lat" : 29.6495771377,
        "lon" : -82.341312905,
        "time" : "20150216T155017-0500"
      }, {
        "lat" : 29.6495895279,
        "lon" : -82.342315813,
        "time" : "20150216T155039-0500"
      }, {
        "lat" : 29.6494375038,
        "lon" : -82.3428016795,
        "time" : "20150216T155110-0500"
      }, {
        "lat" : 29.6486019487,
        "lon" : -82.3435580635,
        "time" : "20150216T155131-0500"
      }, {
        "lat" : 29.6480485508,
        "lon" : -82.3438482418,
        "time" : "20150216T155151-0500"
      }, {
        "lat" : 29.6460964657,
        "lon" : -82.3441622046,
        "time" : "20150216T155221-0500"
      }, {
        "lat" : 29.6451289403,
        "lon" : -82.3444642473,
        "time" : "20150216T155242-0500"
      }, {
        "lat" : 29.6447386791,
        "lon" : -82.3453943141,
        "time" : "20150216T155304-0500"
      }, {
        "lat" : 29.6439664091,
        "lon" : -82.346368333,
        "time" : "20150216T155339-0500"
      }, {
        "lat" : 29.6433114086,
        "lon" : -82.3469126155,
        "time" : "20150216T155405-0500"
      }, {
        "lat" : 29.6428474941,
        "lon" : -82.3468781615,
        "time" : "20150216T155424-0500"
      }, {
        "lat" : 29.6403964702,
        "lon" : -82.3468969959,
        "time" : "20150216T155456-0500"
      }, {
        "lat" : 29.6399916903,
        "lon" : -82.3470307032,
        "time" : "20150216T155516-0500"
      }, {
        "lat" : 29.6401239601,
        "lon" : -82.3500331577,
        "time" : "20150216T155558-0500"
      } ]
    } ],
    "lastUpdate" : "20150216T235341Z"
  }, {
    "type" : "place",
    "startTime" : "20150216T155558-0500",
    "endTime" : "20150216T184009-0500",
    "place" : {
      "id" : 191770626,
      "type" : "unknown",
      "location" : {
        "lat" : 29.6401239601,
        "lon" : -82.3500331577
      }
    },
    "activities" : [ {
      "activity" : "walking",
      "group" : "walking",
      "manual" : false,
      "startTime" : "20150216T155642-0500",
      "endTime" : "20150216T155726-0500",
      "duration" : 44.0,
      "distance" : 44.0,
      "steps" : 87,
      "trackPoints" : [ ]
    }, {
      "activity" : "walking",
      "group" : "walking",
      "manual" : false,
      "startTime" : "20150216T160000-0500",
      "endTime" : "20150216T160205-0500",
      "duration" : 125.0,
      "distance" : 159.0,
      "steps" : 211,
      "trackPoints" : [ ]
    }, {
      "activity" : "walking",
      "group" : "walking",
      "manual" : false,
      "startTime" : "20150216T174340-0500",
      "endTime" : "20150216T174536-0500",
      "duration" : 116.0,
      "distance" : 82.0,
      "steps" : 164,
      "trackPoints" : [ ]
    }, {
      "activity" : "walking",
      "group" : "walking",
      "manual" : false,
      "startTime" : "20150216T183111-0500",
      "endTime" : "20150216T183941-0500",
      "duration" : 510.0,
      "distance" : 567.0,
      "steps" : 756,
      "trackPoints" : [ ]
    } ],
    "lastUpdate" : "20150217T012729Z"
  }, {
    "type" : "move",
    "startTime" : "20150216T184009-0500",
    "endTime" : "20150216T185401-0500",
    "activities" : [ {
      "activity" : "cycling",
      "group" : "cycling",
      "manual" : false,
      "startTime" : "20150216T184009-0500",
      "endTime" : "20150216T185402-0500",
      "duration" : 833.0,
      "distance" : 4724.0,
      "trackPoints" : [ {
        "lat" : 29.6401239601,
        "lon" : -82.3500331577,
        "time" : "20150216T184009-0500"
      }, {
        "lat" : 29.6386444978,
        "lon" : -82.3485281409,
        "time" : "20150216T184031-0500"
      }, {
        "lat" : 29.6382856138,
        "lon" : -82.3480576779,
        "time" : "20150216T184051-0500"
      }, {
        "lat" : 29.6383327453,
        "lon" : -82.3468121994,
        "time" : "20150216T184130-0500"
      }, {
        "lat" : 29.6386929672,
        "lon" : -82.3453804115,
        "time" : "20150216T184152-0500"
      }, {
        "lat" : 29.6389595182,
        "lon" : -82.3444408236,
        "time" : "20150216T184212-0500"
      }, {
        "lat" : 29.6398124138,
        "lon" : -82.3416761805,
        "time" : "20150216T184239-0500"
      }, {
        "lat" : 29.6404538347,
        "lon" : -82.3406561855,
        "time" : "20150216T184257-0500"
      }, {
        "lat" : 29.6411963302,
        "lon" : -82.3391243021,
        "time" : "20150216T184343-0500"
      }, {
        "lat" : 29.641507446,
        "lon" : -82.3385649125,
        "time" : "20150216T184403-0500"
      }, {
        "lat" : 29.6421684693,
        "lon" : -82.3374485229,
        "time" : "20150216T184422-0500"
      }, {
        "lat" : 29.6424640915,
        "lon" : -82.3368218327,
        "time" : "20150216T184443-0500"
      }, {
        "lat" : 29.6430771766,
        "lon" : -82.3344935142,
        "time" : "20150216T184514-0500"
      }, {
        "lat" : 29.643229261,
        "lon" : -82.3338404063,
        "time" : "20150216T184534-0500"
      }, {
        "lat" : 29.6437672543,
        "lon" : -82.3316786607,
        "time" : "20150216T184603-0500"
      }, {
        "lat" : 29.6442683029,
        "lon" : -82.3310906222,
        "time" : "20150216T184618-0500"
      }, {
        "lat" : 29.6441003554,
        "lon" : -82.3313278156,
        "time" : "20150216T184643-0500"
      }, {
        "lat" : 29.6440407005,
        "lon" : -82.3314209509,
        "time" : "20150216T184700-0500"
      }, {
        "lat" : 29.6443363198,
        "lon" : -82.3313224844,
        "time" : "20150216T184724-0500"
      }, {
        "lat" : 29.6502265959,
        "lon" : -82.3278344196,
        "time" : "20150216T184926-0500"
      }, {
        "lat" : 29.6504952943,
        "lon" : -82.3252925376,
        "time" : "20150216T185006-0500"
      }, {
        "lat" : 29.6507660824,
        "lon" : -82.3250604458,
        "time" : "20150216T185030-0500"
      }, {
        "lat" : 29.6509990453,
        "lon" : -82.3249259257,
        "time" : "20150216T185050-0500"
      }, {
        "lat" : 29.6516631703,
        "lon" : -82.3243079215,
        "time" : "20150216T185114-0500"
      }, {
        "lat" : 29.6518919287,
        "lon" : -82.3241176669,
        "time" : "20150216T185135-0500"
      }, {
        "lat" : 29.6519898652,
        "lon" : -82.3240907813,
        "time" : "20150216T185155-0500"
      }, {
        "lat" : 29.6533772384,
        "lon" : -82.3238391766,
        "time" : "20150216T185215-0500"
      }, {
        "lat" : 29.6538584484,
        "lon" : -82.3235203012,
        "time" : "20150216T185235-0500"
      }, {
        "lat" : 29.6546300893,
        "lon" : -82.3216896267,
        "time" : "20150216T185311-0500"
      }, {
        "lat" : 29.6548342947,
        "lon" : -82.3206208545,
        "time" : "20150216T185328-0500"
      }, {
        "lat" : 29.6565615853,
        "lon" : -82.3187163055,
        "time" : "20150216T185401-0500"
      } ]
    } ],
    "lastUpdate" : "20150217T012729Z"
  }, {
    "type" : "place",
    "startTime" : "20150216T185401-0500",
    "endTime" : "20150216T210800-0500",
    "place" : {
      "id" : 192984494,
      "type" : "unknown",
      "location" : {
        "lat" : 29.6565615853,
        "lon" : -82.3187163055
      }
    },
    "activities" : [ {
      "activity" : "walking",
      "group" : "walking",
      "manual" : false,
      "startTime" : "20150216T185612-0500",
      "endTime" : "20150216T185712-0500",
      "duration" : 60.0,
      "distance" : 51.0,
      "steps" : 101,
      "trackPoints" : [ ]
    }, {
      "activity" : "walking",
      "group" : "walking",
      "manual" : false,
      "startTime" : "20150216T191512-0500",
      "endTime" : "20150216T191712-0500",
      "duration" : 120.0,
      "distance" : 66.0,
      "steps" : 132,
      "trackPoints" : [ ]
    }, {
      "activity" : "walking",
      "group" : "walking",
      "manual" : false,
      "startTime" : "20150216T200820-0500",
      "endTime" : "20150216T200920-0500",
      "duration" : 60.0,
      "distance" : 33.0,
      "steps" : 65,
      "trackPoints" : [ ]
    } ],
    "lastUpdate" : "20150217T042918Z"
  }, {
    "type" : "move",
    "startTime" : "20150216T210800-0500",
    "endTime" : "20150216T211718-0500",
    "activities" : [ {
      "activity" : "transport",
      "group" : "transport",
      "manual" : false,
      "startTime" : "20150216T210800-0500",
      "endTime" : "20150216T211718-0500",
      "duration" : 558.0,
      "distance" : 955.0,
      "trackPoints" : [ {
        "lat" : 29.6565615853,
        "lon" : -82.3187163055,
        "time" : "20150216T210800-0500"
      }, {
        "lat" : 29.6570456622,
        "lon" : -82.3190242783,
        "time" : "20150216T210821-0500"
      }, {
        "lat" : 29.657368566,
        "lon" : -82.3199445405,
        "time" : "20150216T210853-0500"
      }, {
        "lat" : 29.6572415941,
        "lon" : -82.3201895747,
        "time" : "20150216T210914-0500"
      }, {
        "lat" : 29.6569106738,
        "lon" : -82.3205331532,
        "time" : "20150216T210947-0500"
      }, {
        "lat" : 29.6568247282,
        "lon" : -82.320687161,
        "time" : "20150216T211008-0500"
      }, {
        "lat" : 29.6567181094,
        "lon" : -82.3223195892,
        "time" : "20150216T211102-0500"
      }, {
        "lat" : 29.6567117679,
        "lon" : -82.3225130091,
        "time" : "20150216T211124-0500"
      }, {
        "lat" : 29.6567179073,
        "lon" : -82.322687399,
        "time" : "20150216T211144-0500"
      }, {
        "lat" : 29.6567191547,
        "lon" : -82.3227357829,
        "time" : "20150216T211205-0500"
      }, {
        "lat" : 29.6567199711,
        "lon" : -82.3227722247,
        "time" : "20150216T211226-0500"
      }, {
        "lat" : 29.6567199902,
        "lon" : -82.3227731192,
        "time" : "20150216T211247-0500"
      }, {
        "lat" : 29.6567199902,
        "lon" : -82.3227731192,
        "time" : "20150216T211307-0500"
      }, {
        "lat" : 29.6567199902,
        "lon" : -82.3227731192,
        "time" : "20150216T211338-0500"
      }, {
        "lat" : 29.6567199902,
        "lon" : -82.3227731192,
        "time" : "20150216T211359-0500"
      }, {
        "lat" : 29.6567199206,
        "lon" : -82.3227725182,
        "time" : "20150216T211431-0500"
      }, {
        "lat" : 29.6567198754,
        "lon" : -82.3227737016,
        "time" : "20150216T211453-0500"
      }, {
        "lat" : 29.6567201397,
        "lon" : -82.3227792944,
        "time" : "20150216T211513-0500"
      }, {
        "lat" : 29.656721211,
        "lon" : -82.3227943656,
        "time" : "20150216T211530-0500"
      }, {
        "lat" : 29.6568706677,
        "lon" : -82.3242258884,
        "time" : "20150216T211552-0500"
      }, {
        "lat" : 29.6568514534,
        "lon" : -82.3249419519,
        "time" : "20150216T211612-0500"
      }, {
        "lat" : 29.6568116631,
        "lon" : -82.3251955506,
        "time" : "20150216T211629-0500"
      }, {
        "lat" : 29.6564969542,
        "lon" : -82.3267639009,
        "time" : "20150216T211718-0500"
      } ]
    } ],
    "lastUpdate" : "20150217T042918Z"
  }, {
    "type" : "place",
    "startTime" : "20150216T211718-0500",
    "endTime" : "20150217T091017-0500",
    "place" : {
      "id" : 193512500,
      "name" : "Home",
      "type" : "home",
      "location" : {
        "lat" : 29.6564969542,
        "lon" : -82.3267639009
      }
    },
    "activities" : [ {
      "activity" : "walking",
      "group" : "walking",
      "manual" : false,
      "startTime" : "20150216T211859-0500",
      "endTime" : "20150216T211959-0500",
      "duration" : 60.0,
      "distance" : 60.0,
      "steps" : 121,
      "trackPoints" : [ ]
    } ],
    "lastUpdate" : "20150217T163721Z"
  } ],
  "lastUpdate" : "20150217T163721Z"
} ]