[ {
  "date" : "20150126",
  "summary" : [ {
    "activity" : "walking",
    "group" : "walking",
    "duration" : 1262.0,
    "distance" : 1071.0,
    "steps" : 1450
  }, {
    "activity" : "cycling",
    "group" : "cycling",
    "duration" : 1488.0,
    "distance" : 8318.0
  } ],
  "segments" : [ {
    "type" : "place",
    "startTime" : "20150125T163750-0500",
    "endTime" : "20150126T161304-0500",
    "place" : {
      "id" : 191508619,
      "type" : "unknown",
      "location" : {
        "lat" : 29.6565354608,
        "lon" : -82.326775329
      }
    },
    "activities" : [ {
      "activity" : "walking",
      "group" : "walking",
      "manual" : false,
      "startTime" : "20150126T075331-0500",
      "endTime" : "20150126T075600-0500",
      "duration" : 149.0,
      "distance" : 112.0,
      "steps" : 111,
      "trackPoints" : [ ]
    }, {
      "activity" : "walking",
      "group" : "walking",
      "manual" : false,
      "startTime" : "20150126T085739-0500",
      "endTime" : "20150126T085819-0500",
      "duration" : 40.0,
      "distance" : 24.0,
      "steps" : 48,
      "trackPoints" : [ ]
    }, {
      "activity" : "walking",
      "group" : "walking",
      "manual" : false,
      "startTime" : "20150126T090214-0500",
      "endTime" : "20150126T090321-0500",
      "duration" : 67.0,
      "distance" : 48.0,
      "steps" : 97,
      "trackPoints" : [ ]
    }, {
      "activity" : "walking",
      "group" : "walking",
      "manual" : false,
      "startTime" : "20150126T103409-0500",
      "endTime" : "20150126T103640-0500",
      "duration" : 151.0,
      "distance" : 113.0,
      "steps" : 85,
      "trackPoints" : [ ]
    }, {
      "activity" : "walking",
      "group" : "walking",
      "manual" : false,
      "startTime" : "20150126T113256-0500",
      "endTime" : "20150126T113326-0500",
      "duration" : 30.0,
      "distance" : 15.0,
      "steps" : 30,
      "trackPoints" : [ ]
    }, {
      "activity" : "walking",
      "group" : "walking",
      "manual" : false,
      "startTime" : "20150126T141132-0500",
      "endTime" : "20150126T141459-0500",
      "duration" : 207.0,
      "distance" : 160.0,
      "steps" : 214,
      "trackPoints" : [ ]
    }, {
      "activity" : "walking",
      "group" : "walking",
      "manual" : false,
      "startTime" : "20150126T150403-0500",
      "endTime" : "20150126T150503-0500",
      "duration" : 60.0,
      "distance" : 33.0,
      "steps" : 65,
      "trackPoints" : [ ]
    } ],
    "lastUpdate" : "20150126T233816Z"
  }, {
    "type" : "move",
    "startTime" : "20150126T161304-0500",
    "endTime" : "20150126T162438-0500",
    "activities" : [ {
      "activity" : "cycling",
      "group" : "cycling",
      "manual" : false,
      "startTime" : "20150126T161304-0500",
      "endTime" : "20150126T162438-0500",
      "duration" : 694.0,
      "distance" : 4097.0,
      "trackPoints" : [ {
        "lat" : 29.6565354608,
        "lon" : -82.326775329,
        "time" : "20150126T161304-0500"
      }, {
        "lat" : 29.6522150395,
        "lon" : -82.3284204719,
        "time" : "20150126T161407-0500"
      }, {
        "lat" : 29.6520677365,
        "lon" : -82.3284726219,
        "time" : "20150126T161423-0500"
      }, {
        "lat" : 29.6520515463,
        "lon" : -82.3284815812,
        "time" : "20150126T161444-0500"
      }, {
        "lat" : 29.6514241131,
        "lon" : -82.3289505757,
        "time" : "20150126T161506-0500"
      }, {
        "lat" : 29.6504965244,
        "lon" : -82.3297607083,
        "time" : "20150126T161537-0500"
      }, {
        "lat" : 29.6503407557,
        "lon" : -82.330318246,
        "time" : "20150126T161557-0500"
      }, {
        "lat" : 29.6504125206,
        "lon" : -82.3320616662,
        "time" : "20150126T161617-0500"
      }, {
        "lat" : 29.6503964833,
        "lon" : -82.3327037816,
        "time" : "20150126T161635-0500"
      }, {
        "lat" : 29.6503716806,
        "lon" : -82.3333211648,
        "time" : "20150126T161656-0500"
      }, {
        "lat" : 29.6503083731,
        "lon" : -82.3367373798,
        "time" : "20150126T161736-0500"
      }, {
        "lat" : 29.6502689763,
        "lon" : -82.3380881355,
        "time" : "20150126T161757-0500"
      }, {
        "lat" : 29.6501777182,
        "lon" : -82.3390848942,
        "time" : "20150126T161838-0500"
      }, {
        "lat" : 29.6501763182,
        "lon" : -82.3390906484,
        "time" : "20150126T161902-0500"
      }, {
        "lat" : 29.6501763182,
        "lon" : -82.3390906484,
        "time" : "20150126T161923-0500"
      }, {
        "lat" : 29.6501763182,
        "lon" : -82.3390906484,
        "time" : "20150126T161943-0500"
      }, {
        "lat" : 29.6501763708,
        "lon" : -82.3390903962,
        "time" : "20150126T162003-0500"
      }, {
        "lat" : 29.6495932707,
        "lon" : -82.3426153124,
        "time" : "20150126T162046-0500"
      }, {
        "lat" : 29.6495921847,
        "lon" : -82.3426322248,
        "time" : "20150126T162108-0500"
      }, {
        "lat" : 29.6488044304,
        "lon" : -82.3448645239,
        "time" : "20150126T162148-0500"
      }, {
        "lat" : 29.6484654948,
        "lon" : -82.3479939919,
        "time" : "20150126T162228-0500"
      }, {
        "lat" : 29.6482832727,
        "lon" : -82.3486369651,
        "time" : "20150126T162248-0500"
      }, {
        "lat" : 29.6478075476,
        "lon" : -82.3496292456,
        "time" : "20150126T162309-0500"
      }, {
        "lat" : 29.6476314604,
        "lon" : -82.3497961495,
        "time" : "20150126T162326-0500"
      }, {
        "lat" : 29.6453354443,
        "lon" : -82.3505406272,
        "time" : "20150126T162345-0500"
      }, {
        "lat" : 29.6432416028,
        "lon" : -82.350720841,
        "time" : "20150126T162405-0500"
      }, {
        "lat" : 29.6401239601,
        "lon" : -82.3500331577,
        "time" : "20150126T162438-0500"
      } ]
    } ],
    "lastUpdate" : "20150126T233816Z"
  }, {
    "type" : "place",
    "startTime" : "20150126T162438-0500",
    "endTime" : "20150126T184219-0500",
    "place" : {
      "id" : 191770626,
      "type" : "unknown",
      "location" : {
        "lat" : 29.6401239601,
        "lon" : -82.3500331577
      }
    },
    "activities" : [ {
      "activity" : "walking",
      "group" : "walking",
      "manual" : false,
      "startTime" : "20150126T162539-0500",
      "endTime" : "20150126T162812-0500",
      "duration" : 153.0,
      "distance" : 155.0,
      "steps" : 207,
      "trackPoints" : [ ]
    }, {
      "activity" : "walking",
      "group" : "walking",
      "manual" : false,
      "startTime" : "20150126T183451-0500",
      "endTime" : "20150126T183945-0500",
      "duration" : 294.0,
      "distance" : 341.0,
      "steps" : 455,
      "trackPoints" : [ ]
    } ],
    "lastUpdate" : "20150127T010912Z"
  }, {
    "type" : "move",
    "startTime" : "20150126T184219-0500",
    "endTime" : "20150126T185533-0500",
    "activities" : [ {
      "activity" : "cycling",
      "group" : "cycling",
      "manual" : false,
      "startTime" : "20150126T184219-0500",
      "endTime" : "20150126T185533-0500",
      "duration" : 794.0,
      "distance" : 4221.0,
      "trackPoints" : [ {
        "lat" : 29.6401239601,
        "lon" : -82.3500331577,
        "time" : "20150126T184219-0500"
      }, {
        "lat" : 29.6398888494,
        "lon" : -82.349195961,
        "time" : "20150126T184239-0500"
      }, {
        "lat" : 29.6398867226,
        "lon" : -82.3491655893,
        "time" : "20150126T184309-0500"
      }, {
        "lat" : 29.6401343737,
        "lon" : -82.3471442277,
        "time" : "20150126T184331-0500"
      }, {
        "lat" : 29.6403005603,
        "lon" : -82.3467238636,
        "time" : "20150126T184351-0500"
      }, {
        "lat" : 29.642052277,
        "lon" : -82.3468071841,
        "time" : "20150126T184421-0500"
      }, {
        "lat" : 29.642923734,
        "lon" : -82.3469189036,
        "time" : "20150126T184440-0500"
      }, {
        "lat" : 29.643223202,
        "lon" : -82.3469843883,
        "time" : "20150126T184501-0500"
      }, {
        "lat" : 29.6444865305,
        "lon" : -82.3458412776,
        "time" : "20150126T184545-0500"
      }, {
        "lat" : 29.6448094046,
        "lon" : -82.3454419637,
        "time" : "20150126T184606-0500"
      }, {
        "lat" : 29.6447397285,
        "lon" : -82.3446304567,
        "time" : "20150126T184626-0500"
      }, {
        "lat" : 29.6446846116,
        "lon" : -82.3440881569,
        "time" : "20150126T184646-0500"
      }, {
        "lat" : 29.6448115948,
        "lon" : -82.3439559667,
        "time" : "20150126T184707-0500"
      }, {
        "lat" : 29.6459351331,
        "lon" : -82.3438292605,
        "time" : "20150126T184727-0500"
      }, {
        "lat" : 29.6469262356,
        "lon" : -82.3436827723,
        "time" : "20150126T184753-0500"
      }, {
        "lat" : 29.6476430214,
        "lon" : -82.3435389374,
        "time" : "20150126T184815-0500"
      }, {
        "lat" : 29.6490025196,
        "lon" : -82.3431764645,
        "time" : "20150126T184838-0500"
      }, {
        "lat" : 29.6494785232,
        "lon" : -82.3427060095,
        "time" : "20150126T184859-0500"
      }, {
        "lat" : 29.6497827291,
        "lon" : -82.3411492502,
        "time" : "20150126T184919-0500"
      }, {
        "lat" : 29.6498791371,
        "lon" : -82.3405764409,
        "time" : "20150126T184939-0500"
      }, {
        "lat" : 29.6499091256,
        "lon" : -82.3403558816,
        "time" : "20150126T184959-0500"
      }, {
        "lat" : 29.6502245964,
        "lon" : -82.3378961103,
        "time" : "20150126T185030-0500"
      }, {
        "lat" : 29.6502984169,
        "lon" : -82.3366879163,
        "time" : "20150126T185048-0500"
      }, {
        "lat" : 29.6502053026,
        "lon" : -82.3327559386,
        "time" : "20150126T185128-0500"
      }, {
        "lat" : 29.6501209307,
        "lon" : -82.3307925869,
        "time" : "20150126T185159-0500"
      }, {
        "lat" : 29.6501743134,
        "lon" : -82.3303081983,
        "time" : "20150126T185220-0500"
      }, {
        "lat" : 29.6503479929,
        "lon" : -82.3288267472,
        "time" : "20150126T185240-0500"
      }, {
        "lat" : 29.6507743227,
        "lon" : -82.3278972134,
        "time" : "20150126T185300-0500"
      }, {
        "lat" : 29.6517486864,
        "lon" : -82.3271938628,
        "time" : "20150126T185320-0500"
      }, {
        "lat" : 29.6523071053,
        "lon" : -82.3270186285,
        "time" : "20150126T185340-0500"
      }, {
        "lat" : 29.6551477488,
        "lon" : -82.3268149263,
        "time" : "20150126T185429-0500"
      }, {
        "lat" : 29.6565354608,
        "lon" : -82.326775329,
        "time" : "20150126T185533-0500"
      } ]
    } ],
    "lastUpdate" : "20150127T010912Z"
  }, {
    "type" : "place",
    "startTime" : "20150126T185534-0500",
    "endTime" : "20150127T062233-0500",
    "place" : {
      "id" : 191508619,
      "type" : "unknown",
      "location" : {
        "lat" : 29.6565354608,
        "lon" : -82.326775329
      }
    },
    "activities" : [ {
      "activity" : "walking",
      "group" : "walking",
      "manual" : false,
      "startTime" : "20150126T185737-0500",
      "endTime" : "20150126T185804-0500",
      "duration" : 27.0,
      "distance" : 17.0,
      "steps" : 34,
      "trackPoints" : [ ]
    }, {
      "activity" : "walking",
      "group" : "walking",
      "manual" : false,
      "startTime" : "20150126T204022-0500",
      "endTime" : "20150126T204050-0500",
      "duration" : 28.0,
      "distance" : 14.0,
      "steps" : 27,
      "trackPoints" : [ ]
    }, {
      "activity" : "walking",
      "group" : "walking",
      "manual" : false,
      "startTime" : "20150126T210904-0500",
      "endTime" : "20150126T210907-0500",
      "duration" : 3.0,
      "distance" : 2.0,
      "steps" : 4,
      "trackPoints" : [ ]
    }, {
      "activity" : "walking",
      "group" : "walking",
      "manual" : false,
      "startTime" : "20150126T221618-0500",
      "endTime" : "20150126T221641-0500",
      "duration" : 23.0,
      "distance" : 12.0,
      "steps" : 22,
      "trackPoints" : [ ]
    }, {
      "activity" : "walking",
      "group" : "walking",
      "manual" : false,
      "startTime" : "20150126T231502-0500",
      "endTime" : "20150126T231532-0500",
      "duration" : 30.0,
      "distance" : 25.0,
      "steps" : 51,
      "trackPoints" : [ ]
    } ],
    "lastUpdate" : "20150127T125931Z"
  } ],
  "lastUpdate" : "20150127T125931Z"
} ]