[ {
  "date" : "20150202",
  "summary" : [ {
    "activity" : "walking",
    "group" : "walking",
    "duration" : 6782.0,
    "distance" : 6363.0,
    "steps" : 8702
  }, {
    "activity" : "running",
    "group" : "running",
    "duration" : 275.0,
    "distance" : 412.0,
    "steps" : 275
  }, {
    "activity" : "cycling",
    "group" : "cycling",
    "duration" : 2031.0,
    "distance" : 9698.0
  } ],
  "segments" : [ {
    "type" : "place",
    "startTime" : "20150201T225342-0500",
    "endTime" : "20150202T052950-0500",
    "place" : {
      "id" : 191508619,
      "type" : "unknown",
      "location" : {
        "lat" : 29.6565354608,
        "lon" : -82.326775329
      }
    },
    "activities" : [ {
      "activity" : "walking",
      "group" : "walking",
      "manual" : false,
      "startTime" : "20150202T051253-0500",
      "endTime" : "20150202T051422-0500",
      "duration" : 89.0,
      "distance" : 45.0,
      "steps" : 90,
      "trackPoints" : [ ]
    } ],
    "lastUpdate" : "20150202T105307Z"
  }, {
    "type" : "move",
    "startTime" : "20150202T052950-0500",
    "endTime" : "20150202T053425-0500",
    "activities" : [ {
      "activity" : "running",
      "group" : "running",
      "manual" : false,
      "startTime" : "20150202T052950-0500",
      "endTime" : "20150202T053425-0500",
      "duration" : 275.0,
      "distance" : 412.0,
      "steps" : 275,
      "trackPoints" : [ {
        "lat" : 29.6565354608,
        "lon" : -82.326775329,
        "time" : "20150202T052950-0500"
      }, {
        "lat" : 29.6564532515,
        "lon" : -82.32672466,
        "time" : "20150202T053006-0500"
      }, {
        "lat" : 29.6554523428,
        "lon" : -82.3270331436,
        "time" : "20150202T053045-0500"
      }, {
        "lat" : 29.6553755216,
        "lon" : -82.3272984417,
        "time" : "20150202T053107-0500"
      }, {
        "lat" : 29.6554116542,
        "lon" : -82.3273931327,
        "time" : "20150202T053127-0500"
      }, {
        "lat" : 29.6556465121,
        "lon" : -82.3275126978,
        "time" : "20150202T053148-0500"
      }, {
        "lat" : 29.6565936604,
        "lon" : -82.3279187745,
        "time" : "20150202T053219-0500"
      }, {
        "lat" : 29.6577565556,
        "lon" : -82.3274272137,
        "time" : "20150202T053300-0500"
      }, {
        "lat" : 29.6577750927,
        "lon" : -82.3272320663,
        "time" : "20150202T053321-0500"
      }, {
        "lat" : 29.6577340564,
        "lon" : -82.3271846488,
        "time" : "20150202T053342-0500"
      }, {
        "lat" : 29.6565354608,
        "lon" : -82.326775329,
        "time" : "20150202T053425-0500"
      } ]
    } ],
    "lastUpdate" : "20150202T105307Z"
  }, {
    "type" : "place",
    "startTime" : "20150202T053425-0500",
    "endTime" : "20150202T133520-0500",
    "place" : {
      "id" : 191508619,
      "type" : "unknown",
      "location" : {
        "lat" : 29.6565354608,
        "lon" : -82.326775329
      }
    },
    "activities" : [ {
      "activity" : "walking",
      "group" : "walking",
      "manual" : false,
      "startTime" : "20150202T053446-0500",
      "endTime" : "20150202T053452-0500",
      "duration" : 6.0,
      "distance" : 4.0,
      "steps" : 7,
      "trackPoints" : [ ]
    }, {
      "activity" : "walking",
      "group" : "walking",
      "manual" : false,
      "startTime" : "20150202T071911-0500",
      "endTime" : "20150202T072142-0500",
      "duration" : 151.0,
      "distance" : 113.0,
      "steps" : 144,
      "trackPoints" : [ ]
    }, {
      "activity" : "walking",
      "group" : "walking",
      "manual" : false,
      "startTime" : "20150202T080146-0500",
      "endTime" : "20150202T080516-0500",
      "duration" : 210.0,
      "distance" : 178.0,
      "steps" : 238,
      "trackPoints" : [ ]
    }, {
      "activity" : "walking",
      "group" : "walking",
      "manual" : false,
      "startTime" : "20150202T094250-0500",
      "endTime" : "20150202T094614-0500",
      "duration" : 204.0,
      "distance" : 215.0,
      "steps" : 287,
      "trackPoints" : [ ]
    }, {
      "activity" : "walking",
      "group" : "walking",
      "manual" : false,
      "startTime" : "20150202T113143-0500",
      "endTime" : "20150202T120729-0500",
      "duration" : 2146.0,
      "distance" : 2493.0,
      "steps" : 3325,
      "trackPoints" : [ ]
    }, {
      "activity" : "walking",
      "group" : "walking",
      "manual" : false,
      "startTime" : "20150202T132945-0500",
      "endTime" : "20150202T134231-0500",
      "duration" : 766.0,
      "distance" : 575.0,
      "steps" : 458,
      "trackPoints" : [ ]
    } ],
    "lastUpdate" : "20150202T192213Z"
  }, {
    "type" : "move",
    "startTime" : "20150202T133520-0500",
    "endTime" : "20150202T134332-0500",
    "activities" : [ {
      "activity" : "walking",
      "group" : "walking",
      "manual" : false,
      "startTime" : "20150202T133520-0500",
      "endTime" : "20150202T134332-0500",
      "duration" : 492.0,
      "distance" : 445.0,
      "steps" : 644,
      "trackPoints" : [ {
        "lat" : 29.6565354608,
        "lon" : -82.326775329,
        "time" : "20150202T133520-0500"
      }, {
        "lat" : 29.656532355,
        "lon" : -82.3267567745,
        "time" : "20150202T133540-0500"
      }, {
        "lat" : 29.6565326479,
        "lon" : -82.3267563685,
        "time" : "20150202T133557-0500"
      }, {
        "lat" : 29.6565344906,
        "lon" : -82.3267494353,
        "time" : "20150202T133618-0500"
      }, {
        "lat" : 29.6565363992,
        "lon" : -82.3267419464,
        "time" : "20150202T133636-0500"
      }, {
        "lat" : 29.6565394032,
        "lon" : -82.3267296799,
        "time" : "20150202T133656-0500"
      }, {
        "lat" : 29.6565433388,
        "lon" : -82.326713494,
        "time" : "20150202T133716-0500"
      }, {
        "lat" : 29.6565489586,
        "lon" : -82.326691411,
        "time" : "20150202T133736-0500"
      }, {
        "lat" : 29.656551013,
        "lon" : -82.3266827112,
        "time" : "20150202T133757-0500"
      }, {
        "lat" : 29.6566535632,
        "lon" : -82.3262888303,
        "time" : "20150202T133824-0500"
      }, {
        "lat" : 29.6567430529,
        "lon" : -82.3259069668,
        "time" : "20150202T133843-0500"
      }, {
        "lat" : 29.6568577185,
        "lon" : -82.3254941893,
        "time" : "20150202T133905-0500"
      }, {
        "lat" : 29.6570070391,
        "lon" : -82.3252656443,
        "time" : "20150202T133926-0500"
      }, {
        "lat" : 29.6571735295,
        "lon" : -82.3251380045,
        "time" : "20150202T133948-0500"
      }, {
        "lat" : 29.6572648602,
        "lon" : -82.3250979256,
        "time" : "20150202T134008-0500"
      }, {
        "lat" : 29.6573271136,
        "lon" : -82.325067509,
        "time" : "20150202T134028-0500"
      }, {
        "lat" : 29.6574112782,
        "lon" : -82.3249838758,
        "time" : "20150202T134048-0500"
      }, {
        "lat" : 29.6578471094,
        "lon" : -82.3243248125,
        "time" : "20150202T134121-0500"
      }, {
        "lat" : 29.6579870415,
        "lon" : -82.3240705111,
        "time" : "20150202T134138-0500"
      }, {
        "lat" : 29.6582616123,
        "lon" : -82.3234526939,
        "time" : "20150202T134215-0500"
      }, {
        "lat" : 29.6583578468,
        "lon" : -82.3232423642,
        "time" : "20150202T134234-0500"
      }, {
        "lat" : 29.6583749017,
        "lon" : -82.3231829022,
        "time" : "20150202T134250-0500"
      }, {
        "lat" : 29.6583805306,
        "lon" : -82.323154565,
        "time" : "20150202T134311-0500"
      }, {
        "lat" : 29.6584308887,
        "lon" : -82.3231472242,
        "time" : "20150202T134332-0500"
      } ]
    } ],
    "lastUpdate" : "20150202T192213Z"
  }, {
    "type" : "place",
    "startTime" : "20150202T134332-0500",
    "endTime" : "20150202T141929-0500",
    "place" : {
      "id" : 191555477,
      "type" : "unknown",
      "location" : {
        "lat" : 29.6584308887,
        "lon" : -82.3231472242
      }
    },
    "activities" : [ {
      "activity" : "walking",
      "group" : "walking",
      "manual" : false,
      "startTime" : "20150202T134332-0500",
      "endTime" : "20150202T134536-0500",
      "duration" : 124.0,
      "distance" : 93.0,
      "steps" : 115,
      "trackPoints" : [ ]
    } ],
    "lastUpdate" : "20150202T211725Z"
  }, {
    "type" : "move",
    "startTime" : "20150202T141929-0500",
    "endTime" : "20150202T142837-0500",
    "activities" : [ {
      "activity" : "walking",
      "group" : "walking",
      "manual" : false,
      "startTime" : "20150202T141929-0500",
      "endTime" : "20150202T142837-0500",
      "duration" : 548.0,
      "distance" : 466.0,
      "steps" : 654,
      "trackPoints" : [ {
        "lat" : 29.6584308887,
        "lon" : -82.3231472242,
        "time" : "20150202T141929-0500"
      }, {
        "lat" : 29.6584622527,
        "lon" : -82.3230821096,
        "time" : "20150202T141950-0500"
      }, {
        "lat" : 29.6584510205,
        "lon" : -82.3230936201,
        "time" : "20150202T142010-0500"
      }, {
        "lat" : 29.6584391405,
        "lon" : -82.3231054349,
        "time" : "20150202T142031-0500"
      }, {
        "lat" : 29.6584249547,
        "lon" : -82.323120828,
        "time" : "20150202T142051-0500"
      }, {
        "lat" : 29.6584060369,
        "lon" : -82.3231418208,
        "time" : "20150202T142111-0500"
      }, {
        "lat" : 29.6581671131,
        "lon" : -82.323524509,
        "time" : "20150202T142143-0500"
      }, {
        "lat" : 29.6580381916,
        "lon" : -82.3238997967,
        "time" : "20150202T142209-0500"
      }, {
        "lat" : 29.6579683967,
        "lon" : -82.3241667883,
        "time" : "20150202T142231-0500"
      }, {
        "lat" : 29.6579029181,
        "lon" : -82.3243871245,
        "time" : "20150202T142250-0500"
      }, {
        "lat" : 29.6577123686,
        "lon" : -82.3247754871,
        "time" : "20150202T142320-0500"
      }, {
        "lat" : 29.6576459335,
        "lon" : -82.3248828613,
        "time" : "20150202T142340-0500"
      }, {
        "lat" : 29.6576172482,
        "lon" : -82.3249232425,
        "time" : "20150202T142400-0500"
      }, {
        "lat" : 29.6576042785,
        "lon" : -82.3249398827,
        "time" : "20150202T142421-0500"
      }, {
        "lat" : 29.6576054803,
        "lon" : -82.3249455247,
        "time" : "20150202T142441-0500"
      }, {
        "lat" : 29.6576068782,
        "lon" : -82.3249485414,
        "time" : "20150202T142501-0500"
      }, {
        "lat" : 29.6576029567,
        "lon" : -82.324953718,
        "time" : "20150202T142521-0500"
      }, {
        "lat" : 29.6575803159,
        "lon" : -82.32497341,
        "time" : "20150202T142551-0500"
      }, {
        "lat" : 29.6571466669,
        "lon" : -82.3252539648,
        "time" : "20150202T142620-0500"
      }, {
        "lat" : 29.6569237569,
        "lon" : -82.3254328331,
        "time" : "20150202T142640-0500"
      }, {
        "lat" : 29.6568396706,
        "lon" : -82.3255430397,
        "time" : "20150202T142700-0500"
      }, {
        "lat" : 29.6567978832,
        "lon" : -82.3256520669,
        "time" : "20150202T142721-0500"
      }, {
        "lat" : 29.6567503292,
        "lon" : -82.325812545,
        "time" : "20150202T142738-0500"
      }, {
        "lat" : 29.6565584898,
        "lon" : -82.3264862011,
        "time" : "20150202T142816-0500"
      }, {
        "lat" : 29.6565354608,
        "lon" : -82.326775329,
        "time" : "20150202T142837-0500"
      } ]
    } ],
    "lastUpdate" : "20150202T211725Z"
  }, {
    "type" : "place",
    "startTime" : "20150202T142837-0500",
    "endTime" : "20150202T161731-0500",
    "place" : {
      "id" : 191508619,
      "type" : "unknown",
      "location" : {
        "lat" : 29.6565354608,
        "lon" : -82.326775329
      }
    },
    "activities" : [ {
      "activity" : "walking",
      "group" : "walking",
      "manual" : false,
      "startTime" : "20150202T142837-0500",
      "endTime" : "20150202T143009-0500",
      "duration" : 92.0,
      "distance" : 72.0,
      "steps" : 143,
      "trackPoints" : [ ]
    }, {
      "activity" : "walking",
      "group" : "walking",
      "manual" : false,
      "startTime" : "20150202T161422-0500",
      "endTime" : "20150202T161522-0500",
      "duration" : 60.0,
      "distance" : 51.0,
      "steps" : 101,
      "trackPoints" : [ ]
    } ],
    "lastUpdate" : "20150202T233407Z"
  }, {
    "type" : "move",
    "startTime" : "20150202T161731-0500",
    "endTime" : "20150202T162731-0500",
    "activities" : [ {
      "activity" : "cycling",
      "group" : "cycling",
      "manual" : false,
      "startTime" : "20150202T161731-0500",
      "endTime" : "20150202T162732-0500",
      "duration" : 601.0,
      "distance" : 3718.0,
      "trackPoints" : [ {
        "lat" : 29.6565354608,
        "lon" : -82.326775329,
        "time" : "20150202T161731-0500"
      }, {
        "lat" : 29.654026965,
        "lon" : -82.3279096148,
        "time" : "20150202T161803-0500"
      }, {
        "lat" : 29.6538253872,
        "lon" : -82.3279591544,
        "time" : "20150202T161824-0500"
      }, {
        "lat" : 29.6522671068,
        "lon" : -82.328462113,
        "time" : "20150202T161854-0500"
      }, {
        "lat" : 29.6504628754,
        "lon" : -82.3297808735,
        "time" : "20150202T161925-0500"
      }, {
        "lat" : 29.6502952404,
        "lon" : -82.3301396584,
        "time" : "20150202T161945-0500"
      }, {
        "lat" : 29.6501458933,
        "lon" : -82.3321569539,
        "time" : "20150202T162005-0500"
      }, {
        "lat" : 29.6499762488,
        "lon" : -82.3329551188,
        "time" : "20150202T162025-0500"
      }, {
        "lat" : 29.6501112731,
        "lon" : -82.3354623627,
        "time" : "20150202T162048-0500"
      }, {
        "lat" : 29.650155055,
        "lon" : -82.3372403256,
        "time" : "20150202T162114-0500"
      }, {
        "lat" : 29.6501596272,
        "lon" : -82.3376040744,
        "time" : "20150202T162134-0500"
      }, {
        "lat" : 29.6501779399,
        "lon" : -82.3389678673,
        "time" : "20150202T162214-0500"
      }, {
        "lat" : 29.6502677131,
        "lon" : -82.3392576312,
        "time" : "20150202T162234-0500"
      }, {
        "lat" : 29.6498982949,
        "lon" : -82.3401817818,
        "time" : "20150202T162303-0500"
      }, {
        "lat" : 29.6497252921,
        "lon" : -82.3404442085,
        "time" : "20150202T162322-0500"
      }, {
        "lat" : 29.6465898112,
        "lon" : -82.3438694744,
        "time" : "20150202T162430-0500"
      }, {
        "lat" : 29.6456218539,
        "lon" : -82.3446549417,
        "time" : "20150202T162450-0500"
      }, {
        "lat" : 29.6446341863,
        "lon" : -82.3460667779,
        "time" : "20150202T162527-0500"
      }, {
        "lat" : 29.6435986148,
        "lon" : -82.3479067688,
        "time" : "20150202T162557-0500"
      }, {
        "lat" : 29.6401239601,
        "lon" : -82.3500331577,
        "time" : "20150202T162731-0500"
      } ]
    } ],
    "lastUpdate" : "20150202T233407Z"
  }, {
    "type" : "place",
    "startTime" : "20150202T162731-0500",
    "endTime" : "20150202T184247-0500",
    "place" : {
      "id" : 191770626,
      "type" : "unknown",
      "location" : {
        "lat" : 29.6401239601,
        "lon" : -82.3500331577
      }
    },
    "activities" : [ {
      "activity" : "walking",
      "group" : "walking",
      "manual" : false,
      "startTime" : "20150202T162757-0500",
      "endTime" : "20150202T163029-0500",
      "duration" : 152.0,
      "distance" : 146.0,
      "steps" : 194,
      "trackPoints" : [ ]
    }, {
      "activity" : "walking",
      "group" : "walking",
      "manual" : false,
      "startTime" : "20150202T183533-0500",
      "endTime" : "20150202T183648-0500",
      "duration" : 75.0,
      "distance" : 67.0,
      "steps" : 133,
      "trackPoints" : [ ]
    } ],
    "lastUpdate" : "20150203T023547Z"
  }, {
    "type" : "move",
    "startTime" : "20150202T184247-0500",
    "endTime" : "20150202T190326-0500",
    "activities" : [ {
      "activity" : "cycling",
      "group" : "cycling",
      "manual" : false,
      "startTime" : "20150202T184247-0500",
      "endTime" : "20150202T190327-0500",
      "duration" : 1240.0,
      "distance" : 5020.0,
      "trackPoints" : [ {
        "lat" : 29.6401239601,
        "lon" : -82.3500331577,
        "time" : "20150202T184247-0500"
      }, {
        "lat" : 29.6399389641,
        "lon" : -82.3493261996,
        "time" : "20150202T184307-0500"
      }, {
        "lat" : 29.6399279837,
        "lon" : -82.3493016179,
        "time" : "20150202T184328-0500"
      }, {
        "lat" : 29.639506267,
        "lon" : -82.3476597682,
        "time" : "20150202T184405-0500"
      }, {
        "lat" : 29.6396136326,
        "lon" : -82.3469665926,
        "time" : "20150202T184423-0500"
      }, {
        "lat" : 29.6411267285,
        "lon" : -82.3449856956,
        "time" : "20150202T184510-0500"
      }, {
        "lat" : 29.6420443644,
        "lon" : -82.3439061502,
        "time" : "20150202T184548-0500"
      }, {
        "lat" : 29.6422932173,
        "lon" : -82.3436888346,
        "time" : "20150202T184608-0500"
      }, {
        "lat" : 29.6423667535,
        "lon" : -82.3436688565,
        "time" : "20150202T184629-0500"
      }, {
        "lat" : 29.643300452,
        "lon" : -82.343588368,
        "time" : "20150202T184648-0500"
      }, {
        "lat" : 29.6439382383,
        "lon" : -82.3435796173,
        "time" : "20150202T184708-0500"
      }, {
        "lat" : 29.644699387,
        "lon" : -82.3437096487,
        "time" : "20150202T184728-0500"
      }, {
        "lat" : 29.6453942818,
        "lon" : -82.3447004189,
        "time" : "20150202T184759-0500"
      }, {
        "lat" : 29.646223102,
        "lon" : -82.3442259675,
        "time" : "20150202T184819-0500"
      }, {
        "lat" : 29.6469054822,
        "lon" : -82.3438822993,
        "time" : "20150202T184839-0500"
      }, {
        "lat" : 29.6484548612,
        "lon" : -82.3433938395,
        "time" : "20150202T184909-0500"
      }, {
        "lat" : 29.6492851834,
        "lon" : -82.3431555797,
        "time" : "20150202T184930-0500"
      }, {
        "lat" : 29.6496084965,
        "lon" : -82.3410024598,
        "time" : "20150202T185020-0500"
      }, {
        "lat" : 29.649674067,
        "lon" : -82.3406263611,
        "time" : "20150202T185040-0500"
      }, {
        "lat" : 29.649905791,
        "lon" : -82.3398531619,
        "time" : "20150202T185111-0500"
      }, {
        "lat" : 29.6499819384,
        "lon" : -82.339280075,
        "time" : "20150202T185137-0500"
      }, {
        "lat" : 29.6500227678,
        "lon" : -82.3389101775,
        "time" : "20150202T185159-0500"
      }, {
        "lat" : 29.6500241657,
        "lon" : -82.3389024429,
        "time" : "20150202T185219-0500"
      }, {
        "lat" : 29.6500285351,
        "lon" : -82.3388806941,
        "time" : "20150202T185239-0500"
      }, {
        "lat" : 29.6500325994,
        "lon" : -82.3388592625,
        "time" : "20150202T185301-0500"
      }, {
        "lat" : 29.6501476049,
        "lon" : -82.3352807996,
        "time" : "20150202T185343-0500"
      }, {
        "lat" : 29.650127783,
        "lon" : -82.33504915,
        "time" : "20150202T185404-0500"
      }, {
        "lat" : 29.6501433016,
        "lon" : -82.3313244591,
        "time" : "20150202T185444-0500"
      }, {
        "lat" : 29.6501662359,
        "lon" : -82.330593502,
        "time" : "20150202T185504-0500"
      }, {
        "lat" : 29.6501962991,
        "lon" : -82.3298782236,
        "time" : "20150202T185524-0500"
      }, {
        "lat" : 29.6502742106,
        "lon" : -82.328389279,
        "time" : "20150202T185540-0500"
      }, {
        "lat" : 29.6504795403,
        "lon" : -82.3279324435,
        "time" : "20150202T185602-0500"
      }, {
        "lat" : 29.6512933624,
        "lon" : -82.3270415967,
        "time" : "20150202T185622-0500"
      }, {
        "lat" : 29.652810798,
        "lon" : -82.3267537325,
        "time" : "20150202T185652-0500"
      }, {
        "lat" : 29.6541131067,
        "lon" : -82.3266895843,
        "time" : "20150202T185722-0500"
      }, {
        "lat" : 29.655338044,
        "lon" : -82.3266675242,
        "time" : "20150202T185749-0500"
      }, {
        "lat" : 29.6564760135,
        "lon" : -82.326706419,
        "time" : "20150202T185852-0500"
      }, {
        "lat" : 29.6565287851,
        "lon" : -82.3267191542,
        "time" : "20150202T185912-0500"
      }, {
        "lat" : 29.6565306438,
        "lon" : -82.3267202586,
        "time" : "20150202T185932-0500"
      }, {
        "lat" : 29.6565337957,
        "lon" : -82.3267208123,
        "time" : "20150202T185953-0500"
      }, {
        "lat" : 29.6565361823,
        "lon" : -82.3267207005,
        "time" : "20150202T185959-0500"
      }, {
        "lat" : 29.6565361859,
        "lon" : -82.3267207003,
        "time" : "20150202T190000-0500"
      }, {
        "lat" : 29.6565412516,
        "lon" : -82.326720463,
        "time" : "20150202T190013-0500"
      }, {
        "lat" : 29.6565527921,
        "lon" : -82.3267195546,
        "time" : "20150202T190034-0500"
      }, {
        "lat" : 29.6565693055,
        "lon" : -82.3267178436,
        "time" : "20150202T190054-0500"
      }, {
        "lat" : 29.6565897778,
        "lon" : -82.3267155996,
        "time" : "20150202T190111-0500"
      }, {
        "lat" : 29.6566229272,
        "lon" : -82.3267128732,
        "time" : "20150202T190133-0500"
      }, {
        "lat" : 29.6566643712,
        "lon" : -82.3267112549,
        "time" : "20150202T190150-0500"
      }, {
        "lat" : 29.6586121924,
        "lon" : -82.3263856204,
        "time" : "20150202T190214-0500"
      }, {
        "lat" : 29.6607154888,
        "lon" : -82.3264885237,
        "time" : "20150202T190307-0500"
      }, {
        "lat" : 29.6617973866,
        "lon" : -82.3256910298,
        "time" : "20150202T190326-0500"
      } ]
    } ],
    "lastUpdate" : "20150203T023547Z"
  }, {
    "type" : "place",
    "startTime" : "20150202T190326-0500",
    "endTime" : "20150202T191133-0500",
    "place" : {
      "id" : 193231978,
      "type" : "unknown",
      "location" : {
        "lat" : 29.6617973866,
        "lon" : -82.3256910298
      }
    },
    "lastUpdate" : "20150203T023547Z"
  }, {
    "type" : "move",
    "startTime" : "20150202T191133-0500",
    "endTime" : "20150202T191503-0500",
    "activities" : [ {
      "activity" : "walking",
      "group" : "walking",
      "manual" : false,
      "startTime" : "20150202T191133-0500",
      "endTime" : "20150202T191503-0500",
      "duration" : 210.0,
      "distance" : 228.0,
      "steps" : 182,
      "trackPoints" : [ {
        "lat" : 29.6617973866,
        "lon" : -82.3256910298,
        "time" : "20150202T191133-0500"
      }, {
        "lat" : 29.6628782268,
        "lon" : -82.3251801426,
        "time" : "20150202T191225-0500"
      }, {
        "lat" : 29.6630116812,
        "lon" : -82.3250889111,
        "time" : "20150202T191241-0500"
      }, {
        "lat" : 29.6631998619,
        "lon" : -82.3249611677,
        "time" : "20150202T191300-0500"
      }, {
        "lat" : 29.6633139831,
        "lon" : -82.3248648811,
        "time" : "20150202T191321-0500"
      }, {
        "lat" : 29.6633535197,
        "lon" : -82.3248189084,
        "time" : "20150202T191341-0500"
      }, {
        "lat" : 29.6633702255,
        "lon" : -82.324805042,
        "time" : "20150202T191401-0500"
      }, {
        "lat" : 29.663381119,
        "lon" : -82.324805523,
        "time" : "20150202T191423-0500"
      }, {
        "lat" : 29.6633909529,
        "lon" : -82.3248125499,
        "time" : "20150202T191442-0500"
      }, {
        "lat" : 29.6633997003,
        "lon" : -82.3248541788,
        "time" : "20150202T191503-0500"
      } ]
    } ],
    "lastUpdate" : "20150203T023547Z"
  }, {
    "type" : "place",
    "startTime" : "20150202T191503-0500",
    "endTime" : "20150202T192754-0500",
    "place" : {
      "id" : 193231979,
      "type" : "unknown",
      "location" : {
        "lat" : 29.6633997003,
        "lon" : -82.3248541788
      }
    },
    "activities" : [ {
      "activity" : "walking",
      "group" : "walking",
      "manual" : false,
      "startTime" : "20150202T191623-0500",
      "endTime" : "20150202T191823-0500",
      "duration" : 120.0,
      "distance" : 145.0,
      "steps" : 194,
      "trackPoints" : [ ]
    } ],
    "lastUpdate" : "20150203T023547Z"
  }, {
    "type" : "move",
    "startTime" : "20150202T192754-0500",
    "endTime" : "20150202T193104-0500",
    "activities" : [ {
      "activity" : "cycling",
      "group" : "cycling",
      "manual" : false,
      "startTime" : "20150202T192754-0500",
      "endTime" : "20150202T193104-0500",
      "duration" : 190.0,
      "distance" : 960.0,
      "trackPoints" : [ {
        "lat" : 29.6633997003,
        "lon" : -82.3248541788,
        "time" : "20150202T192754-0500"
      }, {
        "lat" : 29.6634299912,
        "lon" : -82.3253492326,
        "time" : "20150202T192812-0500"
      }, {
        "lat" : 29.6619646033,
        "lon" : -82.3258762856,
        "time" : "20150202T192842-0500"
      }, {
        "lat" : 29.6616434959,
        "lon" : -82.3260640555,
        "time" : "20150202T192902-0500"
      }, {
        "lat" : 29.6609701499,
        "lon" : -82.3266410995,
        "time" : "20150202T192922-0500"
      }, {
        "lat" : 29.6595775081,
        "lon" : -82.3272985404,
        "time" : "20150202T192952-0500"
      }, {
        "lat" : 29.6588491194,
        "lon" : -82.3273360376,
        "time" : "20150202T193012-0500"
      }, {
        "lat" : 29.6578793386,
        "lon" : -82.3271079148,
        "time" : "20150202T193032-0500"
      }, {
        "lat" : 29.6565354608,
        "lon" : -82.326775329,
        "time" : "20150202T193104-0500"
      } ]
    } ],
    "lastUpdate" : "20150203T023547Z"
  }, {
    "type" : "place",
    "startTime" : "20150202T193104-0500",
    "endTime" : "20150202T201819-0500",
    "place" : {
      "id" : 191508619,
      "type" : "unknown",
      "location" : {
        "lat" : 29.6565354608,
        "lon" : -82.326775329
      }
    },
    "activities" : [ {
      "activity" : "walking",
      "group" : "walking",
      "manual" : false,
      "startTime" : "20150202T194241-0500",
      "endTime" : "20150202T194311-0500",
      "duration" : 30.0,
      "distance" : 15.0,
      "steps" : 30,
      "trackPoints" : [ ]
    } ],
    "lastUpdate" : "20150203T033810Z"
  }, {
    "type" : "move",
    "startTime" : "20150202T201819-0500",
    "endTime" : "20150202T203037-0500",
    "activities" : [ {
      "activity" : "walking",
      "group" : "walking",
      "manual" : false,
      "startTime" : "20150202T201819-0500",
      "endTime" : "20150202T203037-0500",
      "duration" : 738.0,
      "distance" : 454.0,
      "steps" : 908,
      "trackPoints" : [ {
        "lat" : 29.6565354608,
        "lon" : -82.326775329,
        "time" : "20150202T201819-0500"
      }, {
        "lat" : 29.6565075166,
        "lon" : -82.3266981544,
        "time" : "20150202T201846-0500"
      }, {
        "lat" : 29.6565090127,
        "lon" : -82.3266996882,
        "time" : "20150202T201907-0500"
      }, {
        "lat" : 29.6565104638,
        "lon" : -82.3267007474,
        "time" : "20150202T201927-0500"
      }, {
        "lat" : 29.6565118589,
        "lon" : -82.3267008342,
        "time" : "20150202T201948-0500"
      }, {
        "lat" : 29.6565131991,
        "lon" : -82.3266994767,
        "time" : "20150202T202008-0500"
      }, {
        "lat" : 29.6565145866,
        "lon" : -82.3266961147,
        "time" : "20150202T202030-0500"
      }, {
        "lat" : 29.6565159634,
        "lon" : -82.3266903772,
        "time" : "20150202T202051-0500"
      }, {
        "lat" : 29.6565173767,
        "lon" : -82.3266822498,
        "time" : "20150202T202111-0500"
      }, {
        "lat" : 29.656519081,
        "lon" : -82.326669227,
        "time" : "20150202T202132-0500"
      }, {
        "lat" : 29.6565210791,
        "lon" : -82.3266508559,
        "time" : "20150202T202156-0500"
      }, {
        "lat" : 29.6565224033,
        "lon" : -82.3266359371,
        "time" : "20150202T202216-0500"
      }, {
        "lat" : 29.6565228839,
        "lon" : -82.326620229,
        "time" : "20150202T202238-0500"
      }, {
        "lat" : 29.6565222431,
        "lon" : -82.3266057318,
        "time" : "20150202T202258-0500"
      }, {
        "lat" : 29.6565237829,
        "lon" : -82.3265895199,
        "time" : "20150202T202318-0500"
      }, {
        "lat" : 29.6565263473,
        "lon" : -82.3265718586,
        "time" : "20150202T202338-0500"
      }, {
        "lat" : 29.6565547297,
        "lon" : -82.3265010227,
        "time" : "20150202T202400-0500"
      }, {
        "lat" : 29.6567259465,
        "lon" : -82.3260249236,
        "time" : "20150202T202427-0500"
      }, {
        "lat" : 29.6567970344,
        "lon" : -82.3257927344,
        "time" : "20150202T202447-0500"
      }, {
        "lat" : 29.6568299651,
        "lon" : -82.3256871856,
        "time" : "20150202T202508-0500"
      }, {
        "lat" : 29.6568249335,
        "lon" : -82.3256179754,
        "time" : "20150202T202529-0500"
      }, {
        "lat" : 29.6568225442,
        "lon" : -82.3255841551,
        "time" : "20150202T202550-0500"
      }, {
        "lat" : 29.6568291918,
        "lon" : -82.3255592097,
        "time" : "20150202T202610-0500"
      }, {
        "lat" : 29.6568475126,
        "lon" : -82.3255183904,
        "time" : "20150202T202632-0500"
      }, {
        "lat" : 29.6569205862,
        "lon" : -82.3254521892,
        "time" : "20150202T202652-0500"
      }, {
        "lat" : 29.6569864492,
        "lon" : -82.3254041327,
        "time" : "20150202T202712-0500"
      }, {
        "lat" : 29.6570740685,
        "lon" : -82.3253417815,
        "time" : "20150202T202736-0500"
      }, {
        "lat" : 29.6571318859,
        "lon" : -82.3252958366,
        "time" : "20150202T202756-0500"
      }, {
        "lat" : 29.6572472291,
        "lon" : -82.3251273747,
        "time" : "20150202T202817-0500"
      }, {
        "lat" : 29.6576371927,
        "lon" : -82.3245119188,
        "time" : "20150202T202838-0500"
      }, {
        "lat" : 29.6578019228,
        "lon" : -82.3242066787,
        "time" : "20150202T202859-0500"
      }, {
        "lat" : 29.6578740399,
        "lon" : -82.3240298291,
        "time" : "20150202T202921-0500"
      }, {
        "lat" : 29.6579674087,
        "lon" : -82.3238336544,
        "time" : "20150202T202941-0500"
      }, {
        "lat" : 29.6582039575,
        "lon" : -82.323474996,
        "time" : "20150202T203001-0500"
      }, {
        "lat" : 29.6584308887,
        "lon" : -82.3231472242,
        "time" : "20150202T203037-0500"
      } ]
    } ],
    "lastUpdate" : "20150203T033810Z"
  }, {
    "type" : "place",
    "startTime" : "20150202T203037-0500",
    "endTime" : "20150202T223501-0500",
    "place" : {
      "id" : 191555477,
      "type" : "unknown",
      "location" : {
        "lat" : 29.6584308887,
        "lon" : -82.3231472242
      }
    },
    "activities" : [ {
      "activity" : "walking",
      "group" : "walking",
      "manual" : false,
      "startTime" : "20150202T213603-0500",
      "endTime" : "20150202T213633-0500",
      "duration" : 30.0,
      "distance" : 20.0,
      "steps" : 40,
      "trackPoints" : [ ]
    } ],
    "lastUpdate" : "20150203T100138Z"
  }, {
    "type" : "move",
    "startTime" : "20150202T223501-0500",
    "endTime" : "20150202T224359-0500",
    "activities" : [ {
      "activity" : "walking",
      "group" : "walking",
      "manual" : false,
      "startTime" : "20150202T223501-0500",
      "endTime" : "20150202T224400-0500",
      "duration" : 539.0,
      "distance" : 538.0,
      "steps" : 815,
      "trackPoints" : [ {
        "lat" : 29.6584308887,
        "lon" : -82.3231472242,
        "time" : "20150202T223501-0500"
      }, {
        "lat" : 29.6584364228,
        "lon" : -82.3230995444,
        "time" : "20150202T223521-0500"
      }, {
        "lat" : 29.6584179422,
        "lon" : -82.3231162817,
        "time" : "20150202T223542-0500"
      }, {
        "lat" : 29.6584138435,
        "lon" : -82.3231249979,
        "time" : "20150202T223557-0500"
      }, {
        "lat" : 29.658431704,
        "lon" : -82.3231198303,
        "time" : "20150202T223621-0500"
      }, {
        "lat" : 29.6584480071,
        "lon" : -82.3231127834,
        "time" : "20150202T223642-0500"
      }, {
        "lat" : 29.6584388283,
        "lon" : -82.3231271979,
        "time" : "20150202T223704-0500"
      }, {
        "lat" : 29.658293933,
        "lon" : -82.3233542513,
        "time" : "20150202T223729-0500"
      }, {
        "lat" : 29.658144696,
        "lon" : -82.3236512342,
        "time" : "20150202T223754-0500"
      }, {
        "lat" : 29.6580460882,
        "lon" : -82.3239056774,
        "time" : "20150202T223816-0500"
      }, {
        "lat" : 29.6579887034,
        "lon" : -82.3241088307,
        "time" : "20150202T223837-0500"
      }, {
        "lat" : 29.6579873133,
        "lon" : -82.3243115402,
        "time" : "20150202T223857-0500"
      }, {
        "lat" : 29.6579672685,
        "lon" : -82.324512183,
        "time" : "20150202T223921-0500"
      }, {
        "lat" : 29.6579347575,
        "lon" : -82.3246030466,
        "time" : "20150202T223942-0500"
      }, {
        "lat" : 29.6578912714,
        "lon" : -82.3246817327,
        "time" : "20150202T224002-0500"
      }, {
        "lat" : 29.657853012,
        "lon" : -82.3247480292,
        "time" : "20150202T224022-0500"
      }, {
        "lat" : 29.6578384488,
        "lon" : -82.324817597,
        "time" : "20150202T224043-0500"
      }, {
        "lat" : 29.6578361846,
        "lon" : -82.32506837,
        "time" : "20150202T224105-0500"
      }, {
        "lat" : 29.6578369512,
        "lon" : -82.3263111422,
        "time" : "20150202T224136-0500"
      }, {
        "lat" : 29.6577954921,
        "lon" : -82.3266762508,
        "time" : "20150202T224157-0500"
      }, {
        "lat" : 29.6577171118,
        "lon" : -82.326794869,
        "time" : "20150202T224221-0500"
      }, {
        "lat" : 29.6576393551,
        "lon" : -82.326792552,
        "time" : "20150202T224242-0500"
      }, {
        "lat" : 29.6575533359,
        "lon" : -82.3267788457,
        "time" : "20150202T224304-0500"
      }, {
        "lat" : 29.657170511,
        "lon" : -82.3267520545,
        "time" : "20150202T224334-0500"
      }, {
        "lat" : 29.6565354608,
        "lon" : -82.326775329,
        "time" : "20150202T224359-0500"
      } ]
    } ],
    "lastUpdate" : "20150203T100138Z"
  }, {
    "type" : "place",
    "startTime" : "20150202T224359-0500",
    "endTime" : "20150203T050141-0500",
    "place" : {
      "id" : 193512500,
      "name" : "Home",
      "type" : "home",
      "location" : {
        "lat" : 29.6564969542,
        "lon" : -82.3267639009
      }
    },
    "lastUpdate" : "20150204T125748Z"
  } ],
  "lastUpdate" : "20150204T125748Z"
} ]