[ {
  "date" : "20150218",
  "summary" : [ {
    "activity" : "walking",
    "group" : "walking",
    "duration" : 3113.0,
    "distance" : 2911.0,
    "steps" : 4301
  }, {
    "activity" : "transport",
    "group" : "transport",
    "duration" : 191.0,
    "distance" : 905.0
  } ],
  "segments" : [ {
    "type" : "place",
    "startTime" : "20150217T120716-0500",
    "endTime" : "20150218T183057-0500",
    "place" : {
      "id" : 193512500,
      "name" : "Home",
      "type" : "home",
      "location" : {
        "lat" : 29.6564969542,
        "lon" : -82.3267639009
      }
    },
    "activities" : [ {
      "activity" : "walking",
      "group" : "walking",
      "manual" : false,
      "startTime" : "20150218T073100-0500",
      "endTime" : "20150218T073309-0500",
      "duration" : 129.0,
      "distance" : 128.0,
      "steps" : 170,
      "trackPoints" : [ ]
    }, {
      "activity" : "walking",
      "group" : "walking",
      "manual" : false,
      "startTime" : "20150218T124636-0500",
      "endTime" : "20150218T124706-0500",
      "duration" : 30.0,
      "distance" : 15.0,
      "steps" : 30,
      "trackPoints" : [ ]
    }, {
      "activity" : "walking",
      "group" : "walking",
      "manual" : false,
      "startTime" : "20150218T182518-0500",
      "endTime" : "20150218T182548-0500",
      "duration" : 30.0,
      "distance" : 15.0,
      "steps" : 25,
      "trackPoints" : [ ]
    } ],
    "lastUpdate" : "20150219T015923Z"
  }, {
    "type" : "move",
    "startTime" : "20150218T183057-0500",
    "endTime" : "20150218T184309-0500",
    "activities" : [ {
      "activity" : "walking",
      "group" : "walking",
      "manual" : false,
      "startTime" : "20150218T183057-0500",
      "endTime" : "20150218T184309-0500",
      "duration" : 732.0,
      "distance" : 741.0,
      "steps" : 1165,
      "trackPoints" : [ {
        "lat" : 29.6564969542,
        "lon" : -82.3267639009,
        "time" : "20150218T183057-0500"
      }, {
        "lat" : 29.656493299,
        "lon" : -82.3267487177,
        "time" : "20150218T183118-0500"
      }, {
        "lat" : 29.6564798969,
        "lon" : -82.3267410716,
        "time" : "20150218T183138-0500"
      }, {
        "lat" : 29.6564617792,
        "lon" : -82.3267312568,
        "time" : "20150218T183158-0500"
      }, {
        "lat" : 29.6564390595,
        "lon" : -82.326719657,
        "time" : "20150218T183217-0500"
      }, {
        "lat" : 29.6563607426,
        "lon" : -82.3266825555,
        "time" : "20150218T183307-0500"
      }, {
        "lat" : 29.6563307304,
        "lon" : -82.3266659112,
        "time" : "20150218T183328-0500"
      }, {
        "lat" : 29.6563186595,
        "lon" : -82.3266503634,
        "time" : "20150218T183349-0500"
      }, {
        "lat" : 29.6560434339,
        "lon" : -82.3266154048,
        "time" : "20150218T183419-0500"
      }, {
        "lat" : 29.6558430372,
        "lon" : -82.3266000541,
        "time" : "20150218T183440-0500"
      }, {
        "lat" : 29.6552129424,
        "lon" : -82.3265681743,
        "time" : "20150218T183523-0500"
      }, {
        "lat" : 29.6549970284,
        "lon" : -82.3265531567,
        "time" : "20150218T183538-0500"
      }, {
        "lat" : 29.6548168696,
        "lon" : -82.3264984428,
        "time" : "20150218T183557-0500"
      }, {
        "lat" : 29.6547195779,
        "lon" : -82.3263458638,
        "time" : "20150218T183618-0500"
      }, {
        "lat" : 29.6546438176,
        "lon" : -82.3261546203,
        "time" : "20150218T183638-0500"
      }, {
        "lat" : 29.654570857,
        "lon" : -82.3260380435,
        "time" : "20150218T183658-0500"
      }, {
        "lat" : 29.6544796271,
        "lon" : -82.3259606971,
        "time" : "20150218T183720-0500"
      }, {
        "lat" : 29.6543299633,
        "lon" : -82.3259029263,
        "time" : "20150218T183740-0500"
      }, {
        "lat" : 29.6542635749,
        "lon" : -82.3258819384,
        "time" : "20150218T183801-0500"
      }, {
        "lat" : 29.6542070708,
        "lon" : -82.3258643925,
        "time" : "20150218T183821-0500"
      }, {
        "lat" : 29.6541509208,
        "lon" : -82.3258369649,
        "time" : "20150218T183842-0500"
      }, {
        "lat" : 29.6537062026,
        "lon" : -82.3255638351,
        "time" : "20150218T183908-0500"
      }, {
        "lat" : 29.6533228335,
        "lon" : -82.3253800111,
        "time" : "20150218T183930-0500"
      }, {
        "lat" : 29.6528766791,
        "lon" : -82.3253038935,
        "time" : "20150218T184002-0500"
      }, {
        "lat" : 29.6525409228,
        "lon" : -82.3252388194,
        "time" : "20150218T184029-0500"
      }, {
        "lat" : 29.6522095508,
        "lon" : -82.3251710295,
        "time" : "20150218T184103-0500"
      }, {
        "lat" : 29.6520710119,
        "lon" : -82.3251481419,
        "time" : "20150218T184123-0500"
      }, {
        "lat" : 29.6520083724,
        "lon" : -82.3251197366,
        "time" : "20150218T184144-0500"
      }, {
        "lat" : 29.6519814787,
        "lon" : -82.3247787667,
        "time" : "20150218T184229-0500"
      }, {
        "lat" : 29.6519811625,
        "lon" : -82.3246572515,
        "time" : "20150218T184249-0500"
      }, {
        "lat" : 29.6512781129,
        "lon" : -82.3239077761,
        "time" : "20150218T184309-0500"
      } ]
    } ],
    "lastUpdate" : "20150219T015923Z"
  }, {
    "type" : "place",
    "startTime" : "20150218T184309-0500",
    "endTime" : "20150218T185657-0500",
    "place" : {
      "id" : 197086191,
      "type" : "unknown",
      "location" : {
        "lat" : 29.6512781129,
        "lon" : -82.3239077761
      }
    },
    "activities" : [ {
      "activity" : "walking",
      "group" : "walking",
      "manual" : false,
      "startTime" : "20150218T184502-0500",
      "endTime" : "20150218T184632-0500",
      "duration" : 90.0,
      "distance" : 51.0,
      "steps" : 101,
      "trackPoints" : [ ]
    } ],
    "lastUpdate" : "20150219T015923Z"
  }, {
    "type" : "move",
    "startTime" : "20150218T185657-0500",
    "endTime" : "20150218T190302-0500",
    "activities" : [ {
      "activity" : "walking",
      "group" : "walking",
      "manual" : false,
      "startTime" : "20150218T185657-0500",
      "endTime" : "20150218T190302-0500",
      "duration" : 365.0,
      "distance" : 343.0,
      "steps" : 493,
      "trackPoints" : [ {
        "lat" : 29.6512781129,
        "lon" : -82.3239077761,
        "time" : "20150218T185657-0500"
      }, {
        "lat" : 29.6514538324,
        "lon" : -82.3239818751,
        "time" : "20150218T185717-0500"
      }, {
        "lat" : 29.651499683,
        "lon" : -82.3239832917,
        "time" : "20150218T185748-0500"
      }, {
        "lat" : 29.6518096574,
        "lon" : -82.3239037398,
        "time" : "20150218T185815-0500"
      }, {
        "lat" : 29.6518674593,
        "lon" : -82.324033938,
        "time" : "20150218T185841-0500"
      }, {
        "lat" : 29.6519095205,
        "lon" : -82.3241781761,
        "time" : "20150218T185904-0500"
      }, {
        "lat" : 29.6519436842,
        "lon" : -82.3243044713,
        "time" : "20150218T185924-0500"
      }, {
        "lat" : 29.6519882722,
        "lon" : -82.3245119698,
        "time" : "20150218T185954-0500"
      }, {
        "lat" : 29.6519946257,
        "lon" : -82.3245574799,
        "time" : "20150218T185959-0500"
      }, {
        "lat" : 29.6519946376,
        "lon" : -82.3245575656,
        "time" : "20150218T190000-0500"
      }, {
        "lat" : 29.6520128418,
        "lon" : -82.3246879617,
        "time" : "20150218T190015-0500"
      }, {
        "lat" : 29.6520525382,
        "lon" : -82.324844644,
        "time" : "20150218T190035-0500"
      }, {
        "lat" : 29.6520500375,
        "lon" : -82.3249366372,
        "time" : "20150218T190056-0500"
      }, {
        "lat" : 29.6519537523,
        "lon" : -82.3249697279,
        "time" : "20150218T190117-0500"
      }, {
        "lat" : 29.6516999491,
        "lon" : -82.3249913489,
        "time" : "20150218T190141-0500"
      }, {
        "lat" : 29.6515205362,
        "lon" : -82.325005347,
        "time" : "20150218T190201-0500"
      }, {
        "lat" : 29.6513787573,
        "lon" : -82.3250178695,
        "time" : "20150218T190222-0500"
      }, {
        "lat" : 29.6512674918,
        "lon" : -82.3250427612,
        "time" : "20150218T190242-0500"
      }, {
        "lat" : 29.6510939832,
        "lon" : -82.3257121445,
        "time" : "20150218T190302-0500"
      } ]
    } ],
    "lastUpdate" : "20150219T015923Z"
  }, {
    "type" : "place",
    "startTime" : "20150218T190302-0500",
    "endTime" : "20150218T204530-0500",
    "place" : {
      "id" : 197086192,
      "type" : "unknown",
      "location" : {
        "lat" : 29.6510939832,
        "lon" : -82.3257121445
      }
    },
    "activities" : [ {
      "activity" : "walking",
      "group" : "walking",
      "manual" : false,
      "startTime" : "20150218T190302-0500",
      "endTime" : "20150218T190505-0500",
      "duration" : 123.0,
      "distance" : 156.0,
      "steps" : 208,
      "trackPoints" : [ ]
    } ],
    "lastUpdate" : "20150219T033102Z"
  }, {
    "type" : "move",
    "startTime" : "20150218T204530-0500",
    "endTime" : "20150218T211049-0500",
    "activities" : [ {
      "activity" : "walking",
      "group" : "walking",
      "manual" : false,
      "startTime" : "20150218T204530-0500",
      "endTime" : "20150218T211050-0500",
      "duration" : 1520.0,
      "distance" : 1372.0,
      "steps" : 1929,
      "trackPoints" : [ {
        "lat" : 29.6510939832,
        "lon" : -82.3257121445,
        "time" : "20150218T204530-0500"
      }, {
        "lat" : 29.6510984905,
        "lon" : -82.3257593987,
        "time" : "20150218T204601-0500"
      }, {
        "lat" : 29.6511003232,
        "lon" : -82.3257579252,
        "time" : "20150218T204622-0500"
      }, {
        "lat" : 29.6511027828,
        "lon" : -82.3257534554,
        "time" : "20150218T204642-0500"
      }, {
        "lat" : 29.6511060827,
        "lon" : -82.3257458864,
        "time" : "20150218T204702-0500"
      }, {
        "lat" : 29.6511104311,
        "lon" : -82.3257350944,
        "time" : "20150218T204722-0500"
      }, {
        "lat" : 29.6511163406,
        "lon" : -82.3257206886,
        "time" : "20150218T204742-0500"
      }, {
        "lat" : 29.6511239709,
        "lon" : -82.325704735,
        "time" : "20150218T204800-0500"
      }, {
        "lat" : 29.6511355634,
        "lon" : -82.3256828844,
        "time" : "20150218T204820-0500"
      }, {
        "lat" : 29.6511512451,
        "lon" : -82.3256561619,
        "time" : "20150218T204841-0500"
      }, {
        "lat" : 29.6511692115,
        "lon" : -82.3256276973,
        "time" : "20150218T204901-0500"
      }, {
        "lat" : 29.65120531,
        "lon" : -82.3255849337,
        "time" : "20150218T204921-0500"
      }, {
        "lat" : 29.6515126283,
        "lon" : -82.325299642,
        "time" : "20150218T204941-0500"
      }, {
        "lat" : 29.6517271434,
        "lon" : -82.3250989687,
        "time" : "20150218T205001-0500"
      }, {
        "lat" : 29.6518271437,
        "lon" : -82.324966336,
        "time" : "20150218T205022-0500"
      }, {
        "lat" : 29.6518820943,
        "lon" : -82.3248121152,
        "time" : "20150218T205042-0500"
      }, {
        "lat" : 29.6519503222,
        "lon" : -82.3244166542,
        "time" : "20150218T205106-0500"
      }, {
        "lat" : 29.6519781149,
        "lon" : -82.324226724,
        "time" : "20150218T205131-0500"
      }, {
        "lat" : 29.6519935012,
        "lon" : -82.3241529912,
        "time" : "20150218T205151-0500"
      }, {
        "lat" : 29.6520182457,
        "lon" : -82.3241124836,
        "time" : "20150218T205211-0500"
      }, {
        "lat" : 29.6520752316,
        "lon" : -82.3240897529,
        "time" : "20150218T205232-0500"
      }, {
        "lat" : 29.6521875178,
        "lon" : -82.324078963,
        "time" : "20150218T205254-0500"
      }, {
        "lat" : 29.6529364354,
        "lon" : -82.3240690627,
        "time" : "20150218T205344-0500"
      }, {
        "lat" : 29.6534151353,
        "lon" : -82.3240625579,
        "time" : "20150218T205416-0500"
      }, {
        "lat" : 29.6538027886,
        "lon" : -82.3240380763,
        "time" : "20150218T205446-0500"
      }, {
        "lat" : 29.6538916014,
        "lon" : -82.3241447011,
        "time" : "20150218T205523-0500"
      }, {
        "lat" : 29.6539272289,
        "lon" : -82.3242051878,
        "time" : "20150218T205543-0500"
      }, {
        "lat" : 29.6539639323,
        "lon" : -82.3242676768,
        "time" : "20150218T205603-0500"
      }, {
        "lat" : 29.6540015093,
        "lon" : -82.3243217452,
        "time" : "20150218T205623-0500"
      }, {
        "lat" : 29.654028508,
        "lon" : -82.3243548843,
        "time" : "20150218T205643-0500"
      }, {
        "lat" : 29.6541584986,
        "lon" : -82.3243882643,
        "time" : "20150218T205705-0500"
      }, {
        "lat" : 29.6544697055,
        "lon" : -82.3243644884,
        "time" : "20150218T205726-0500"
      }, {
        "lat" : 29.6557284468,
        "lon" : -82.3241322142,
        "time" : "20150218T205806-0500"
      }, {
        "lat" : 29.6558079807,
        "lon" : -82.3240887923,
        "time" : "20150218T205822-0500"
      }, {
        "lat" : 29.6557664626,
        "lon" : -82.3238490594,
        "time" : "20150218T205854-0500"
      }, {
        "lat" : 29.6557724789,
        "lon" : -82.3237995468,
        "time" : "20150218T205914-0500"
      }, {
        "lat" : 29.6558020279,
        "lon" : -82.3237934171,
        "time" : "20150218T205934-0500"
      }, {
        "lat" : 29.6559147374,
        "lon" : -82.323803007,
        "time" : "20150218T205954-0500"
      }, {
        "lat" : 29.6560003576,
        "lon" : -82.3238094399,
        "time" : "20150218T205959-0500"
      }, {
        "lat" : 29.6560005061,
        "lon" : -82.323809451,
        "time" : "20150218T210000-0500"
      }, {
        "lat" : 29.6563746955,
        "lon" : -82.3238375646,
        "time" : "20150218T210025-0500"
      }, {
        "lat" : 29.6565487208,
        "lon" : -82.3238273982,
        "time" : "20150218T210046-0500"
      }, {
        "lat" : 29.6566394517,
        "lon" : -82.3238048337,
        "time" : "20150218T210105-0500"
      }, {
        "lat" : 29.6566759653,
        "lon" : -82.3237747459,
        "time" : "20150218T210123-0500"
      }, {
        "lat" : 29.6566915487,
        "lon" : -82.3237046369,
        "time" : "20150218T210144-0500"
      }, {
        "lat" : 29.6566960409,
        "lon" : -82.3235300017,
        "time" : "20150218T210205-0500"
      }, {
        "lat" : 29.6566890737,
        "lon" : -82.3230965027,
        "time" : "20150218T210225-0500"
      }, {
        "lat" : 29.6566595859,
        "lon" : -82.3226619918,
        "time" : "20150218T210256-0500"
      }, {
        "lat" : 29.6566381823,
        "lon" : -82.3225723754,
        "time" : "20150218T210317-0500"
      }, {
        "lat" : 29.6566330127,
        "lon" : -82.3225425127,
        "time" : "20150218T210337-0500"
      }, {
        "lat" : 29.6566275685,
        "lon" : -82.3225120538,
        "time" : "20150218T210357-0500"
      }, {
        "lat" : 29.6566242233,
        "lon" : -82.3224726749,
        "time" : "20150218T210423-0500"
      }, {
        "lat" : 29.6566298193,
        "lon" : -82.3223242577,
        "time" : "20150218T210445-0500"
      }, {
        "lat" : 29.656664887,
        "lon" : -82.3215593605,
        "time" : "20150218T210505-0500"
      }, {
        "lat" : 29.6567319688,
        "lon" : -82.3208075623,
        "time" : "20150218T210535-0500"
      }, {
        "lat" : 29.6567669732,
        "lon" : -82.3206417781,
        "time" : "20150218T210557-0500"
      }, {
        "lat" : 29.6567714371,
        "lon" : -82.3205495415,
        "time" : "20150218T210617-0500"
      }, {
        "lat" : 29.6567415731,
        "lon" : -82.3204271109,
        "time" : "20150218T210637-0500"
      }, {
        "lat" : 29.6567434939,
        "lon" : -82.3203308131,
        "time" : "20150218T210659-0500"
      }, {
        "lat" : 29.6569231708,
        "lon" : -82.3199852817,
        "time" : "20150218T210724-0500"
      }, {
        "lat" : 29.6569769472,
        "lon" : -82.3197903728,
        "time" : "20150218T210745-0500"
      }, {
        "lat" : 29.6569016918,
        "lon" : -82.319741438,
        "time" : "20150218T210806-0500"
      }, {
        "lat" : 29.6568857107,
        "lon" : -82.3197199459,
        "time" : "20150218T210826-0500"
      }, {
        "lat" : 29.6568984433,
        "lon" : -82.3196850931,
        "time" : "20150218T210846-0500"
      }, {
        "lat" : 29.6569048963,
        "lon" : -82.3196276897,
        "time" : "20150218T210906-0500"
      }, {
        "lat" : 29.6568430291,
        "lon" : -82.3192579994,
        "time" : "20150218T210936-0500"
      }, {
        "lat" : 29.6565615853,
        "lon" : -82.3187163055,
        "time" : "20150218T211049-0500"
      } ]
    } ],
    "lastUpdate" : "20150219T033102Z"
  }, {
    "type" : "place",
    "startTime" : "20150218T211050-0500",
    "endTime" : "20150218T213623-0500",
    "place" : {
      "id" : 192984494,
      "type" : "unknown",
      "location" : {
        "lat" : 29.6565615853,
        "lon" : -82.3187163055
      }
    },
    "activities" : [ {
      "activity" : "walking",
      "group" : "walking",
      "manual" : false,
      "startTime" : "20150218T213343-0500",
      "endTime" : "20150218T213413-0500",
      "duration" : 30.0,
      "distance" : 30.0,
      "steps" : 61,
      "trackPoints" : [ ]
    } ],
    "lastUpdate" : "20150219T033102Z"
  }, {
    "type" : "move",
    "startTime" : "20150218T213623-0500",
    "endTime" : "20150218T213934-0500",
    "activities" : [ {
      "activity" : "transport",
      "group" : "transport",
      "manual" : false,
      "startTime" : "20150218T213623-0500",
      "endTime" : "20150218T213934-0500",
      "duration" : 191.0,
      "distance" : 905.0,
      "trackPoints" : [ {
        "lat" : 29.6565615853,
        "lon" : -82.3187163055,
        "time" : "20150218T213623-0500"
      }, {
        "lat" : 29.6567170002,
        "lon" : -82.3201930199,
        "time" : "20150218T213656-0500"
      }, {
        "lat" : 29.6569455425,
        "lon" : -82.32454442,
        "time" : "20150218T213750-0500"
      }, {
        "lat" : 29.6568529317,
        "lon" : -82.3254135338,
        "time" : "20150218T213818-0500"
      }, {
        "lat" : 29.6566916403,
        "lon" : -82.3262950725,
        "time" : "20150218T213901-0500"
      }, {
        "lat" : 29.6564969542,
        "lon" : -82.3267639009,
        "time" : "20150218T213934-0500"
      } ]
    } ],
    "lastUpdate" : "20150219T033102Z"
  }, {
    "type" : "place",
    "startTime" : "20150218T213934-0500",
    "endTime" : "20150219T092240-0500",
    "place" : {
      "id" : 193512500,
      "name" : "Home",
      "type" : "home",
      "location" : {
        "lat" : 29.6564969542,
        "lon" : -82.3267639009
      }
    },
    "activities" : [ {
      "activity" : "walking",
      "group" : "walking",
      "manual" : false,
      "startTime" : "20150218T214013-0500",
      "endTime" : "20150218T214117-0500",
      "duration" : 64.0,
      "distance" : 60.0,
      "steps" : 119,
      "trackPoints" : [ ]
    } ],
    "lastUpdate" : "20150219T170916Z"
  } ],
  "lastUpdate" : "20150219T170916Z"
} ]