[ {
  "date" : "20150210",
  "summary" : [ {
    "activity" : "walking",
    "group" : "walking",
    "duration" : 2113.0,
    "distance" : 2351.0,
    "steps" : 3056
  }, {
    "activity" : "cycling",
    "group" : "cycling",
    "duration" : 997.0,
    "distance" : 6221.0
  }, {
    "activity" : "transport",
    "group" : "transport",
    "duration" : 386.0,
    "distance" : 2443.0
  } ],
  "segments" : [ {
    "type" : "place",
    "startTime" : "20150209T205515-0500",
    "endTime" : "20150210T092241-0500",
    "place" : {
      "id" : 193512500,
      "name" : "Home",
      "type" : "home",
      "location" : {
        "lat" : 29.6564969542,
        "lon" : -82.3267639009
      }
    },
    "activities" : [ {
      "activity" : "walking",
      "group" : "walking",
      "manual" : false,
      "startTime" : "20150210T091928-0500",
      "endTime" : "20150210T092032-0500",
      "duration" : 64.0,
      "distance" : 40.0,
      "steps" : 79,
      "trackPoints" : [ ]
    } ],
    "lastUpdate" : "20150210T155424Z"
  }, {
    "type" : "move",
    "startTime" : "20150210T092241-0500",
    "endTime" : "20150210T093057-0500",
    "activities" : [ {
      "activity" : "transport",
      "group" : "transport",
      "manual" : false,
      "startTime" : "20150210T092241-0500",
      "endTime" : "20150210T092529-0500",
      "duration" : 168.0,
      "distance" : 1337.0,
      "trackPoints" : [ {
        "lat" : 29.6564969542,
        "lon" : -82.3267639009,
        "time" : "20150210T092241-0500"
      }, {
        "lat" : 29.6541027934,
        "lon" : -82.3277596865,
        "time" : "20150210T092306-0500"
      }, {
        "lat" : 29.65213122,
        "lon" : -82.3285746694,
        "time" : "20150210T092348-0500"
      }, {
        "lat" : 29.6520748086,
        "lon" : -82.3287030368,
        "time" : "20150210T092409-0500"
      }, {
        "lat" : 29.6517248909,
        "lon" : -82.3303818187,
        "time" : "20150210T092439-0500"
      }, {
        "lat" : 29.650371547,
        "lon" : -82.3326372203,
        "time" : "20150210T092512-0500"
      }, {
        "lat" : 29.6501109794,
        "lon" : -82.3347190097,
        "time" : "20150210T092529-0500"
      } ]
    }, {
      "activity" : "cycling",
      "group" : "cycling",
      "manual" : false,
      "startTime" : "20150210T092529-0500",
      "endTime" : "20150210T093057-0500",
      "duration" : 328.0,
      "distance" : 2514.0,
      "trackPoints" : [ {
        "lat" : 29.6501109794,
        "lon" : -82.3347190097,
        "time" : "20150210T092529-0500"
      }, {
        "lat" : 29.6502993043,
        "lon" : -82.3368924102,
        "time" : "20150210T092554-0500"
      }, {
        "lat" : 29.6502788749,
        "lon" : -82.3382714255,
        "time" : "20150210T092618-0500"
      }, {
        "lat" : 29.6502276127,
        "lon" : -82.3387511622,
        "time" : "20150210T092638-0500"
      }, {
        "lat" : 29.6501636632,
        "lon" : -82.3391216692,
        "time" : "20150210T092659-0500"
      }, {
        "lat" : 29.6496668246,
        "lon" : -82.3420624185,
        "time" : "20150210T092730-0500"
      }, {
        "lat" : 29.6494864925,
        "lon" : -82.3428231309,
        "time" : "20150210T092751-0500"
      }, {
        "lat" : 29.6492370573,
        "lon" : -82.3430324951,
        "time" : "20150210T092813-0500"
      }, {
        "lat" : 29.6482677286,
        "lon" : -82.3435873493,
        "time" : "20150210T092834-0500"
      }, {
        "lat" : 29.6453763094,
        "lon" : -82.3447816413,
        "time" : "20150210T092906-0500"
      }, {
        "lat" : 29.6452144879,
        "lon" : -82.3448747957,
        "time" : "20150210T092926-0500"
      }, {
        "lat" : 29.6425071793,
        "lon" : -82.3465254463,
        "time" : "20150210T093003-0500"
      }, {
        "lat" : 29.6402535233,
        "lon" : -82.3469052075,
        "time" : "20150210T093036-0500"
      }, {
        "lat" : 29.6401239601,
        "lon" : -82.3500331577,
        "time" : "20150210T093057-0500"
      } ]
    } ],
    "lastUpdate" : "20150210T155424Z"
  }, {
    "type" : "place",
    "startTime" : "20150210T093057-0500",
    "endTime" : "20150210T115717-0500",
    "place" : {
      "id" : 191770626,
      "type" : "unknown",
      "location" : {
        "lat" : 29.6401239601,
        "lon" : -82.3500331577
      }
    },
    "activities" : [ {
      "activity" : "walking",
      "group" : "walking",
      "manual" : false,
      "startTime" : "20150210T093200-0500",
      "endTime" : "20150210T093359-0500",
      "duration" : 119.0,
      "distance" : 80.0,
      "steps" : 160,
      "trackPoints" : [ ]
    }, {
      "activity" : "walking",
      "group" : "walking",
      "manual" : false,
      "startTime" : "20150210T112545-0500",
      "endTime" : "20150210T113215-0500",
      "duration" : 390.0,
      "distance" : 494.0,
      "steps" : 659,
      "trackPoints" : [ ]
    } ],
    "lastUpdate" : "20150210T185550Z"
  }, {
    "type" : "move",
    "startTime" : "20150210T115717-0500",
    "endTime" : "20150210T115926-0500",
    "activities" : [ {
      "activity" : "transport",
      "group" : "transport",
      "manual" : false,
      "startTime" : "20150210T115717-0500",
      "endTime" : "20150210T115926-0500",
      "duration" : 129.0,
      "distance" : 527.0,
      "trackPoints" : [ {
        "lat" : 29.6401239601,
        "lon" : -82.3500331577,
        "time" : "20150210T115717-0500"
      }, {
        "lat" : 29.6397291135,
        "lon" : -82.3491864378,
        "time" : "20150210T115737-0500"
      }, {
        "lat" : 29.6397687249,
        "lon" : -82.3481712852,
        "time" : "20150210T115808-0500"
      }, {
        "lat" : 29.6400723061,
        "lon" : -82.3468198194,
        "time" : "20150210T115840-0500"
      }, {
        "lat" : 29.6402077651,
        "lon" : -82.3467311936,
        "time" : "20150210T115859-0500"
      }, {
        "lat" : 29.641247577,
        "lon" : -82.3457681414,
        "time" : "20150210T115926-0500"
      } ]
    } ],
    "lastUpdate" : "20150210T185550Z"
  }, {
    "type" : "place",
    "startTime" : "20150210T115926-0500",
    "endTime" : "20150210T132549-0500",
    "place" : {
      "id" : 192346338,
      "type" : "unknown",
      "location" : {
        "lat" : 29.641247577,
        "lon" : -82.3457681414
      }
    },
    "activities" : [ {
      "activity" : "walking",
      "group" : "walking",
      "manual" : false,
      "startTime" : "20150210T115949-0500",
      "endTime" : "20150210T120218-0500",
      "duration" : 149.0,
      "distance" : 198.0,
      "steps" : 271,
      "trackPoints" : [ ]
    }, {
      "activity" : "walking",
      "group" : "walking",
      "manual" : false,
      "startTime" : "20150210T132231-0500",
      "endTime" : "20150210T132419-0500",
      "duration" : 108.0,
      "distance" : 109.0,
      "steps" : 218,
      "trackPoints" : [ ]
    } ],
    "lastUpdate" : "20150210T202642Z"
  }, {
    "type" : "move",
    "startTime" : "20150210T132549-0500",
    "endTime" : "20150210T132956-0500",
    "activities" : [ {
      "activity" : "transport",
      "group" : "transport",
      "manual" : false,
      "startTime" : "20150210T132549-0500",
      "endTime" : "20150210T132718-0500",
      "duration" : 89.0,
      "distance" : 579.0,
      "trackPoints" : [ {
        "lat" : 29.641247577,
        "lon" : -82.3457681414,
        "time" : "20150210T132549-0500"
      }, {
        "lat" : 29.6403244916,
        "lon" : -82.3468260432,
        "time" : "20150210T132621-0500"
      }, {
        "lat" : 29.6395582733,
        "lon" : -82.3493878805,
        "time" : "20150210T132702-0500"
      }, {
        "lat" : 29.6388441479,
        "lon" : -82.3499524406,
        "time" : "20150210T132718-0500"
      } ]
    }, {
      "activity" : "walking",
      "group" : "walking",
      "manual" : false,
      "startTime" : "20150210T132718-0500",
      "endTime" : "20150210T132956-0500",
      "duration" : 158.0,
      "distance" : 267.0,
      "steps" : 223,
      "trackPoints" : [ {
        "lat" : 29.6388441479,
        "lon" : -82.3499524406,
        "time" : "20150210T132718-0500"
      }, {
        "lat" : 29.6383536536,
        "lon" : -82.3502854634,
        "time" : "20150210T132736-0500"
      }, {
        "lat" : 29.6379834189,
        "lon" : -82.3506841496,
        "time" : "20150210T132757-0500"
      }, {
        "lat" : 29.6374115827,
        "lon" : -82.3510910345,
        "time" : "20150210T132830-0500"
      }, {
        "lat" : 29.6372245858,
        "lon" : -82.35126645,
        "time" : "20150210T132850-0500"
      }, {
        "lat" : 29.6372257592,
        "lon" : -82.351473005,
        "time" : "20150210T132913-0500"
      }, {
        "lat" : 29.6374349114,
        "lon" : -82.3517290723,
        "time" : "20150210T132933-0500"
      }, {
        "lat" : 29.6375018345,
        "lon" : -82.3518371665,
        "time" : "20150210T132956-0500"
      } ]
    } ],
    "lastUpdate" : "20150210T202642Z"
  }, {
    "type" : "place",
    "startTime" : "20150210T132956-0500",
    "endTime" : "20150210T140654-0500",
    "place" : {
      "id" : 192323597,
      "type" : "unknown",
      "location" : {
        "lat" : 29.6375018345,
        "lon" : -82.3518371665
      }
    },
    "activities" : [ {
      "activity" : "walking",
      "group" : "walking",
      "manual" : false,
      "startTime" : "20150210T135310-0500",
      "endTime" : "20150210T135340-0500",
      "duration" : 30.0,
      "distance" : 15.0,
      "steps" : 20,
      "trackPoints" : [ ]
    }, {
      "activity" : "walking",
      "group" : "walking",
      "manual" : false,
      "startTime" : "20150210T140011-0500",
      "endTime" : "20150210T140311-0500",
      "duration" : 180.0,
      "distance" : 159.0,
      "steps" : 212,
      "trackPoints" : [ ]
    } ],
    "lastUpdate" : "20150210T202642Z"
  }, {
    "type" : "move",
    "startTime" : "20150210T140654-0500",
    "endTime" : "20150210T142228-0500",
    "activities" : [ {
      "activity" : "cycling",
      "group" : "cycling",
      "manual" : false,
      "startTime" : "20150210T140654-0500",
      "endTime" : "20150210T141803-0500",
      "duration" : 669.0,
      "distance" : 3707.0,
      "trackPoints" : [ {
        "lat" : 29.6375018345,
        "lon" : -82.3518371665,
        "time" : "20150210T140654-0500"
      }, {
        "lat" : 29.6371818348,
        "lon" : -82.3493560855,
        "time" : "20150210T140716-0500"
      }, {
        "lat" : 29.6373042266,
        "lon" : -82.3490823318,
        "time" : "20150210T140734-0500"
      }, {
        "lat" : 29.6374362272,
        "lon" : -82.3488083854,
        "time" : "20150210T140757-0500"
      }, {
        "lat" : 29.637597476,
        "lon" : -82.3483557779,
        "time" : "20150210T140827-0500"
      }, {
        "lat" : 29.6386358078,
        "lon" : -82.3452312759,
        "time" : "20150210T140911-0500"
      }, {
        "lat" : 29.6392669254,
        "lon" : -82.3431855716,
        "time" : "20150210T140941-0500"
      }, {
        "lat" : 29.6412629582,
        "lon" : -82.339341031,
        "time" : "20150210T141049-0500"
      }, {
        "lat" : 29.6412443505,
        "lon" : -82.3392793652,
        "time" : "20150210T141108-0500"
      }, {
        "lat" : 29.6412722385,
        "lon" : -82.3392080154,
        "time" : "20150210T141129-0500"
      }, {
        "lat" : 29.6415172672,
        "lon" : -82.3387589377,
        "time" : "20150210T141149-0500"
      }, {
        "lat" : 29.6431576425,
        "lon" : -82.3339714739,
        "time" : "20150210T141251-0500"
      }, {
        "lat" : 29.6435073647,
        "lon" : -82.3320231138,
        "time" : "20150210T141307-0500"
      }, {
        "lat" : 29.6436597051,
        "lon" : -82.3312314957,
        "time" : "20150210T141322-0500"
      }, {
        "lat" : 29.6437604948,
        "lon" : -82.3313695539,
        "time" : "20150210T141344-0500"
      }, {
        "lat" : 29.6444695188,
        "lon" : -82.3303958683,
        "time" : "20150210T141428-0500"
      }, {
        "lat" : 29.6447629275,
        "lon" : -82.3298014847,
        "time" : "20150210T141448-0500"
      }, {
        "lat" : 29.6452340464,
        "lon" : -82.3295868966,
        "time" : "20150210T141509-0500"
      }, {
        "lat" : 29.6463938412,
        "lon" : -82.329407396,
        "time" : "20150210T141528-0500"
      }, {
        "lat" : 29.6476231907,
        "lon" : -82.3291712457,
        "time" : "20150210T141550-0500"
      }, {
        "lat" : 29.6480918749,
        "lon" : -82.3288892648,
        "time" : "20150210T141611-0500"
      }, {
        "lat" : 29.6487398141,
        "lon" : -82.327158732,
        "time" : "20150210T141648-0500"
      }, {
        "lat" : 29.6501745879,
        "lon" : -82.3268603601,
        "time" : "20150210T141728-0500"
      }, {
        "lat" : 29.6510929743,
        "lon" : -82.3266843276,
        "time" : "20150210T141748-0500"
      }, {
        "lat" : 29.6515872768,
        "lon" : -82.3266410443,
        "time" : "20150210T141803-0500"
      } ]
    }, {
      "activity" : "walking",
      "group" : "walking",
      "manual" : false,
      "startTime" : "20150210T141803-0500",
      "endTime" : "20150210T142228-0500",
      "duration" : 265.0,
      "distance" : 428.0,
      "steps" : 357,
      "trackPoints" : [ {
        "lat" : 29.6515872768,
        "lon" : -82.3266410443,
        "time" : "20150210T141803-0500"
      }, {
        "lat" : 29.6518930749,
        "lon" : -82.3266581999,
        "time" : "20150210T141830-0500"
      }, {
        "lat" : 29.6520048796,
        "lon" : -82.3266889991,
        "time" : "20150210T141850-0500"
      }, {
        "lat" : 29.6521735753,
        "lon" : -82.3267107718,
        "time" : "20150210T141911-0500"
      }, {
        "lat" : 29.6537938693,
        "lon" : -82.3267699604,
        "time" : "20150210T141941-0500"
      }, {
        "lat" : 29.6562531594,
        "lon" : -82.3267487761,
        "time" : "20150210T142121-0500"
      }, {
        "lat" : 29.6562562849,
        "lon" : -82.3267488158,
        "time" : "20150210T142141-0500"
      }, {
        "lat" : 29.6564275882,
        "lon" : -82.3267733694,
        "time" : "20150210T142213-0500"
      }, {
        "lat" : 29.6564969542,
        "lon" : -82.3267639009,
        "time" : "20150210T142228-0500"
      } ]
    } ],
    "lastUpdate" : "20150210T202642Z"
  }, {
    "type" : "place",
    "startTime" : "20150210T142228-0500",
    "endTime" : "20150211T183327-0500",
    "place" : {
      "id" : 193512500,
      "name" : "Home",
      "type" : "home",
      "location" : {
        "lat" : 29.6564969542,
        "lon" : -82.3267639009
      }
    },
    "activities" : [ {
      "activity" : "walking",
      "group" : "walking",
      "manual" : false,
      "startTime" : "20150210T160028-0500",
      "endTime" : "20150210T160128-0500",
      "duration" : 60.0,
      "distance" : 40.0,
      "steps" : 81,
      "trackPoints" : [ ]
    }, {
      "activity" : "walking",
      "group" : "walking",
      "manual" : false,
      "startTime" : "20150210T190228-0500",
      "endTime" : "20150210T190948-0500",
      "duration" : 440.0,
      "distance" : 399.0,
      "steps" : 532,
      "trackPoints" : [ ]
    }, {
      "activity" : "walking",
      "group" : "walking",
      "manual" : false,
      "startTime" : "20150210T210016-0500",
      "endTime" : "20150210T210146-0500",
      "duration" : 90.0,
      "distance" : 66.0,
      "steps" : 132,
      "trackPoints" : [ ]
    }, {
      "activity" : "walking",
      "group" : "walking",
      "manual" : false,
      "startTime" : "20150210T230003-0500",
      "endTime" : "20150210T230103-0500",
      "duration" : 60.0,
      "distance" : 56.0,
      "steps" : 112,
      "trackPoints" : [ ]
    } ],
    "lastUpdate" : "20150212T015702Z"
  } ],
  "lastUpdate" : "20150212T015702Z"
} ]