[ {
  "date" : "20150206",
  "summary" : [ {
    "activity" : "walking",
    "group" : "walking",
    "duration" : 5501.0,
    "distance" : 6693.0,
    "steps" : 8862
  }, {
    "activity" : "running",
    "group" : "running",
    "duration" : 205.0,
    "distance" : 633.0,
    "steps" : 425
  } ],
  "segments" : [ {
    "type" : "place",
    "startTime" : "20150205T220817-0500",
    "endTime" : "20150206T051657-0500",
    "place" : {
      "id" : 193512500,
      "name" : "Home",
      "type" : "home",
      "location" : {
        "lat" : 29.6564969542,
        "lon" : -82.3267639009
      }
    },
    "activities" : [ {
      "activity" : "walking",
      "group" : "walking",
      "manual" : false,
      "startTime" : "20150206T050941-0500",
      "endTime" : "20150206T051836-0500",
      "duration" : 535.0,
      "distance" : 787.0,
      "steps" : 1049,
      "trackPoints" : [ ]
    } ],
    "lastUpdate" : "20150206T141341Z"
  }, {
    "type" : "move",
    "startTime" : "20150206T051657-0500",
    "endTime" : "20150206T052022-0500",
    "activities" : [ {
      "activity" : "running",
      "group" : "running",
      "manual" : false,
      "startTime" : "20150206T051657-0500",
      "endTime" : "20150206T052022-0500",
      "duration" : 205.0,
      "distance" : 633.0,
      "steps" : 425,
      "trackPoints" : [ {
        "lat" : 29.6564969542,
        "lon" : -82.3267639009,
        "time" : "20150206T051657-0500"
      }, {
        "lat" : 29.6558059177,
        "lon" : -82.3273045872,
        "time" : "20150206T051713-0500"
      }, {
        "lat" : 29.6557524077,
        "lon" : -82.3276677441,
        "time" : "20150206T051744-0500"
      }, {
        "lat" : 29.6561132636,
        "lon" : -82.3278357816,
        "time" : "20150206T051809-0500"
      }, {
        "lat" : 29.6570210694,
        "lon" : -82.3278049761,
        "time" : "20150206T051841-0500"
      }, {
        "lat" : 29.6578389412,
        "lon" : -82.3268900138,
        "time" : "20150206T051911-0500"
      }, {
        "lat" : 29.6576347231,
        "lon" : -82.3267903336,
        "time" : "20150206T051930-0500"
      }, {
        "lat" : 29.6570689853,
        "lon" : -82.3267659664,
        "time" : "20150206T051958-0500"
      }, {
        "lat" : 29.6564969542,
        "lon" : -82.3267639009,
        "time" : "20150206T052022-0500"
      } ]
    } ],
    "lastUpdate" : "20150206T141341Z"
  }, {
    "type" : "place",
    "startTime" : "20150206T052022-0500",
    "endTime" : "20150206T091054-0500",
    "place" : {
      "id" : 193512500,
      "name" : "Home",
      "type" : "home",
      "location" : {
        "lat" : 29.6564969542,
        "lon" : -82.3267639009
      }
    },
    "activities" : [ {
      "activity" : "walking",
      "group" : "walking",
      "manual" : false,
      "startTime" : "20150206T052022-0500",
      "endTime" : "20150206T052114-0500",
      "duration" : 52.0,
      "distance" : 26.0,
      "steps" : 46,
      "trackPoints" : [ ]
    }, {
      "activity" : "walking",
      "group" : "walking",
      "manual" : false,
      "startTime" : "20150206T085108-0500",
      "endTime" : "20150206T085208-0500",
      "duration" : 60.0,
      "distance" : 35.0,
      "steps" : 71,
      "trackPoints" : [ ]
    }, {
      "activity" : "walking",
      "group" : "walking",
      "manual" : false,
      "startTime" : "20150206T090248-0500",
      "endTime" : "20150206T090348-0500",
      "duration" : 60.0,
      "distance" : 46.0,
      "steps" : 91,
      "trackPoints" : [ ]
    } ],
    "lastUpdate" : "20150206T192319Z"
  }, {
    "type" : "move",
    "startTime" : "20150206T091054-0500",
    "endTime" : "20150206T092503-0500",
    "activities" : [ {
      "activity" : "walking",
      "group" : "walking",
      "manual" : false,
      "startTime" : "20150206T091054-0500",
      "endTime" : "20150206T092504-0500",
      "duration" : 850.0,
      "distance" : 1193.0,
      "steps" : 1339,
      "trackPoints" : [ {
        "lat" : 29.6564969542,
        "lon" : -82.3267639009,
        "time" : "20150206T091054-0500"
      }, {
        "lat" : 29.6565262196,
        "lon" : -82.3268006166,
        "time" : "20150206T091125-0500"
      }, {
        "lat" : 29.6565290897,
        "lon" : -82.3267963516,
        "time" : "20150206T091146-0500"
      }, {
        "lat" : 29.656524371,
        "lon" : -82.3268067904,
        "time" : "20150206T091208-0500"
      }, {
        "lat" : 29.6565176062,
        "lon" : -82.3268207376,
        "time" : "20150206T091229-0500"
      }, {
        "lat" : 29.6565089653,
        "lon" : -82.3268380685,
        "time" : "20150206T091249-0500"
      }, {
        "lat" : 29.6564969241,
        "lon" : -82.3268617699,
        "time" : "20150206T091311-0500"
      }, {
        "lat" : 29.6564969411,
        "lon" : -82.3268741052,
        "time" : "20150206T091333-0500"
      }, {
        "lat" : 29.6559403518,
        "lon" : -82.3275226722,
        "time" : "20150206T091409-0500"
      }, {
        "lat" : 29.6554902471,
        "lon" : -82.3279457044,
        "time" : "20150206T091432-0500"
      }, {
        "lat" : 29.6551563376,
        "lon" : -82.3279654019,
        "time" : "20150206T091449-0500"
      }, {
        "lat" : 29.6549036402,
        "lon" : -82.3279585329,
        "time" : "20150206T091508-0500"
      }, {
        "lat" : 29.6548766887,
        "lon" : -82.3279321637,
        "time" : "20150206T091531-0500"
      }, {
        "lat" : 29.6543710215,
        "lon" : -82.3279101371,
        "time" : "20150206T091554-0500"
      }, {
        "lat" : 29.6540402731,
        "lon" : -82.3279302093,
        "time" : "20150206T091615-0500"
      }, {
        "lat" : 29.6533321089,
        "lon" : -82.328096259,
        "time" : "20150206T091706-0500"
      }, {
        "lat" : 29.6526477424,
        "lon" : -82.3284521738,
        "time" : "20150206T091800-0500"
      }, {
        "lat" : 29.6524519223,
        "lon" : -82.3285431536,
        "time" : "20150206T091821-0500"
      }, {
        "lat" : 29.6522728505,
        "lon" : -82.3286895634,
        "time" : "20150206T091841-0500"
      }, {
        "lat" : 29.6521646774,
        "lon" : -82.3287972809,
        "time" : "20150206T091901-0500"
      }, {
        "lat" : 29.6521414753,
        "lon" : -82.3288308955,
        "time" : "20150206T091922-0500"
      }, {
        "lat" : 29.6521365487,
        "lon" : -82.3288508385,
        "time" : "20150206T091942-0500"
      }, {
        "lat" : 29.6521331366,
        "lon" : -82.328909801,
        "time" : "20150206T092002-0500"
      }, {
        "lat" : 29.6521039196,
        "lon" : -82.3304143774,
        "time" : "20150206T092053-0500"
      }, {
        "lat" : 29.652067587,
        "lon" : -82.33074475,
        "time" : "20150206T092113-0500"
      }, {
        "lat" : 29.6520025688,
        "lon" : -82.3309185935,
        "time" : "20150206T092130-0500"
      }, {
        "lat" : 29.6518147097,
        "lon" : -82.3310863842,
        "time" : "20150206T092150-0500"
      }, {
        "lat" : 29.6513128205,
        "lon" : -82.3314095251,
        "time" : "20150206T092214-0500"
      }, {
        "lat" : 29.6508597993,
        "lon" : -82.3315898333,
        "time" : "20150206T092243-0500"
      }, {
        "lat" : 29.6506412496,
        "lon" : -82.3316922109,
        "time" : "20150206T092301-0500"
      }, {
        "lat" : 29.6504119026,
        "lon" : -82.3317794419,
        "time" : "20150206T092317-0500"
      }, {
        "lat" : 29.6503681295,
        "lon" : -82.3322928722,
        "time" : "20150206T092348-0500"
      }, {
        "lat" : 29.6505636942,
        "lon" : -82.3324350137,
        "time" : "20150206T092409-0500"
      }, {
        "lat" : 29.6507628552,
        "lon" : -82.3324813707,
        "time" : "20150206T092425-0500"
      }, {
        "lat" : 29.650897439,
        "lon" : -82.3325200784,
        "time" : "20150206T092440-0500"
      }, {
        "lat" : 29.6512341808,
        "lon" : -82.3326901892,
        "time" : "20150206T092503-0500"
      } ]
    } ],
    "lastUpdate" : "20150206T192319Z"
  }, {
    "type" : "place",
    "startTime" : "20150206T092503-0500",
    "endTime" : "20150206T115035-0500",
    "place" : {
      "id" : 194026337,
      "type" : "unknown",
      "location" : {
        "lat" : 29.6512341808,
        "lon" : -82.3326901892
      }
    },
    "activities" : [ {
      "activity" : "walking",
      "group" : "walking",
      "manual" : false,
      "startTime" : "20150206T092649-0500",
      "endTime" : "20150206T092748-0500",
      "duration" : 59.0,
      "distance" : 55.0,
      "steps" : 109,
      "trackPoints" : [ ]
    }, {
      "activity" : "walking",
      "group" : "walking",
      "manual" : false,
      "startTime" : "20150206T105045-0500",
      "endTime" : "20150206T105115-0500",
      "duration" : 30.0,
      "distance" : 20.0,
      "steps" : 41,
      "trackPoints" : [ ]
    } ],
    "lastUpdate" : "20150206T192319Z"
  }, {
    "type" : "move",
    "startTime" : "20150206T115035-0500",
    "endTime" : "20150206T120503-0500",
    "activities" : [ {
      "activity" : "walking",
      "group" : "walking",
      "manual" : false,
      "startTime" : "20150206T115035-0500",
      "endTime" : "20150206T120504-0500",
      "duration" : 869.0,
      "distance" : 1127.0,
      "steps" : 1275,
      "trackPoints" : [ {
        "lat" : 29.6512341808,
        "lon" : -82.3326901892,
        "time" : "20150206T115035-0500"
      }, {
        "lat" : 29.651242155,
        "lon" : -82.3326839593,
        "time" : "20150206T115056-0500"
      }, {
        "lat" : 29.6512574461,
        "lon" : -82.3326752994,
        "time" : "20150206T115118-0500"
      }, {
        "lat" : 29.6512498473,
        "lon" : -82.3326893082,
        "time" : "20150206T115141-0500"
      }, {
        "lat" : 29.6510624705,
        "lon" : -82.3327954907,
        "time" : "20150206T115214-0500"
      }, {
        "lat" : 29.6510029762,
        "lon" : -82.3328324324,
        "time" : "20150206T115236-0500"
      }, {
        "lat" : 29.6509713813,
        "lon" : -82.3328315686,
        "time" : "20150206T115256-0500"
      }, {
        "lat" : 29.6509381735,
        "lon" : -82.33280421,
        "time" : "20150206T115316-0500"
      }, {
        "lat" : 29.6509285993,
        "lon" : -82.3327390407,
        "time" : "20150206T115337-0500"
      }, {
        "lat" : 29.6514845031,
        "lon" : -82.3318609578,
        "time" : "20150206T115423-0500"
      }, {
        "lat" : 29.6519365884,
        "lon" : -82.3318182978,
        "time" : "20150206T115457-0500"
      }, {
        "lat" : 29.6520604313,
        "lon" : -82.3317330393,
        "time" : "20150206T115518-0500"
      }, {
        "lat" : 29.6521002673,
        "lon" : -82.3315732518,
        "time" : "20150206T115540-0500"
      }, {
        "lat" : 29.6521011685,
        "lon" : -82.3314153485,
        "time" : "20150206T115600-0500"
      }, {
        "lat" : 29.6521038328,
        "lon" : -82.3313430499,
        "time" : "20150206T115620-0500"
      }, {
        "lat" : 29.65211565,
        "lon" : -82.3313093901,
        "time" : "20150206T115641-0500"
      }, {
        "lat" : 29.652127538,
        "lon" : -82.3312607326,
        "time" : "20150206T115700-0500"
      }, {
        "lat" : 29.6521462713,
        "lon" : -82.3311685962,
        "time" : "20150206T115720-0500"
      }, {
        "lat" : 29.6524475912,
        "lon" : -82.3296762883,
        "time" : "20150206T115800-0500"
      }, {
        "lat" : 29.6525580867,
        "lon" : -82.3291308081,
        "time" : "20150206T115821-0500"
      }, {
        "lat" : 29.6526041585,
        "lon" : -82.3288794996,
        "time" : "20150206T115841-0500"
      }, {
        "lat" : 29.652620238,
        "lon" : -82.3287728586,
        "time" : "20150206T115902-0500"
      }, {
        "lat" : 29.6526595009,
        "lon" : -82.3286991799,
        "time" : "20150206T115922-0500"
      }, {
        "lat" : 29.6527741065,
        "lon" : -82.3285804711,
        "time" : "20150206T115942-0500"
      }, {
        "lat" : 29.652871869,
        "lon" : -82.3285005123,
        "time" : "20150206T115959-0500"
      }, {
        "lat" : 29.6528719243,
        "lon" : -82.3285004671,
        "time" : "20150206T120000-0500"
      }, {
        "lat" : 29.6528827837,
        "lon" : -82.3284915853,
        "time" : "20150206T120001-0500"
      }, {
        "lat" : 29.6530894269,
        "lon" : -82.3283821919,
        "time" : "20150206T120021-0500"
      }, {
        "lat" : 29.6538808198,
        "lon" : -82.3280070999,
        "time" : "20150206T120052-0500"
      }, {
        "lat" : 29.6541142455,
        "lon" : -82.327934346,
        "time" : "20150206T120112-0500"
      }, {
        "lat" : 29.6542413661,
        "lon" : -82.3279176995,
        "time" : "20150206T120132-0500"
      }, {
        "lat" : 29.6544460271,
        "lon" : -82.3279239284,
        "time" : "20150206T120153-0500"
      }, {
        "lat" : 29.6551640519,
        "lon" : -82.3279612945,
        "time" : "20150206T120224-0500"
      }, {
        "lat" : 29.6554408122,
        "lon" : -82.3279656499,
        "time" : "20150206T120244-0500"
      }, {
        "lat" : 29.6556139609,
        "lon" : -82.3279511301,
        "time" : "20150206T120301-0500"
      }, {
        "lat" : 29.655818115,
        "lon" : -82.3279220849,
        "time" : "20150206T120321-0500"
      }, {
        "lat" : 29.6560072663,
        "lon" : -82.3278577123,
        "time" : "20150206T120341-0500"
      }, {
        "lat" : 29.6561400789,
        "lon" : -82.3277381163,
        "time" : "20150206T120402-0500"
      }, {
        "lat" : 29.6564969542,
        "lon" : -82.3267639009,
        "time" : "20150206T120503-0500"
      } ]
    } ],
    "lastUpdate" : "20150206T192319Z"
  }, {
    "type" : "place",
    "startTime" : "20150206T120503-0500",
    "endTime" : "20150206T200503-0500",
    "place" : {
      "id" : 193512500,
      "name" : "Home",
      "type" : "home",
      "location" : {
        "lat" : 29.6564969542,
        "lon" : -82.3267639009
      }
    },
    "activities" : [ {
      "activity" : "walking",
      "group" : "walking",
      "manual" : false,
      "startTime" : "20150206T120533-0500",
      "endTime" : "20150206T120603-0500",
      "duration" : 30.0,
      "distance" : 15.0,
      "steps" : 31,
      "trackPoints" : [ ]
    }, {
      "activity" : "walking",
      "group" : "walking",
      "manual" : false,
      "startTime" : "20150206T171943-0500",
      "endTime" : "20150206T172013-0500",
      "duration" : 30.0,
      "distance" : 20.0,
      "steps" : 40,
      "trackPoints" : [ ]
    }, {
      "activity" : "walking",
      "group" : "walking",
      "manual" : false,
      "startTime" : "20150206T200235-0500",
      "endTime" : "20150206T200335-0500",
      "duration" : 60.0,
      "distance" : 46.0,
      "steps" : 91,
      "trackPoints" : [ ]
    } ],
    "lastUpdate" : "20150207T025751Z"
  }, {
    "type" : "move",
    "startTime" : "20150206T200503-0500",
    "endTime" : "20150206T202305-0500",
    "activities" : [ {
      "activity" : "walking",
      "group" : "walking",
      "manual" : false,
      "startTime" : "20150206T200503-0500",
      "endTime" : "20150206T202305-0500",
      "duration" : 1082.0,
      "distance" : 1358.0,
      "steps" : 1737,
      "trackPoints" : [ {
        "lat" : 29.6564969542,
        "lon" : -82.3267639009,
        "time" : "20150206T200503-0500"
      }, {
        "lat" : 29.656558353,
        "lon" : -82.326865195,
        "time" : "20150206T200524-0500"
      }, {
        "lat" : 29.656560221,
        "lon" : -82.3268947868,
        "time" : "20150206T200540-0500"
      }, {
        "lat" : 29.656575036,
        "lon" : -82.3271735355,
        "time" : "20150206T200559-0500"
      }, {
        "lat" : 29.656680876,
        "lon" : -82.327412137,
        "time" : "20150206T200616-0500"
      }, {
        "lat" : 29.6567464077,
        "lon" : -82.3276401989,
        "time" : "20150206T200633-0500"
      }, {
        "lat" : 29.6565679874,
        "lon" : -82.3279143061,
        "time" : "20150206T200700-0500"
      }, {
        "lat" : 29.6559107492,
        "lon" : -82.3280932814,
        "time" : "20150206T200755-0500"
      }, {
        "lat" : 29.655745122,
        "lon" : -82.3282139371,
        "time" : "20150206T200814-0500"
      }, {
        "lat" : 29.6556908651,
        "lon" : -82.3283606905,
        "time" : "20150206T200831-0500"
      }, {
        "lat" : 29.6557352541,
        "lon" : -82.3286674516,
        "time" : "20150206T200855-0500"
      }, {
        "lat" : 29.6557618568,
        "lon" : -82.328877372,
        "time" : "20150206T200911-0500"
      }, {
        "lat" : 29.6557092848,
        "lon" : -82.3291779883,
        "time" : "20150206T200934-0500"
      }, {
        "lat" : 29.6556880148,
        "lon" : -82.3293642156,
        "time" : "20150206T200951-0500"
      }, {
        "lat" : 29.6556931977,
        "lon" : -82.3296049152,
        "time" : "20150206T201008-0500"
      }, {
        "lat" : 29.6557388974,
        "lon" : -82.329884457,
        "time" : "20150206T201027-0500"
      }, {
        "lat" : 29.6557147647,
        "lon" : -82.3299906899,
        "time" : "20150206T201048-0500"
      }, {
        "lat" : 29.6556922348,
        "lon" : -82.3303796031,
        "time" : "20150206T201132-0500"
      }, {
        "lat" : 29.6556924946,
        "lon" : -82.3304668777,
        "time" : "20150206T201152-0500"
      }, {
        "lat" : 29.6557030692,
        "lon" : -82.3304829981,
        "time" : "20150206T201213-0500"
      }, {
        "lat" : 29.6557339057,
        "lon" : -82.3305021452,
        "time" : "20150206T201234-0500"
      }, {
        "lat" : 29.6557494479,
        "lon" : -82.3305463499,
        "time" : "20150206T201255-0500"
      }, {
        "lat" : 29.6557489007,
        "lon" : -82.330710588,
        "time" : "20150206T201315-0500"
      }, {
        "lat" : 29.6557166796,
        "lon" : -82.33145287,
        "time" : "20150206T201333-0500"
      }, {
        "lat" : 29.6556839545,
        "lon" : -82.3322211657,
        "time" : "20150206T201351-0500"
      }, {
        "lat" : 29.6556622255,
        "lon" : -82.3328040736,
        "time" : "20150206T201407-0500"
      }, {
        "lat" : 29.6556305233,
        "lon" : -82.333047515,
        "time" : "20150206T201422-0500"
      }, {
        "lat" : 29.6556317163,
        "lon" : -82.333215006,
        "time" : "20150206T201439-0500"
      }, {
        "lat" : 29.6555621633,
        "lon" : -82.3334895859,
        "time" : "20150206T201511-0500"
      }, {
        "lat" : 29.6555402387,
        "lon" : -82.3335972858,
        "time" : "20150206T201532-0500"
      }, {
        "lat" : 29.6555421925,
        "lon" : -82.3337273878,
        "time" : "20150206T201554-0500"
      }, {
        "lat" : 29.6555539898,
        "lon" : -82.3344172885,
        "time" : "20150206T201634-0500"
      }, {
        "lat" : 29.6555671884,
        "lon" : -82.3346551601,
        "time" : "20150206T201655-0500"
      }, {
        "lat" : 29.6555428924,
        "lon" : -82.334767783,
        "time" : "20150206T201716-0500"
      }, {
        "lat" : 29.6554828731,
        "lon" : -82.3348224413,
        "time" : "20150206T201736-0500"
      }, {
        "lat" : 29.6553128492,
        "lon" : -82.3348763226,
        "time" : "20150206T201801-0500"
      }, {
        "lat" : 29.654727667,
        "lon" : -82.3350201267,
        "time" : "20150206T201834-0500"
      }, {
        "lat" : 29.6544980554,
        "lon" : -82.3350704632,
        "time" : "20150206T201855-0500"
      }, {
        "lat" : 29.6543001544,
        "lon" : -82.3351077929,
        "time" : "20150206T201917-0500"
      }, {
        "lat" : 29.6540580524,
        "lon" : -82.3351065832,
        "time" : "20150206T201939-0500"
      }, {
        "lat" : 29.6538424954,
        "lon" : -82.335070859,
        "time" : "20150206T202000-0500"
      }, {
        "lat" : 29.6537082137,
        "lon" : -82.3350455096,
        "time" : "20150206T202022-0500"
      }, {
        "lat" : 29.6536334511,
        "lon" : -82.3350357662,
        "time" : "20150206T202041-0500"
      }, {
        "lat" : 29.6535418944,
        "lon" : -82.3350327148,
        "time" : "20150206T202101-0500"
      }, {
        "lat" : 29.6528283192,
        "lon" : -82.3352004103,
        "time" : "20150206T202144-0500"
      }, {
        "lat" : 29.6525030605,
        "lon" : -82.3354615986,
        "time" : "20150206T202222-0500"
      }, {
        "lat" : 29.6520824537,
        "lon" : -82.3360316378,
        "time" : "20150206T202305-0500"
      } ]
    } ],
    "lastUpdate" : "20150207T025751Z"
  }, {
    "type" : "place",
    "startTime" : "20150206T202305-0500",
    "endTime" : "20150206T211805-0500",
    "place" : {
      "id" : 194101900,
      "type" : "unknown",
      "location" : {
        "lat" : 29.6520824537,
        "lon" : -82.3360316378
      }
    },
    "activities" : [ {
      "activity" : "walking",
      "group" : "walking",
      "manual" : false,
      "startTime" : "20150206T211413-0500",
      "endTime" : "20150206T211443-0500",
      "duration" : 30.0,
      "distance" : 35.0,
      "steps" : 70,
      "trackPoints" : [ ]
    } ],
    "lastUpdate" : "20150207T041052Z"
  }, {
    "type" : "move",
    "startTime" : "20150206T211805-0500",
    "endTime" : "20150206T213720-0500",
    "activities" : [ {
      "activity" : "walking",
      "group" : "walking",
      "manual" : false,
      "startTime" : "20150206T211805-0500",
      "endTime" : "20150206T213719-0500",
      "duration" : 1154.0,
      "distance" : 1414.0,
      "steps" : 1920,
      "trackPoints" : [ {
        "lat" : 29.6520824537,
        "lon" : -82.3360316378,
        "time" : "20150206T211805-0500"
      }, {
        "lat" : 29.6521241471,
        "lon" : -82.336139273,
        "time" : "20150206T211826-0500"
      }, {
        "lat" : 29.6521123252,
        "lon" : -82.3361451034,
        "time" : "20150206T211846-0500"
      }, {
        "lat" : 29.6521232873,
        "lon" : -82.3361441439,
        "time" : "20150206T211908-0500"
      }, {
        "lat" : 29.6521353209,
        "lon" : -82.3361383963,
        "time" : "20150206T211928-0500"
      }, {
        "lat" : 29.6521505117,
        "lon" : -82.3361321108,
        "time" : "20150206T211948-0500"
      }, {
        "lat" : 29.6521699289,
        "lon" : -82.3361275456,
        "time" : "20150206T212009-0500"
      }, {
        "lat" : 29.6521667556,
        "lon" : -82.3361230951,
        "time" : "20150206T212031-0500"
      }, {
        "lat" : 29.6530577688,
        "lon" : -82.3361097528,
        "time" : "20150206T212113-0500"
      }, {
        "lat" : 29.6534642285,
        "lon" : -82.3360627838,
        "time" : "20150206T212133-0500"
      }, {
        "lat" : 29.6537249732,
        "lon" : -82.3359990924,
        "time" : "20150206T212153-0500"
      }, {
        "lat" : 29.6538364752,
        "lon" : -82.3359535682,
        "time" : "20150206T212213-0500"
      }, {
        "lat" : 29.6538774784,
        "lon" : -82.3359229159,
        "time" : "20150206T212234-0500"
      }, {
        "lat" : 29.6538845922,
        "lon" : -82.3358256215,
        "time" : "20150206T212305-0500"
      }, {
        "lat" : 29.6538723965,
        "lon" : -82.3352672901,
        "time" : "20150206T212325-0500"
      }, {
        "lat" : 29.6538200199,
        "lon" : -82.3345055714,
        "time" : "20150206T212356-0500"
      }, {
        "lat" : 29.6538114101,
        "lon" : -82.3338294944,
        "time" : "20150206T212438-0500"
      }, {
        "lat" : 29.6537974915,
        "lon" : -82.333571552,
        "time" : "20150206T212458-0500"
      }, {
        "lat" : 29.6537830501,
        "lon" : -82.3333937945,
        "time" : "20150206T212519-0500"
      }, {
        "lat" : 29.6537757994,
        "lon" : -82.3332822047,
        "time" : "20150206T212539-0500"
      }, {
        "lat" : 29.6537695981,
        "lon" : -82.3331804442,
        "time" : "20150206T212559-0500"
      }, {
        "lat" : 29.6537575334,
        "lon" : -82.3330579235,
        "time" : "20150206T212625-0500"
      }, {
        "lat" : 29.6537567504,
        "lon" : -82.3329602684,
        "time" : "20150206T212646-0500"
      }, {
        "lat" : 29.6537672779,
        "lon" : -82.3322492574,
        "time" : "20150206T212717-0500"
      }, {
        "lat" : 29.6537886971,
        "lon" : -82.3316592204,
        "time" : "20150206T212748-0500"
      }, {
        "lat" : 29.6538354906,
        "lon" : -82.3313616719,
        "time" : "20150206T212810-0500"
      }, {
        "lat" : 29.6540346095,
        "lon" : -82.3307829899,
        "time" : "20150206T212841-0500"
      }, {
        "lat" : 29.6541116229,
        "lon" : -82.3304541318,
        "time" : "20150206T212902-0500"
      }, {
        "lat" : 29.6539489197,
        "lon" : -82.3295632118,
        "time" : "20150206T212943-0500"
      }, {
        "lat" : 29.6539547991,
        "lon" : -82.3287543698,
        "time" : "20150206T213028-0500"
      }, {
        "lat" : 29.6539615217,
        "lon" : -82.3284573931,
        "time" : "20150206T213049-0500"
      }, {
        "lat" : 29.6539564207,
        "lon" : -82.3282700295,
        "time" : "20150206T213111-0500"
      }, {
        "lat" : 29.6539496531,
        "lon" : -82.3281725917,
        "time" : "20150206T213132-0500"
      }, {
        "lat" : 29.6539542608,
        "lon" : -82.3281100508,
        "time" : "20150206T213153-0500"
      }, {
        "lat" : 29.6539537597,
        "lon" : -82.3280608139,
        "time" : "20150206T213214-0500"
      }, {
        "lat" : 29.6539591204,
        "lon" : -82.3280091998,
        "time" : "20150206T213235-0500"
      }, {
        "lat" : 29.6539660102,
        "lon" : -82.3279309656,
        "time" : "20150206T213307-0500"
      }, {
        "lat" : 29.6539677069,
        "lon" : -82.3278093575,
        "time" : "20150206T213338-0500"
      }, {
        "lat" : 29.6539736294,
        "lon" : -82.3270953004,
        "time" : "20150206T213358-0500"
      }, {
        "lat" : 29.6539724405,
        "lon" : -82.3266462831,
        "time" : "20150206T213415-0500"
      }, {
        "lat" : 29.653918437,
        "lon" : -82.3263062823,
        "time" : "20150206T213449-0500"
      }, {
        "lat" : 29.6538836351,
        "lon" : -82.3261829563,
        "time" : "20150206T213510-0500"
      }, {
        "lat" : 29.6538301249,
        "lon" : -82.3260810089,
        "time" : "20150206T213532-0500"
      }, {
        "lat" : 29.6537178506,
        "lon" : -82.3259361612,
        "time" : "20150206T213554-0500"
      }, {
        "lat" : 29.6532699732,
        "lon" : -82.3255018717,
        "time" : "20150206T213638-0500"
      }, {
        "lat" : 29.6530784474,
        "lon" : -82.3254015752,
        "time" : "20150206T213659-0500"
      }, {
        "lat" : 29.6528712451,
        "lon" : -82.3254689281,
        "time" : "20150206T213720-0500"
      } ]
    } ],
    "lastUpdate" : "20150207T041052Z"
  }, {
    "type" : "place",
    "startTime" : "20150206T213720-0500",
    "endTime" : "20150206T230326-0500",
    "place" : {
      "id" : 194113204,
      "type" : "unknown",
      "location" : {
        "lat" : 29.6528712451,
        "lon" : -82.3254689281
      }
    },
    "activities" : [ {
      "activity" : "walking",
      "group" : "walking",
      "manual" : false,
      "startTime" : "20150206T214739-0500",
      "endTime" : "20150206T214839-0500",
      "duration" : 60.0,
      "distance" : 36.0,
      "steps" : 71,
      "trackPoints" : [ ]
    } ],
    "lastUpdate" : "20150207T060001Z"
  }, {
    "type" : "move",
    "startTime" : "20150206T230326-0500",
    "endTime" : "20150206T231124-0500",
    "activities" : [ {
      "activity" : "walking",
      "group" : "walking",
      "manual" : false,
      "startTime" : "20150206T230326-0500",
      "endTime" : "20150206T231124-0500",
      "duration" : 478.0,
      "distance" : 449.0,
      "steps" : 818,
      "trackPoints" : [ {
        "lat" : 29.6528712451,
        "lon" : -82.3254689281,
        "time" : "20150206T230326-0500"
      }, {
        "lat" : 29.6529552322,
        "lon" : -82.3254983449,
        "time" : "20150206T230347-0500"
      }, {
        "lat" : 29.6529718286,
        "lon" : -82.3255063723,
        "time" : "20150206T230408-0500"
      }, {
        "lat" : 29.6529891497,
        "lon" : -82.3255169435,
        "time" : "20150206T230430-0500"
      }, {
        "lat" : 29.6530073278,
        "lon" : -82.3255300189,
        "time" : "20150206T230451-0500"
      }, {
        "lat" : 29.6530314392,
        "lon" : -82.3255482433,
        "time" : "20150206T230512-0500"
      }, {
        "lat" : 29.6530680077,
        "lon" : -82.3255823096,
        "time" : "20150206T230534-0500"
      }, {
        "lat" : 29.6533913013,
        "lon" : -82.3259716124,
        "time" : "20150206T230556-0500"
      }, {
        "lat" : 29.6536549195,
        "lon" : -82.3262541056,
        "time" : "20150206T230617-0500"
      }, {
        "lat" : 29.6538582655,
        "lon" : -82.3263990963,
        "time" : "20150206T230640-0500"
      }, {
        "lat" : 29.6540296391,
        "lon" : -82.3264788199,
        "time" : "20150206T230702-0500"
      }, {
        "lat" : 29.6542119223,
        "lon" : -82.3265254996,
        "time" : "20150206T230723-0500"
      }, {
        "lat" : 29.6544359632,
        "lon" : -82.326544177,
        "time" : "20150206T230741-0500"
      }, {
        "lat" : 29.6546830169,
        "lon" : -82.3265330292,
        "time" : "20150206T230758-0500"
      }, {
        "lat" : 29.6548614895,
        "lon" : -82.3265741186,
        "time" : "20150206T230823-0500"
      }, {
        "lat" : 29.6550217395,
        "lon" : -82.3265977963,
        "time" : "20150206T230844-0500"
      }, {
        "lat" : 29.6552545335,
        "lon" : -82.3265915576,
        "time" : "20150206T230905-0500"
      }, {
        "lat" : 29.6554489955,
        "lon" : -82.3265824329,
        "time" : "20150206T230927-0500"
      }, {
        "lat" : 29.6555361348,
        "lon" : -82.3265807766,
        "time" : "20150206T230947-0500"
      }, {
        "lat" : 29.6556031172,
        "lon" : -82.3265873861,
        "time" : "20150206T231009-0500"
      }, {
        "lat" : 29.6557263364,
        "lon" : -82.3266072987,
        "time" : "20150206T231031-0500"
      }, {
        "lat" : 29.6561722645,
        "lon" : -82.326693302,
        "time" : "20150206T231106-0500"
      }, {
        "lat" : 29.6564969542,
        "lon" : -82.3267639009,
        "time" : "20150206T231124-0500"
      } ]
    } ],
    "lastUpdate" : "20150207T060001Z"
  }, {
    "type" : "place",
    "startTime" : "20150206T231124-0500",
    "endTime" : "20150207T083918-0500",
    "place" : {
      "id" : 193512500,
      "name" : "Home",
      "type" : "home",
      "location" : {
        "lat" : 29.6564969542,
        "lon" : -82.3267639009
      }
    },
    "activities" : [ {
      "activity" : "walking",
      "group" : "walking",
      "manual" : false,
      "startTime" : "20150206T231124-0500",
      "endTime" : "20150206T231226-0500",
      "duration" : 62.0,
      "distance" : 31.0,
      "steps" : 63,
      "trackPoints" : [ ]
    } ],
    "lastUpdate" : "20150207T170937Z"
  } ],
  "lastUpdate" : "20150207T170937Z"
} ]