[ {
  "date" : "20150205",
  "summary" : [ {
    "activity" : "running",
    "group" : "running",
    "duration" : 295.0,
    "distance" : 681.0,
    "steps" : 537
  }, {
    "activity" : "walking",
    "group" : "walking",
    "duration" : 2131.0,
    "distance" : 1948.0,
    "steps" : 2746
  }, {
    "activity" : "cycling",
    "group" : "cycling",
    "duration" : 2003.0,
    "distance" : 10902.0
  }, {
    "activity" : "transport",
    "group" : "transport",
    "duration" : 548.0,
    "distance" : 1373.0
  } ],
  "segments" : [ {
    "type" : "place",
    "startTime" : "20150204T115903-0500",
    "endTime" : "20150205T071149-0500",
    "place" : {
      "id" : 193512500,
      "name" : "Home",
      "type" : "home",
      "location" : {
        "lat" : 29.6564969542,
        "lon" : -82.3267639009
      }
    },
    "lastUpdate" : "20150205T130306Z"
  }, {
    "type" : "move",
    "startTime" : "20150205T071149-0500",
    "endTime" : "20150205T071644-0500",
    "activities" : [ {
      "activity" : "running",
      "group" : "running",
      "manual" : false,
      "startTime" : "20150205T071149-0500",
      "endTime" : "20150205T071644-0500",
      "duration" : 295.0,
      "distance" : 681.0,
      "steps" : 537,
      "trackPoints" : [ {
        "lat" : 29.6564969542,
        "lon" : -82.3267639009,
        "time" : "20150205T071149-0500"
      }, {
        "lat" : 29.6565484826,
        "lon" : -82.3266980604,
        "time" : "20150205T071208-0500"
      }, {
        "lat" : 29.6574612109,
        "lon" : -82.3266397753,
        "time" : "20150205T071240-0500"
      }, {
        "lat" : 29.6574461497,
        "lon" : -82.3277265138,
        "time" : "20150205T071340-0500"
      }, {
        "lat" : 29.6571715205,
        "lon" : -82.3278959924,
        "time" : "20150205T071400-0500"
      }, {
        "lat" : 29.6569869246,
        "lon" : -82.3279137664,
        "time" : "20150205T071422-0500"
      }, {
        "lat" : 29.6561028111,
        "lon" : -82.3278993036,
        "time" : "20150205T071443-0500"
      }, {
        "lat" : 29.655540102,
        "lon" : -82.3277389163,
        "time" : "20150205T071502-0500"
      }, {
        "lat" : 29.655941693,
        "lon" : -82.3268005344,
        "time" : "20150205T071543-0500"
      }, {
        "lat" : 29.6564969542,
        "lon" : -82.3267639009,
        "time" : "20150205T071644-0500"
      } ]
    } ],
    "lastUpdate" : "20150205T130306Z"
  }, {
    "type" : "place",
    "startTime" : "20150205T071644-0500",
    "endTime" : "20150205T121553-0500",
    "place" : {
      "id" : 193512500,
      "name" : "Home",
      "type" : "home",
      "location" : {
        "lat" : 29.6564969542,
        "lon" : -82.3267639009
      }
    },
    "activities" : [ {
      "activity" : "walking",
      "group" : "walking",
      "manual" : false,
      "startTime" : "20150205T072946-0500",
      "endTime" : "20150205T073346-0500",
      "duration" : 240.0,
      "distance" : 180.0,
      "steps" : 193,
      "trackPoints" : [ ]
    }, {
      "activity" : "walking",
      "group" : "walking",
      "manual" : false,
      "startTime" : "20150205T080252-0500",
      "endTime" : "20150205T080352-0500",
      "duration" : 60.0,
      "distance" : 30.0,
      "steps" : 51,
      "trackPoints" : [ ]
    } ],
    "lastUpdate" : "20150205T184227Z"
  }, {
    "type" : "move",
    "startTime" : "20150205T121553-0500",
    "endTime" : "20150205T122640-0500",
    "activities" : [ {
      "activity" : "cycling",
      "group" : "cycling",
      "manual" : false,
      "startTime" : "20150205T121553-0500",
      "endTime" : "20150205T122640-0500",
      "duration" : 647.0,
      "distance" : 4018.0,
      "trackPoints" : [ {
        "lat" : 29.6564969542,
        "lon" : -82.3267639009,
        "time" : "20150205T121553-0500"
      }, {
        "lat" : 29.6553386336,
        "lon" : -82.3276453211,
        "time" : "20150205T121634-0500"
      }, {
        "lat" : 29.65415895,
        "lon" : -82.3279273677,
        "time" : "20150205T121656-0500"
      }, {
        "lat" : 29.6523215496,
        "lon" : -82.3283027971,
        "time" : "20150205T121736-0500"
      }, {
        "lat" : 29.6510026128,
        "lon" : -82.3285637145,
        "time" : "20150205T121810-0500"
      }, {
        "lat" : 29.6506009265,
        "lon" : -82.3293281883,
        "time" : "20150205T121832-0500"
      }, {
        "lat" : 29.6502279038,
        "lon" : -82.3309956544,
        "time" : "20150205T121852-0500"
      }, {
        "lat" : 29.6500959595,
        "lon" : -82.3336255264,
        "time" : "20150205T121917-0500"
      }, {
        "lat" : 29.6501276708,
        "lon" : -82.3351799633,
        "time" : "20150205T121945-0500"
      }, {
        "lat" : 29.6501395143,
        "lon" : -82.3368837644,
        "time" : "20150205T122005-0500"
      }, {
        "lat" : 29.6501708493,
        "lon" : -82.338115153,
        "time" : "20150205T122026-0500"
      }, {
        "lat" : 29.6502197961,
        "lon" : -82.3385122559,
        "time" : "20150205T122045-0500"
      }, {
        "lat" : 29.6502180387,
        "lon" : -82.3387129773,
        "time" : "20150205T122106-0500"
      }, {
        "lat" : 29.6502142948,
        "lon" : -82.3387618464,
        "time" : "20150205T122125-0500"
      }, {
        "lat" : 29.6502125742,
        "lon" : -82.3387969351,
        "time" : "20150205T122147-0500"
      }, {
        "lat" : 29.6501955519,
        "lon" : -82.3388819442,
        "time" : "20150205T122203-0500"
      }, {
        "lat" : 29.6498410739,
        "lon" : -82.3402419562,
        "time" : "20150205T122224-0500"
      }, {
        "lat" : 29.6493963114,
        "lon" : -82.3427795688,
        "time" : "20150205T122254-0500"
      }, {
        "lat" : 29.6489122119,
        "lon" : -82.343204941,
        "time" : "20150205T122315-0500"
      }, {
        "lat" : 29.646605189,
        "lon" : -82.3439854566,
        "time" : "20150205T122346-0500"
      }, {
        "lat" : 29.6451073623,
        "lon" : -82.3451118173,
        "time" : "20150205T122416-0500"
      }, {
        "lat" : 29.6448576208,
        "lon" : -82.3453031585,
        "time" : "20150205T122432-0500"
      }, {
        "lat" : 29.6448956604,
        "lon" : -82.3464689413,
        "time" : "20150205T122448-0500"
      }, {
        "lat" : 29.6441878846,
        "lon" : -82.3469577706,
        "time" : "20150205T122505-0500"
      }, {
        "lat" : 29.6427407181,
        "lon" : -82.3468586828,
        "time" : "20150205T122520-0500"
      }, {
        "lat" : 29.6407088933,
        "lon" : -82.3462867296,
        "time" : "20150205T122543-0500"
      }, {
        "lat" : 29.6396811451,
        "lon" : -82.3467281183,
        "time" : "20150205T122605-0500"
      }, {
        "lat" : 29.6396334804,
        "lon" : -82.3479197178,
        "time" : "20150205T122621-0500"
      }, {
        "lat" : 29.6401239601,
        "lon" : -82.3500331577,
        "time" : "20150205T122640-0500"
      } ]
    } ],
    "lastUpdate" : "20150205T184227Z"
  }, {
    "type" : "place",
    "startTime" : "20150205T122640-0500",
    "endTime" : "20150205T125747-0500",
    "place" : {
      "id" : 191770626,
      "type" : "unknown",
      "location" : {
        "lat" : 29.6401239601,
        "lon" : -82.3500331577
      }
    },
    "activities" : [ {
      "activity" : "walking",
      "group" : "walking",
      "manual" : false,
      "startTime" : "20150205T122740-0500",
      "endTime" : "20150205T123128-0500",
      "duration" : 228.0,
      "distance" : 296.0,
      "steps" : 395,
      "trackPoints" : [ ]
    } ],
    "lastUpdate" : "20150205T184227Z"
  }, {
    "type" : "move",
    "startTime" : "20150205T125747-0500",
    "endTime" : "20150205T125854-0500",
    "activities" : [ {
      "activity" : "transport",
      "group" : "transport",
      "manual" : false,
      "startTime" : "20150205T125747-0500",
      "endTime" : "20150205T125854-0500",
      "duration" : 67.0,
      "distance" : 423.0,
      "trackPoints" : [ {
        "lat" : 29.6401239601,
        "lon" : -82.3500331577,
        "time" : "20150205T125747-0500"
      }, {
        "lat" : 29.6391569306,
        "lon" : -82.3506135547,
        "time" : "20150205T125807-0500"
      }, {
        "lat" : 29.6379918178,
        "lon" : -82.3507775695,
        "time" : "20150205T125833-0500"
      }, {
        "lat" : 29.6375018345,
        "lon" : -82.3518371665,
        "time" : "20150205T125854-0500"
      } ]
    } ],
    "lastUpdate" : "20150205T184227Z"
  }, {
    "type" : "place",
    "startTime" : "20150205T125854-0500",
    "endTime" : "20150205T133639-0500",
    "place" : {
      "id" : 192323597,
      "type" : "unknown",
      "location" : {
        "lat" : 29.6375018345,
        "lon" : -82.3518371665
      }
    },
    "activities" : [ {
      "activity" : "walking",
      "group" : "walking",
      "manual" : false,
      "startTime" : "20150205T125924-0500",
      "endTime" : "20150205T130326-0500",
      "duration" : 242.0,
      "distance" : 248.0,
      "steps" : 350,
      "trackPoints" : [ ]
    } ],
    "lastUpdate" : "20150205T203803Z"
  }, {
    "type" : "move",
    "startTime" : "20150205T133639-0500",
    "endTime" : "20150205T134557-0500",
    "activities" : [ {
      "activity" : "cycling",
      "group" : "cycling",
      "manual" : false,
      "startTime" : "20150205T133639-0500",
      "endTime" : "20150205T134132-0500",
      "duration" : 293.0,
      "distance" : 1169.0,
      "trackPoints" : [ {
        "lat" : 29.6375018345,
        "lon" : -82.3518371665,
        "time" : "20150205T133639-0500"
      }, {
        "lat" : 29.6370213373,
        "lon" : -82.3512040554,
        "time" : "20150205T133659-0500"
      }, {
        "lat" : 29.6369009693,
        "lon" : -82.3512000046,
        "time" : "20150205T133719-0500"
      }, {
        "lat" : 29.6371886348,
        "lon" : -82.3510948953,
        "time" : "20150205T133740-0500"
      }, {
        "lat" : 29.6386528146,
        "lon" : -82.3508020472,
        "time" : "20150205T133807-0500"
      }, {
        "lat" : 29.6425859729,
        "lon" : -82.3508009291,
        "time" : "20150205T133922-0500"
      }, {
        "lat" : 29.6430841024,
        "lon" : -82.3507492538,
        "time" : "20150205T133942-0500"
      }, {
        "lat" : 29.6434387139,
        "lon" : -82.3505596131,
        "time" : "20150205T134002-0500"
      }, {
        "lat" : 29.6438521952,
        "lon" : -82.3501190027,
        "time" : "20150205T134022-0500"
      }, {
        "lat" : 29.6440134659,
        "lon" : -82.3496096178,
        "time" : "20150205T134042-0500"
      }, {
        "lat" : 29.6440590461,
        "lon" : -82.349488172,
        "time" : "20150205T134102-0500"
      }, {
        "lat" : 29.6443195462,
        "lon" : -82.3489589839,
        "time" : "20150205T134132-0500"
      } ]
    }, {
      "activity" : "walking",
      "group" : "walking",
      "manual" : false,
      "startTime" : "20150205T134132-0500",
      "endTime" : "20150205T134556-0500",
      "duration" : 264.0,
      "distance" : 282.0,
      "steps" : 235,
      "trackPoints" : [ {
        "lat" : 29.6443195462,
        "lon" : -82.3489589839,
        "time" : "20150205T134132-0500"
      }, {
        "lat" : 29.6445439287,
        "lon" : -82.3485031661,
        "time" : "20150205T134251-0500"
      }, {
        "lat" : 29.6445351798,
        "lon" : -82.3484791724,
        "time" : "20150205T134312-0500"
      }, {
        "lat" : 29.6445480664,
        "lon" : -82.3484672503,
        "time" : "20150205T134334-0500"
      }, {
        "lat" : 29.6452705148,
        "lon" : -82.3480849439,
        "time" : "20150205T134456-0500"
      }, {
        "lat" : 29.6457683235,
        "lon" : -82.3477549627,
        "time" : "20150205T134537-0500"
      }, {
        "lat" : 29.6461307746,
        "lon" : -82.3475759428,
        "time" : "20150205T134557-0500"
      } ]
    } ],
    "lastUpdate" : "20150205T203803Z"
  }, {
    "type" : "place",
    "startTime" : "20150205T134557-0500",
    "endTime" : "20150205T145812-0500",
    "place" : {
      "id" : 193807976,
      "type" : "unknown",
      "location" : {
        "lat" : 29.6461307746,
        "lon" : -82.3475759428
      }
    },
    "activities" : [ {
      "activity" : "walking",
      "group" : "walking",
      "manual" : false,
      "startTime" : "20150205T135404-0500",
      "endTime" : "20150205T135434-0500",
      "duration" : 30.0,
      "distance" : 25.0,
      "steps" : 50,
      "trackPoints" : [ ]
    } ],
    "lastUpdate" : "20150205T234003Z"
  }, {
    "type" : "move",
    "startTime" : "20150205T145812-0500",
    "endTime" : "20150205T150700-0500",
    "activities" : [ {
      "activity" : "walking",
      "group" : "walking",
      "manual" : false,
      "startTime" : "20150205T145812-0500",
      "endTime" : "20150205T150113-0500",
      "duration" : 181.0,
      "distance" : 156.0,
      "steps" : 256,
      "trackPoints" : [ {
        "lat" : 29.6461307746,
        "lon" : -82.3475759428,
        "time" : "20150205T145812-0500"
      }, {
        "lat" : 29.6460414968,
        "lon" : -82.3475737311,
        "time" : "20150205T145832-0500"
      }, {
        "lat" : 29.6459942662,
        "lon" : -82.3475897557,
        "time" : "20150205T145852-0500"
      }, {
        "lat" : 29.6459628959,
        "lon" : -82.3476036221,
        "time" : "20150205T145908-0500"
      }, {
        "lat" : 29.6456356398,
        "lon" : -82.3479367259,
        "time" : "20150205T145959-0500"
      }, {
        "lat" : 29.6456355757,
        "lon" : -82.3479367912,
        "time" : "20150205T150000-0500"
      }, {
        "lat" : 29.6451643453,
        "lon" : -82.3484164421,
        "time" : "20150205T150113-0500"
      } ]
    }, {
      "activity" : "cycling",
      "group" : "cycling",
      "manual" : false,
      "startTime" : "20150205T150414-0500",
      "endTime" : "20150205T150700-0500",
      "duration" : 166.0,
      "distance" : 983.0,
      "trackPoints" : [ {
        "lat" : 29.643985009,
        "lon" : -82.3496713547,
        "time" : "20150205T150414-0500"
      }, {
        "lat" : 29.6441825025,
        "lon" : -82.3496007007,
        "time" : "20150205T150433-0500"
      }, {
        "lat" : 29.6438698892,
        "lon" : -82.3502049014,
        "time" : "20150205T150504-0500"
      }, {
        "lat" : 29.6437255518,
        "lon" : -82.3503103961,
        "time" : "20150205T150524-0500"
      }, {
        "lat" : 29.6386626594,
        "lon" : -82.3513322271,
        "time" : "20150205T150612-0500"
      }, {
        "lat" : 29.6379069621,
        "lon" : -82.3510784888,
        "time" : "20150205T150629-0500"
      }, {
        "lat" : 29.6375018345,
        "lon" : -82.3518371665,
        "time" : "20150205T150700-0500"
      } ]
    } ],
    "lastUpdate" : "20150205T234003Z"
  }, {
    "type" : "place",
    "startTime" : "20150205T150700-0500",
    "endTime" : "20150205T155312-0500",
    "place" : {
      "id" : 192323597,
      "type" : "unknown",
      "location" : {
        "lat" : 29.6375018345,
        "lon" : -82.3518371665
      }
    },
    "activities" : [ {
      "activity" : "walking",
      "group" : "walking",
      "manual" : false,
      "startTime" : "20150205T150713-0500",
      "endTime" : "20150205T150913-0500",
      "duration" : 120.0,
      "distance" : 145.0,
      "steps" : 193,
      "trackPoints" : [ ]
    } ],
    "lastUpdate" : "20150205T234003Z"
  }, {
    "type" : "move",
    "startTime" : "20150205T155312-0500",
    "endTime" : "20150205T160321-0500",
    "activities" : [ {
      "activity" : "walking",
      "group" : "walking",
      "manual" : false,
      "startTime" : "20150205T155312-0500",
      "endTime" : "20150205T155540-0500",
      "duration" : 148.0,
      "distance" : 100.0,
      "steps" : 200,
      "trackPoints" : [ {
        "lat" : 29.6375018345,
        "lon" : -82.3518371665,
        "time" : "20150205T155312-0500"
      }, {
        "lat" : 29.6374712747,
        "lon" : -82.3517915607,
        "time" : "20150205T155343-0500"
      }, {
        "lat" : 29.6374677465,
        "lon" : -82.3517830665,
        "time" : "20150205T155404-0500"
      }, {
        "lat" : 29.6374597821,
        "lon" : -82.3517658988,
        "time" : "20150205T155425-0500"
      }, {
        "lat" : 29.6374465281,
        "lon" : -82.3517377592,
        "time" : "20150205T155446-0500"
      }, {
        "lat" : 29.6374274071,
        "lon" : -82.3516979782,
        "time" : "20150205T155505-0500"
      }, {
        "lat" : 29.637357919,
        "lon" : -82.3516007358,
        "time" : "20150205T155540-0500"
      } ]
    }, {
      "activity" : "transport",
      "group" : "transport",
      "manual" : false,
      "startTime" : "20150205T155540-0500",
      "endTime" : "20150205T160108-0500",
      "duration" : 328.0,
      "distance" : 454.0,
      "trackPoints" : [ {
        "lat" : 29.637357919,
        "lon" : -82.3516007358,
        "time" : "20150205T155540-0500"
      }, {
        "lat" : 29.6373435578,
        "lon" : -82.3515289603,
        "time" : "20150205T155559-0500"
      }, {
        "lat" : 29.6373337814,
        "lon" : -82.3514832646,
        "time" : "20150205T155615-0500"
      }, {
        "lat" : 29.6373222459,
        "lon" : -82.3514234586,
        "time" : "20150205T155637-0500"
      }, {
        "lat" : 29.6373122186,
        "lon" : -82.3513618729,
        "time" : "20150205T155700-0500"
      }, {
        "lat" : 29.6378544343,
        "lon" : -82.3508648272,
        "time" : "20150205T155731-0500"
      }, {
        "lat" : 29.638373452,
        "lon" : -82.3506156775,
        "time" : "20150205T155752-0500"
      }, {
        "lat" : 29.6393258528,
        "lon" : -82.3503091245,
        "time" : "20150205T155812-0500"
      }, {
        "lat" : 29.6394779772,
        "lon" : -82.3500480631,
        "time" : "20150205T155833-0500"
      }, {
        "lat" : 29.6395896857,
        "lon" : -82.3498207699,
        "time" : "20150205T155853-0500"
      }, {
        "lat" : 29.6396999913,
        "lon" : -82.3496615384,
        "time" : "20150205T155915-0500"
      }, {
        "lat" : 29.6399382271,
        "lon" : -82.3495370099,
        "time" : "20150205T155936-0500"
      }, {
        "lat" : 29.6398550476,
        "lon" : -82.3494037194,
        "time" : "20150205T155959-0500"
      }, {
        "lat" : 29.6398550126,
        "lon" : -82.3494036634,
        "time" : "20150205T160000-0500"
      }, {
        "lat" : 29.6398292636,
        "lon" : -82.3493624021,
        "time" : "20150205T160007-0500"
      }, {
        "lat" : 29.6397676857,
        "lon" : -82.3494403009,
        "time" : "20150205T160025-0500"
      }, {
        "lat" : 29.63975468,
        "lon" : -82.3494453956,
        "time" : "20150205T160045-0500"
      }, {
        "lat" : 29.6397433784,
        "lon" : -82.3494440545,
        "time" : "20150205T160108-0500"
      } ]
    }, {
      "activity" : "cycling",
      "group" : "cycling",
      "manual" : false,
      "startTime" : "20150205T160108-0500",
      "endTime" : "20150205T160321-0500",
      "duration" : 133.0,
      "distance" : 636.0,
      "trackPoints" : [ {
        "lat" : 29.6397433784,
        "lon" : -82.3494440545,
        "time" : "20150205T160108-0500"
      }, {
        "lat" : 29.6397346089,
        "lon" : -82.3494445072,
        "time" : "20150205T160126-0500"
      }, {
        "lat" : 29.6397252806,
        "lon" : -82.3494443142,
        "time" : "20150205T160147-0500"
      }, {
        "lat" : 29.6411731833,
        "lon" : -82.3450529893,
        "time" : "20150205T160257-0500"
      }, {
        "lat" : 29.6411416968,
        "lon" : -82.3460602061,
        "time" : "20150205T160321-0500"
      } ]
    } ],
    "lastUpdate" : "20150205T234003Z"
  }, {
    "type" : "place",
    "startTime" : "20150205T160321-0500",
    "endTime" : "20150205T180112-0500",
    "place" : {
      "id" : 192327697,
      "type" : "unknown",
      "location" : {
        "lat" : 29.6411416968,
        "lon" : -82.3460602061
      }
    },
    "activities" : [ {
      "activity" : "walking",
      "group" : "walking",
      "manual" : false,
      "startTime" : "20150205T160508-0500",
      "endTime" : "20150205T160746-0500",
      "duration" : 158.0,
      "distance" : 201.0,
      "steps" : 268,
      "trackPoints" : [ ]
    }, {
      "activity" : "walking",
      "group" : "walking",
      "manual" : false,
      "startTime" : "20150205T175749-0500",
      "endTime" : "20150205T175849-0500",
      "duration" : 60.0,
      "distance" : 36.0,
      "steps" : 71,
      "trackPoints" : [ ]
    } ],
    "lastUpdate" : "20150206T011110Z"
  }, {
    "type" : "place",
    "startTime" : "20150205T180112-0500",
    "endTime" : "20150205T200626-0500",
    "place" : {
      "id" : 192487158,
      "type" : "unknown",
      "location" : {
        "lat" : 29.641591782,
        "lon" : -82.3448683504
      }
    },
    "activities" : [ {
      "activity" : "walking",
      "group" : "walking",
      "manual" : false,
      "startTime" : "20150205T180115-0500",
      "endTime" : "20150205T180215-0500",
      "duration" : 60.0,
      "distance" : 46.0,
      "steps" : 91,
      "trackPoints" : [ ]
    }, {
      "activity" : "walking",
      "group" : "walking",
      "manual" : false,
      "startTime" : "20150205T190609-0500",
      "endTime" : "20150205T190711-0500",
      "duration" : 62.0,
      "distance" : 38.0,
      "steps" : 75,
      "trackPoints" : [ ]
    }, {
      "activity" : "walking",
      "group" : "walking",
      "manual" : false,
      "startTime" : "20150205T200000-0500",
      "endTime" : "20150205T200156-0500",
      "duration" : 116.0,
      "distance" : 64.0,
      "steps" : 127,
      "trackPoints" : [ ]
    } ],
    "lastUpdate" : "20150206T041341Z"
  }, {
    "type" : "move",
    "startTime" : "20150205T200626-0500",
    "endTime" : "20150205T201910-0500",
    "activities" : [ {
      "activity" : "cycling",
      "group" : "cycling",
      "manual" : false,
      "startTime" : "20150205T200626-0500",
      "endTime" : "20150205T201910-0500",
      "duration" : 764.0,
      "distance" : 4096.0,
      "trackPoints" : [ {
        "lat" : 29.641591782,
        "lon" : -82.3448683504,
        "time" : "20150205T200626-0500"
      }, {
        "lat" : 29.6411570396,
        "lon" : -82.3443188326,
        "time" : "20150205T200644-0500"
      }, {
        "lat" : 29.6411724858,
        "lon" : -82.3443016484,
        "time" : "20150205T200704-0500"
      }, {
        "lat" : 29.6420931936,
        "lon" : -82.3440946604,
        "time" : "20150205T200736-0500"
      }, {
        "lat" : 29.6422533402,
        "lon" : -82.344081535,
        "time" : "20150205T200757-0500"
      }, {
        "lat" : 29.6438049651,
        "lon" : -82.3439988778,
        "time" : "20150205T200826-0500"
      }, {
        "lat" : 29.644423683,
        "lon" : -82.3440500788,
        "time" : "20150205T200846-0500"
      }, {
        "lat" : 29.6448641489,
        "lon" : -82.3446765004,
        "time" : "20150205T200906-0500"
      }, {
        "lat" : 29.6451896485,
        "lon" : -82.3449801833,
        "time" : "20150205T200927-0500"
      }, {
        "lat" : 29.6476430819,
        "lon" : -82.3438226532,
        "time" : "20150205T200949-0500"
      }, {
        "lat" : 29.6491639825,
        "lon" : -82.3434974948,
        "time" : "20150205T201006-0500"
      }, {
        "lat" : 29.6492833779,
        "lon" : -82.3433938558,
        "time" : "20150205T201024-0500"
      }, {
        "lat" : 29.6493284454,
        "lon" : -82.3433535213,
        "time" : "20150205T201045-0500"
      }, {
        "lat" : 29.6493692257,
        "lon" : -82.3432500278,
        "time" : "20150205T201104-0500"
      }, {
        "lat" : 29.649435605,
        "lon" : -82.3430589617,
        "time" : "20150205T201125-0500"
      }, {
        "lat" : 29.6498306812,
        "lon" : -82.3402717998,
        "time" : "20150205T201152-0500"
      }, {
        "lat" : 29.65006934,
        "lon" : -82.3393886598,
        "time" : "20150205T201215-0500"
      }, {
        "lat" : 29.6501300157,
        "lon" : -82.3390891237,
        "time" : "20150205T201235-0500"
      }, {
        "lat" : 29.6501562979,
        "lon" : -82.3388143028,
        "time" : "20150205T201256-0500"
      }, {
        "lat" : 29.6501676774,
        "lon" : -82.338498704,
        "time" : "20150205T201314-0500"
      }, {
        "lat" : 29.6502246462,
        "lon" : -82.3367938623,
        "time" : "20150205T201334-0500"
      }, {
        "lat" : 29.6502318381,
        "lon" : -82.336186663,
        "time" : "20150205T201354-0500"
      }, {
        "lat" : 29.6502393557,
        "lon" : -82.3332089712,
        "time" : "20150205T201425-0500"
      }, {
        "lat" : 29.6502409886,
        "lon" : -82.3314855828,
        "time" : "20150205T201444-0500"
      }, {
        "lat" : 29.6502479758,
        "lon" : -82.3303637028,
        "time" : "20150205T201505-0500"
      }, {
        "lat" : 29.6503266238,
        "lon" : -82.3286339998,
        "time" : "20150205T201525-0500"
      }, {
        "lat" : 29.6504251347,
        "lon" : -82.3279595186,
        "time" : "20150205T201545-0500"
      }, {
        "lat" : 29.6523260806,
        "lon" : -82.3250776966,
        "time" : "20150205T201616-0500"
      }, {
        "lat" : 29.6534076765,
        "lon" : -82.3247312958,
        "time" : "20150205T201636-0500"
      }, {
        "lat" : 29.653693768,
        "lon" : -82.3241300398,
        "time" : "20150205T201715-0500"
      }, {
        "lat" : 29.6556317551,
        "lon" : -82.3237697114,
        "time" : "20150205T201752-0500"
      }, {
        "lat" : 29.6563269151,
        "lon" : -82.3238884818,
        "time" : "20150205T201815-0500"
      }, {
        "lat" : 29.6584308887,
        "lon" : -82.3231472242,
        "time" : "20150205T201910-0500"
      } ]
    } ],
    "lastUpdate" : "20150206T041341Z"
  }, {
    "type" : "place",
    "startTime" : "20150205T201910-0500",
    "endTime" : "20150205T220544-0500",
    "place" : {
      "id" : 191555477,
      "type" : "unknown",
      "location" : {
        "lat" : 29.6584308887,
        "lon" : -82.3231472242
      }
    },
    "activities" : [ {
      "activity" : "walking",
      "group" : "walking",
      "manual" : false,
      "startTime" : "20150205T201922-0500",
      "endTime" : "20150205T202039-0500",
      "duration" : 77.0,
      "distance" : 39.0,
      "steps" : 66,
      "trackPoints" : [ ]
    }, {
      "activity" : "walking",
      "group" : "walking",
      "manual" : false,
      "startTime" : "20150205T220244-0500",
      "endTime" : "20150205T220314-0500",
      "duration" : 30.0,
      "distance" : 25.0,
      "steps" : 50,
      "trackPoints" : [ ]
    } ],
    "lastUpdate" : "20150206T041341Z"
  }, {
    "type" : "move",
    "startTime" : "20150205T220544-0500",
    "endTime" : "20150205T220817-0500",
    "activities" : [ {
      "activity" : "transport",
      "group" : "transport",
      "manual" : false,
      "startTime" : "20150205T220544-0500",
      "endTime" : "20150205T220817-0500",
      "duration" : 153.0,
      "distance" : 496.0,
      "trackPoints" : [ {
        "lat" : 29.6584308887,
        "lon" : -82.3231472242,
        "time" : "20150205T220544-0500"
      }, {
        "lat" : 29.6584693649,
        "lon" : -82.3231121889,
        "time" : "20150205T220606-0500"
      }, {
        "lat" : 29.658216936,
        "lon" : -82.3241747586,
        "time" : "20150205T220643-0500"
      }, {
        "lat" : 29.658145384,
        "lon" : -82.3244581793,
        "time" : "20150205T220703-0500"
      }, {
        "lat" : 29.658117956,
        "lon" : -82.3246370716,
        "time" : "20150205T220723-0500"
      }, {
        "lat" : 29.6580245604,
        "lon" : -82.3251112071,
        "time" : "20150205T220746-0500"
      }, {
        "lat" : 29.6564969542,
        "lon" : -82.3267639009,
        "time" : "20150205T220817-0500"
      } ]
    } ],
    "lastUpdate" : "20150206T041341Z"
  }, {
    "type" : "place",
    "startTime" : "20150205T220817-0500",
    "endTime" : "20150206T051657-0500",
    "place" : {
      "id" : 193512500,
      "name" : "Home",
      "type" : "home",
      "location" : {
        "lat" : 29.6564969542,
        "lon" : -82.3267639009
      }
    },
    "activities" : [ {
      "activity" : "walking",
      "group" : "walking",
      "manual" : false,
      "startTime" : "20150205T220948-0500",
      "endTime" : "20150205T221043-0500",
      "duration" : 55.0,
      "distance" : 37.0,
      "steps" : 75,
      "trackPoints" : [ ]
    } ],
    "lastUpdate" : "20150206T141341Z"
  } ],
  "lastUpdate" : "20150206T141341Z"
} ]