[ {
  "date" : "20150217",
  "summary" : [ {
    "activity" : "walking",
    "group" : "walking",
    "duration" : 2352.0,
    "distance" : 2292.0,
    "steps" : 3446
  }, {
    "activity" : "cycling",
    "group" : "cycling",
    "duration" : 2056.0,
    "distance" : 8229.0
  } ],
  "segments" : [ {
    "type" : "place",
    "startTime" : "20150216T211718-0500",
    "endTime" : "20150217T091017-0500",
    "place" : {
      "id" : 193512500,
      "name" : "Home",
      "type" : "home",
      "location" : {
        "lat" : 29.6564969542,
        "lon" : -82.3267639009
      }
    },
    "activities" : [ {
      "activity" : "walking",
      "group" : "walking",
      "manual" : false,
      "startTime" : "20150217T001837-0500",
      "endTime" : "20150217T001907-0500",
      "duration" : 30.0,
      "distance" : 20.0,
      "steps" : 41,
      "trackPoints" : [ ]
    }, {
      "activity" : "walking",
      "group" : "walking",
      "manual" : false,
      "startTime" : "20150217T055459-0500",
      "endTime" : "20150217T055529-0500",
      "duration" : 30.0,
      "distance" : 15.0,
      "steps" : 30,
      "trackPoints" : [ ]
    }, {
      "activity" : "walking",
      "group" : "walking",
      "manual" : false,
      "startTime" : "20150217T073245-0500",
      "endTime" : "20150217T073415-0500",
      "duration" : 90.0,
      "distance" : 56.0,
      "steps" : 111,
      "trackPoints" : [ ]
    }, {
      "activity" : "walking",
      "group" : "walking",
      "manual" : false,
      "startTime" : "20150217T090117-0500",
      "endTime" : "20150217T091659-0500",
      "duration" : 942.0,
      "distance" : 1189.0,
      "steps" : 1585,
      "trackPoints" : [ ]
    } ],
    "lastUpdate" : "20150217T163721Z"
  }, {
    "type" : "move",
    "startTime" : "20150217T091017-0500",
    "endTime" : "20150217T092401-0500",
    "activities" : [ {
      "activity" : "cycling",
      "group" : "cycling",
      "manual" : false,
      "startTime" : "20150217T091017-0500",
      "endTime" : "20150217T092402-0500",
      "duration" : 825.0,
      "distance" : 3940.0,
      "trackPoints" : [ {
        "lat" : 29.6564969542,
        "lon" : -82.3267639009,
        "time" : "20150217T091017-0500"
      }, {
        "lat" : 29.6565149942,
        "lon" : -82.3268306708,
        "time" : "20150217T091037-0500"
      }, {
        "lat" : 29.6563541342,
        "lon" : -82.3271319032,
        "time" : "20150217T091055-0500"
      }, {
        "lat" : 29.6558424787,
        "lon" : -82.3275718492,
        "time" : "20150217T091121-0500"
      }, {
        "lat" : 29.6547092689,
        "lon" : -82.3278556643,
        "time" : "20150217T091147-0500"
      }, {
        "lat" : 29.653443349,
        "lon" : -82.3280048268,
        "time" : "20150217T091216-0500"
      }, {
        "lat" : 29.6530357644,
        "lon" : -82.3280946716,
        "time" : "20150217T091236-0500"
      }, {
        "lat" : 29.6521244705,
        "lon" : -82.3283619887,
        "time" : "20150217T091307-0500"
      }, {
        "lat" : 29.6517512941,
        "lon" : -82.3286690835,
        "time" : "20150217T091326-0500"
      }, {
        "lat" : 29.6504399326,
        "lon" : -82.3299643512,
        "time" : "20150217T091350-0500"
      }, {
        "lat" : 29.6501219603,
        "lon" : -82.3307543554,
        "time" : "20150217T091420-0500"
      }, {
        "lat" : 29.6501372819,
        "lon" : -82.3312265686,
        "time" : "20150217T091437-0500"
      }, {
        "lat" : 29.6502690067,
        "lon" : -82.333192325,
        "time" : "20150217T091457-0500"
      }, {
        "lat" : 29.6502223608,
        "lon" : -82.3359068234,
        "time" : "20150217T091532-0500"
      }, {
        "lat" : 29.6502265909,
        "lon" : -82.3364745193,
        "time" : "20150217T091547-0500"
      }, {
        "lat" : 29.6502767845,
        "lon" : -82.3386609211,
        "time" : "20150217T091632-0500"
      }, {
        "lat" : 29.6502250942,
        "lon" : -82.3390229555,
        "time" : "20150217T091652-0500"
      }, {
        "lat" : 29.6499592145,
        "lon" : -82.3401734334,
        "time" : "20150217T091711-0500"
      }, {
        "lat" : 29.6496427918,
        "lon" : -82.3406863341,
        "time" : "20150217T091726-0500"
      }, {
        "lat" : 29.6454511737,
        "lon" : -82.3436751412,
        "time" : "20150217T091901-0500"
      }, {
        "lat" : 29.6449872016,
        "lon" : -82.3444071165,
        "time" : "20150217T091921-0500"
      }, {
        "lat" : 29.6448978179,
        "lon" : -82.3455231651,
        "time" : "20150217T091942-0500"
      }, {
        "lat" : 29.6436198217,
        "lon" : -82.3471041908,
        "time" : "20150217T092103-0500"
      }, {
        "lat" : 29.6425361913,
        "lon" : -82.3472768204,
        "time" : "20150217T092121-0500"
      }, {
        "lat" : 29.6407376489,
        "lon" : -82.3468237873,
        "time" : "20150217T092143-0500"
      }, {
        "lat" : 29.6401239601,
        "lon" : -82.3500331577,
        "time" : "20150217T092401-0500"
      } ]
    } ],
    "lastUpdate" : "20150217T163721Z"
  }, {
    "type" : "place",
    "startTime" : "20150217T092402-0500",
    "endTime" : "20150217T114646-0500",
    "place" : {
      "id" : 191770626,
      "type" : "unknown",
      "location" : {
        "lat" : 29.6401239601,
        "lon" : -82.3500331577
      }
    },
    "activities" : [ {
      "activity" : "walking",
      "group" : "walking",
      "manual" : false,
      "startTime" : "20150217T092421-0500",
      "endTime" : "20150217T092621-0500",
      "duration" : 120.0,
      "distance" : 116.0,
      "steps" : 232,
      "trackPoints" : [ ]
    }, {
      "activity" : "walking",
      "group" : "walking",
      "manual" : false,
      "startTime" : "20150217T113754-0500",
      "endTime" : "20150217T113924-0500",
      "duration" : 90.0,
      "distance" : 66.0,
      "steps" : 132,
      "trackPoints" : [ ]
    } ],
    "lastUpdate" : "20150217T193933Z"
  }, {
    "type" : "move",
    "startTime" : "20150217T114646-0500",
    "endTime" : "20150217T120716-0500",
    "activities" : [ {
      "activity" : "cycling",
      "group" : "cycling",
      "manual" : false,
      "startTime" : "20150217T114646-0500",
      "endTime" : "20150217T120717-0500",
      "duration" : 1231.0,
      "distance" : 4289.0,
      "trackPoints" : [ {
        "lat" : 29.6401239601,
        "lon" : -82.3500331577,
        "time" : "20150217T114646-0500"
      }, {
        "lat" : 29.6399349315,
        "lon" : -82.3491782042,
        "time" : "20150217T114707-0500"
      }, {
        "lat" : 29.6399343213,
        "lon" : -82.3491544443,
        "time" : "20150217T114728-0500"
      }, {
        "lat" : 29.6401373371,
        "lon" : -82.3469064557,
        "time" : "20150217T114758-0500"
      }, {
        "lat" : 29.6406237708,
        "lon" : -82.3469282294,
        "time" : "20150217T114818-0500"
      }, {
        "lat" : 29.6428459076,
        "lon" : -82.3469550174,
        "time" : "20150217T114847-0500"
      }, {
        "lat" : 29.6433377567,
        "lon" : -82.3469980128,
        "time" : "20150217T114904-0500"
      }, {
        "lat" : 29.6432244887,
        "lon" : -82.3470826546,
        "time" : "20150217T114928-0500"
      }, {
        "lat" : 29.6431790604,
        "lon" : -82.3470016959,
        "time" : "20150217T114958-0500"
      }, {
        "lat" : 29.6433508018,
        "lon" : -82.346592202,
        "time" : "20150217T115025-0500"
      }, {
        "lat" : 29.6445093742,
        "lon" : -82.3442612152,
        "time" : "20150217T115109-0500"
      }, {
        "lat" : 29.6447400219,
        "lon" : -82.3440553211,
        "time" : "20150217T115131-0500"
      }, {
        "lat" : 29.6453148107,
        "lon" : -82.3444672826,
        "time" : "20150217T115147-0500"
      }, {
        "lat" : 29.6464656789,
        "lon" : -82.343944041,
        "time" : "20150217T115218-0500"
      }, {
        "lat" : 29.6469537793,
        "lon" : -82.3438014789,
        "time" : "20150217T115252-0500"
      }, {
        "lat" : 29.6491944576,
        "lon" : -82.3433092639,
        "time" : "20150217T115333-0500"
      }, {
        "lat" : 29.6494244499,
        "lon" : -82.343032322,
        "time" : "20150217T115353-0500"
      }, {
        "lat" : 29.6498684496,
        "lon" : -82.3407468111,
        "time" : "20150217T115423-0500"
      }, {
        "lat" : 29.6500388962,
        "lon" : -82.3400969306,
        "time" : "20150217T115443-0500"
      }, {
        "lat" : 29.6502799622,
        "lon" : -82.3396665278,
        "time" : "20150217T115503-0500"
      }, {
        "lat" : 29.650194398,
        "lon" : -82.3395133289,
        "time" : "20150217T115532-0500"
      }, {
        "lat" : 29.6502754935,
        "lon" : -82.339257417,
        "time" : "20150217T115552-0500"
      }, {
        "lat" : 29.6502754935,
        "lon" : -82.339257417,
        "time" : "20150217T115612-0500"
      }, {
        "lat" : 29.6502754935,
        "lon" : -82.339257417,
        "time" : "20150217T115632-0500"
      }, {
        "lat" : 29.6502762044,
        "lon" : -82.3390939035,
        "time" : "20150217T115653-0500"
      }, {
        "lat" : 29.6502732978,
        "lon" : -82.3388960006,
        "time" : "20150217T115713-0500"
      }, {
        "lat" : 29.6502385633,
        "lon" : -82.3373453849,
        "time" : "20150217T115730-0500"
      }, {
        "lat" : 29.6502470123,
        "lon" : -82.3348611821,
        "time" : "20150217T115803-0500"
      }, {
        "lat" : 29.6502685138,
        "lon" : -82.3325972141,
        "time" : "20150217T115834-0500"
      }, {
        "lat" : 29.6501604843,
        "lon" : -82.3306972568,
        "time" : "20150217T115900-0500"
      }, {
        "lat" : 29.6501739104,
        "lon" : -82.3302290399,
        "time" : "20150217T115919-0500"
      }, {
        "lat" : 29.6503786468,
        "lon" : -82.3280570308,
        "time" : "20150217T115948-0500"
      }, {
        "lat" : 29.6506987201,
        "lon" : -82.3275486459,
        "time" : "20150217T115959-0500"
      }, {
        "lat" : 29.650698988,
        "lon" : -82.3275482205,
        "time" : "20150217T120000-0500"
      }, {
        "lat" : 29.6508719347,
        "lon" : -82.3272735225,
        "time" : "20150217T120006-0500"
      }, {
        "lat" : 29.651406679,
        "lon" : -82.3269069986,
        "time" : "20150217T120026-0500"
      }, {
        "lat" : 29.6518801975,
        "lon" : -82.3271170188,
        "time" : "20150217T120056-0500"
      }, {
        "lat" : 29.6519985065,
        "lon" : -82.3271688482,
        "time" : "20150217T120117-0500"
      }, {
        "lat" : 29.6520179673,
        "lon" : -82.3271720073,
        "time" : "20150217T120137-0500"
      }, {
        "lat" : 29.6520197129,
        "lon" : -82.32717335,
        "time" : "20150217T120153-0500"
      }, {
        "lat" : 29.6520233025,
        "lon" : -82.3271744488,
        "time" : "20150217T120208-0500"
      }, {
        "lat" : 29.652031422,
        "lon" : -82.3271751795,
        "time" : "20150217T120228-0500"
      }, {
        "lat" : 29.6520436629,
        "lon" : -82.3271746756,
        "time" : "20150217T120248-0500"
      }, {
        "lat" : 29.6520607015,
        "lon" : -82.3271727974,
        "time" : "20150217T120308-0500"
      }, {
        "lat" : 29.6520787435,
        "lon" : -82.327170188,
        "time" : "20150217T120328-0500"
      }, {
        "lat" : 29.6520787435,
        "lon" : -82.327170188,
        "time" : "20150217T120348-0500"
      }, {
        "lat" : 29.6520752234,
        "lon" : -82.3271708594,
        "time" : "20150217T120409-0500"
      }, {
        "lat" : 29.6520747451,
        "lon" : -82.3271709778,
        "time" : "20150217T120429-0500"
      }, {
        "lat" : 29.6520865929,
        "lon" : -82.3271687494,
        "time" : "20150217T120449-0500"
      }, {
        "lat" : 29.6521107479,
        "lon" : -82.3271641949,
        "time" : "20150217T120508-0500"
      }, {
        "lat" : 29.6521317159,
        "lon" : -82.3271602492,
        "time" : "20150217T120539-0500"
      }, {
        "lat" : 29.6521721254,
        "lon" : -82.3271523884,
        "time" : "20150217T120559-0500"
      }, {
        "lat" : 29.6544092512,
        "lon" : -82.3267301692,
        "time" : "20150217T120629-0500"
      }, {
        "lat" : 29.6564969542,
        "lon" : -82.3267639009,
        "time" : "20150217T120716-0500"
      } ]
    } ],
    "lastUpdate" : "20150217T193933Z"
  }, {
    "type" : "place",
    "startTime" : "20150217T120716-0500",
    "endTime" : "20150218T183057-0500",
    "place" : {
      "id" : 193512500,
      "name" : "Home",
      "type" : "home",
      "location" : {
        "lat" : 29.6564969542,
        "lon" : -82.3267639009
      }
    },
    "activities" : [ {
      "activity" : "walking",
      "group" : "walking",
      "manual" : false,
      "startTime" : "20150217T120822-0500",
      "endTime" : "20150217T121022-0500",
      "duration" : 120.0,
      "distance" : 76.0,
      "steps" : 152,
      "trackPoints" : [ ]
    }, {
      "activity" : "walking",
      "group" : "walking",
      "manual" : false,
      "startTime" : "20150217T152300-0500",
      "endTime" : "20150217T152330-0500",
      "duration" : 30.0,
      "distance" : 15.0,
      "steps" : 20,
      "trackPoints" : [ ]
    }, {
      "activity" : "walking",
      "group" : "walking",
      "manual" : false,
      "startTime" : "20150217T161652-0500",
      "endTime" : "20150217T161829-0500",
      "duration" : 97.0,
      "distance" : 58.0,
      "steps" : 116,
      "trackPoints" : [ ]
    }, {
      "activity" : "walking",
      "group" : "walking",
      "manual" : false,
      "startTime" : "20150217T174230-0500",
      "endTime" : "20150217T174300-0500",
      "duration" : 30.0,
      "distance" : 15.0,
      "steps" : 30,
      "trackPoints" : [ ]
    }, {
      "activity" : "walking",
      "group" : "walking",
      "manual" : false,
      "startTime" : "20150217T180153-0500",
      "endTime" : "20150217T180353-0500",
      "duration" : 120.0,
      "distance" : 73.0,
      "steps" : 147,
      "trackPoints" : [ ]
    }, {
      "activity" : "walking",
      "group" : "walking",
      "manual" : false,
      "startTime" : "20150217T190509-0500",
      "endTime" : "20150217T191402-0500",
      "duration" : 533.0,
      "distance" : 507.0,
      "steps" : 676,
      "trackPoints" : [ ]
    }, {
      "activity" : "walking",
      "group" : "walking",
      "manual" : false,
      "startTime" : "20150217T204838-0500",
      "endTime" : "20150217T204938-0500",
      "duration" : 60.0,
      "distance" : 51.0,
      "steps" : 102,
      "trackPoints" : [ ]
    }, {
      "activity" : "walking",
      "group" : "walking",
      "manual" : false,
      "startTime" : "20150217T213925-0500",
      "endTime" : "20150217T213955-0500",
      "duration" : 30.0,
      "distance" : 15.0,
      "steps" : 31,
      "trackPoints" : [ ]
    }, {
      "activity" : "walking",
      "group" : "walking",
      "manual" : false,
      "startTime" : "20150217T220048-0500",
      "endTime" : "20150217T220118-0500",
      "duration" : 30.0,
      "distance" : 20.0,
      "steps" : 41,
      "trackPoints" : [ ]
    } ],
    "lastUpdate" : "20150219T015923Z"
  } ],
  "lastUpdate" : "20150219T015923Z"
} ]