[ {
  "date" : "20150131",
  "summary" : [ {
    "activity" : "walking",
    "group" : "walking",
    "duration" : 3698.0,
    "distance" : 3913.0,
    "steps" : 5618
  }, {
    "activity" : "transport",
    "group" : "transport",
    "duration" : 292.0,
    "distance" : 1430.0
  } ],
  "segments" : [ {
    "type" : "place",
    "startTime" : "20150130T221132-0500",
    "endTime" : "20150131T151335-0500",
    "place" : {
      "id" : 191508619,
      "type" : "unknown",
      "location" : {
        "lat" : 29.6565354608,
        "lon" : -82.326775329
      }
    },
    "activities" : [ {
      "activity" : "walking",
      "group" : "walking",
      "manual" : false,
      "startTime" : "20150131T052245-0500",
      "endTime" : "20150131T052315-0500",
      "duration" : 30.0,
      "distance" : 15.0,
      "steps" : 30,
      "trackPoints" : [ ]
    }, {
      "activity" : "walking",
      "group" : "walking",
      "manual" : false,
      "startTime" : "20150131T084704-0500",
      "endTime" : "20150131T084734-0500",
      "duration" : 30.0,
      "distance" : 15.0,
      "steps" : 20,
      "trackPoints" : [ ]
    }, {
      "activity" : "walking",
      "group" : "walking",
      "manual" : false,
      "startTime" : "20150131T103446-0500",
      "endTime" : "20150131T104245-0500",
      "duration" : 479.0,
      "distance" : 411.0,
      "steps" : 549,
      "trackPoints" : [ ]
    }, {
      "activity" : "walking",
      "group" : "walking",
      "manual" : false,
      "startTime" : "20150131T114811-0500",
      "endTime" : "20150131T114941-0500",
      "duration" : 90.0,
      "distance" : 82.0,
      "steps" : 163,
      "trackPoints" : [ ]
    }, {
      "activity" : "walking",
      "group" : "walking",
      "manual" : false,
      "startTime" : "20150131T122025-0500",
      "endTime" : "20150131T122954-0500",
      "duration" : 569.0,
      "distance" : 723.0,
      "steps" : 964,
      "trackPoints" : [ ]
    }, {
      "activity" : "walking",
      "group" : "walking",
      "manual" : false,
      "startTime" : "20150131T130852-0500",
      "endTime" : "20150131T131525-0500",
      "duration" : 393.0,
      "distance" : 391.0,
      "steps" : 521,
      "trackPoints" : [ ]
    }, {
      "activity" : "walking",
      "group" : "walking",
      "manual" : false,
      "startTime" : "20150131T140242-0500",
      "endTime" : "20150131T140442-0500",
      "duration" : 120.0,
      "distance" : 144.0,
      "steps" : 192,
      "trackPoints" : [ ]
    } ],
    "lastUpdate" : "20150131T215550Z"
  }, {
    "type" : "move",
    "startTime" : "20150131T151335-0500",
    "endTime" : "20150131T151913-0500",
    "activities" : [ {
      "activity" : "walking",
      "group" : "walking",
      "manual" : false,
      "startTime" : "20150131T151335-0500",
      "endTime" : "20150131T151912-0500",
      "duration" : 337.0,
      "distance" : 466.0,
      "steps" : 643,
      "trackPoints" : [ {
        "lat" : 29.6565354608,
        "lon" : -82.326775329,
        "time" : "20150131T151335-0500"
      }, {
        "lat" : 29.6565250976,
        "lon" : -82.3268370325,
        "time" : "20150131T151357-0500"
      }, {
        "lat" : 29.6565258049,
        "lon" : -82.3268530915,
        "time" : "20150131T151416-0500"
      }, {
        "lat" : 29.6565651223,
        "lon" : -82.3271514051,
        "time" : "20150131T151440-0500"
      }, {
        "lat" : 29.6566623555,
        "lon" : -82.327591317,
        "time" : "20150131T151510-0500"
      }, {
        "lat" : 29.6567716233,
        "lon" : -82.3277987384,
        "time" : "20150131T151534-0500"
      }, {
        "lat" : 29.6569264593,
        "lon" : -82.3278844497,
        "time" : "20150131T151555-0500"
      }, {
        "lat" : 29.6573341723,
        "lon" : -82.3279616071,
        "time" : "20150131T151615-0500"
      }, {
        "lat" : 29.657785765,
        "lon" : -82.3281739836,
        "time" : "20150131T151645-0500"
      }, {
        "lat" : 29.657926103,
        "lon" : -82.3283371513,
        "time" : "20150131T151706-0500"
      }, {
        "lat" : 29.6580094613,
        "lon" : -82.3284281498,
        "time" : "20150131T151726-0500"
      }, {
        "lat" : 29.6581201638,
        "lon" : -82.328512491,
        "time" : "20150131T151746-0500"
      }, {
        "lat" : 29.6582883168,
        "lon" : -82.3285846808,
        "time" : "20150131T151806-0500"
      }, {
        "lat" : 29.6586310708,
        "lon" : -82.3287041804,
        "time" : "20150131T151824-0500"
      }, {
        "lat" : 29.6588974126,
        "lon" : -82.3286737893,
        "time" : "20150131T151844-0500"
      }, {
        "lat" : 29.6592685914,
        "lon" : -82.3276915099,
        "time" : "20150131T151913-0500"
      } ]
    } ],
    "lastUpdate" : "20150131T215550Z"
  }, {
    "type" : "place",
    "startTime" : "20150131T151913-0500",
    "endTime" : "20150131T154939-0500",
    "place" : {
      "id" : 192798050,
      "type" : "unknown",
      "location" : {
        "lat" : 29.6592685914,
        "lon" : -82.3276915099
      }
    },
    "activities" : [ {
      "activity" : "walking",
      "group" : "walking",
      "manual" : false,
      "startTime" : "20150131T152108-0500",
      "endTime" : "20150131T152138-0500",
      "duration" : 30.0,
      "distance" : 15.0,
      "steps" : 31,
      "trackPoints" : [ ]
    } ],
    "lastUpdate" : "20150131T215550Z"
  }, {
    "type" : "move",
    "startTime" : "20150131T154939-0500",
    "endTime" : "20150131T155423-0500",
    "activities" : [ {
      "activity" : "walking",
      "group" : "walking",
      "manual" : false,
      "startTime" : "20150131T154939-0500",
      "endTime" : "20150131T155424-0500",
      "duration" : 285.0,
      "distance" : 368.0,
      "steps" : 497,
      "trackPoints" : [ {
        "lat" : 29.6592685914,
        "lon" : -82.3276915099,
        "time" : "20150131T154939-0500"
      }, {
        "lat" : 29.6592265955,
        "lon" : -82.3276790295,
        "time" : "20150131T155000-0500"
      }, {
        "lat" : 29.6592200686,
        "lon" : -82.3276701727,
        "time" : "20150131T155020-0500"
      }, {
        "lat" : 29.6591473117,
        "lon" : -82.3276746861,
        "time" : "20150131T155052-0500"
      }, {
        "lat" : 29.6586722683,
        "lon" : -82.3277416538,
        "time" : "20150131T155113-0500"
      }, {
        "lat" : 29.6581191146,
        "lon" : -82.3277506681,
        "time" : "20150131T155143-0500"
      }, {
        "lat" : 29.6579897655,
        "lon" : -82.3276544401,
        "time" : "20150131T155204-0500"
      }, {
        "lat" : 29.6579313027,
        "lon" : -82.3275344915,
        "time" : "20150131T155224-0500"
      }, {
        "lat" : 29.6578823632,
        "lon" : -82.3274212428,
        "time" : "20150131T155245-0500"
      }, {
        "lat" : 29.6577901069,
        "lon" : -82.3273024364,
        "time" : "20150131T155305-0500"
      }, {
        "lat" : 29.6565354608,
        "lon" : -82.326775329,
        "time" : "20150131T155423-0500"
      } ]
    } ],
    "lastUpdate" : "20150131T215550Z"
  }, {
    "type" : "place",
    "startTime" : "20150131T155423-0500",
    "endTime" : "20150131T160111-0500",
    "place" : {
      "id" : 191508619,
      "type" : "unknown",
      "location" : {
        "lat" : 29.6565354608,
        "lon" : -82.326775329
      }
    },
    "lastUpdate" : "20150131T215550Z"
  }, {
    "type" : "move",
    "startTime" : "20150131T160111-0500",
    "endTime" : "20150131T160757-0500",
    "activities" : [ {
      "activity" : "walking",
      "group" : "walking",
      "manual" : false,
      "startTime" : "20150131T160111-0500",
      "endTime" : "20150131T160757-0500",
      "duration" : 406.0,
      "distance" : 495.0,
      "steps" : 728,
      "trackPoints" : [ {
        "lat" : 29.6565354608,
        "lon" : -82.326775329,
        "time" : "20150131T160111-0500"
      }, {
        "lat" : 29.6565349623,
        "lon" : -82.3266122777,
        "time" : "20150131T160132-0500"
      }, {
        "lat" : 29.6565383504,
        "lon" : -82.326585662,
        "time" : "20150131T160153-0500"
      }, {
        "lat" : 29.6565439602,
        "lon" : -82.326555226,
        "time" : "20150131T160213-0500"
      }, {
        "lat" : 29.6565599198,
        "lon" : -82.3264890413,
        "time" : "20150131T160233-0500"
      }, {
        "lat" : 29.6566647374,
        "lon" : -82.3260734078,
        "time" : "20150131T160256-0500"
      }, {
        "lat" : 29.6567627223,
        "lon" : -82.3255939978,
        "time" : "20150131T160331-0500"
      }, {
        "lat" : 29.6568090754,
        "lon" : -82.325396438,
        "time" : "20150131T160353-0500"
      }, {
        "lat" : 29.6568263986,
        "lon" : -82.3252635392,
        "time" : "20150131T160413-0500"
      }, {
        "lat" : 29.6568261846,
        "lon" : -82.3251581659,
        "time" : "20150131T160433-0500"
      }, {
        "lat" : 29.6568232297,
        "lon" : -82.3250052089,
        "time" : "20150131T160455-0500"
      }, {
        "lat" : 29.6568358239,
        "lon" : -82.3244869377,
        "time" : "20150131T160515-0500"
      }, {
        "lat" : 29.6567468473,
        "lon" : -82.3239425077,
        "time" : "20150131T160548-0500"
      }, {
        "lat" : 29.6566706041,
        "lon" : -82.3237499659,
        "time" : "20150131T160609-0500"
      }, {
        "lat" : 29.656484221,
        "lon" : -82.3234352458,
        "time" : "20150131T160631-0500"
      }, {
        "lat" : 29.6558790225,
        "lon" : -82.3234521437,
        "time" : "20150131T160716-0500"
      }, {
        "lat" : 29.6557445014,
        "lon" : -82.323462504,
        "time" : "20150131T160736-0500"
      }, {
        "lat" : 29.6555884898,
        "lon" : -82.3229598209,
        "time" : "20150131T160757-0500"
      } ]
    } ],
    "lastUpdate" : "20150131T215550Z"
  }, {
    "type" : "place",
    "startTime" : "20150131T160757-0500",
    "endTime" : "20150131T181457-0500",
    "place" : {
      "id" : 192798051,
      "type" : "unknown",
      "location" : {
        "lat" : 29.6555884898,
        "lon" : -82.3229598209
      }
    },
    "activities" : [ {
      "activity" : "walking",
      "group" : "walking",
      "manual" : false,
      "startTime" : "20150131T161048-0500",
      "endTime" : "20150131T161118-0500",
      "duration" : 30.0,
      "distance" : 15.0,
      "steps" : 20,
      "trackPoints" : [ ]
    }, {
      "activity" : "walking",
      "group" : "walking",
      "manual" : false,
      "startTime" : "20150131T181204-0500",
      "endTime" : "20150131T181234-0500",
      "duration" : 30.0,
      "distance" : 15.0,
      "steps" : 20,
      "trackPoints" : [ ]
    } ],
    "lastUpdate" : "20150201T005710Z"
  }, {
    "type" : "move",
    "startTime" : "20150131T181457-0500",
    "endTime" : "20150131T182411-0500",
    "activities" : [ {
      "activity" : "walking",
      "group" : "walking",
      "manual" : false,
      "startTime" : "20150131T181457-0500",
      "endTime" : "20150131T182412-0500",
      "duration" : 555.0,
      "distance" : 538.0,
      "steps" : 885,
      "trackPoints" : [ {
        "lat" : 29.6555884898,
        "lon" : -82.3229598209,
        "time" : "20150131T181457-0500"
      }, {
        "lat" : 29.655684483,
        "lon" : -82.3233606261,
        "time" : "20150131T181515-0500"
      }, {
        "lat" : 29.6557016805,
        "lon" : -82.323385382,
        "time" : "20150131T181536-0500"
      }, {
        "lat" : 29.6557194763,
        "lon" : -82.3234065439,
        "time" : "20150131T181557-0500"
      }, {
        "lat" : 29.655738621,
        "lon" : -82.3234214835,
        "time" : "20150131T181617-0500"
      }, {
        "lat" : 29.6557621827,
        "lon" : -82.3234313896,
        "time" : "20150131T181638-0500"
      }, {
        "lat" : 29.6557627237,
        "lon" : -82.3234570427,
        "time" : "20150131T181659-0500"
      }, {
        "lat" : 29.6562256289,
        "lon" : -82.3231861333,
        "time" : "20150131T181729-0500"
      }, {
        "lat" : 29.6564422784,
        "lon" : -82.3231456014,
        "time" : "20150131T181749-0500"
      }, {
        "lat" : 29.6565573595,
        "lon" : -82.3233676502,
        "time" : "20150131T181811-0500"
      }, {
        "lat" : 29.6567304442,
        "lon" : -82.3238998844,
        "time" : "20150131T181840-0500"
      }, {
        "lat" : 29.6567870489,
        "lon" : -82.324458547,
        "time" : "20150131T181907-0500"
      }, {
        "lat" : 29.6568244874,
        "lon" : -82.3250530512,
        "time" : "20150131T181937-0500"
      }, {
        "lat" : 29.6568697701,
        "lon" : -82.3252339471,
        "time" : "20150131T181958-0500"
      }, {
        "lat" : 29.6568989109,
        "lon" : -82.325323122,
        "time" : "20150131T182019-0500"
      }, {
        "lat" : 29.6568278496,
        "lon" : -82.325576422,
        "time" : "20150131T182102-0500"
      }, {
        "lat" : 29.6568160874,
        "lon" : -82.3257090463,
        "time" : "20150131T182120-0500"
      }, {
        "lat" : 29.6566720415,
        "lon" : -82.3261614544,
        "time" : "20150131T182205-0500"
      }, {
        "lat" : 29.6565969069,
        "lon" : -82.3263878125,
        "time" : "20150131T182227-0500"
      }, {
        "lat" : 29.6565353188,
        "lon" : -82.3265768821,
        "time" : "20150131T182248-0500"
      }, {
        "lat" : 29.656500413,
        "lon" : -82.3267110379,
        "time" : "20150131T182308-0500"
      }, {
        "lat" : 29.6564944395,
        "lon" : -82.3267835343,
        "time" : "20150131T182329-0500"
      }, {
        "lat" : 29.6564958469,
        "lon" : -82.3267950803,
        "time" : "20150131T182350-0500"
      }, {
        "lat" : 29.6565354608,
        "lon" : -82.326775329,
        "time" : "20150131T182411-0500"
      } ]
    } ],
    "lastUpdate" : "20150201T005710Z"
  }, {
    "type" : "place",
    "startTime" : "20150131T182411-0500",
    "endTime" : "20150131T194137-0500",
    "place" : {
      "id" : 191508619,
      "type" : "unknown",
      "location" : {
        "lat" : 29.6565354608,
        "lon" : -82.326775329
      }
    },
    "lastUpdate" : "20150201T022837Z"
  }, {
    "type" : "move",
    "startTime" : "20150131T194137-0500",
    "endTime" : "20150131T194447-0500",
    "activities" : [ {
      "activity" : "transport",
      "group" : "transport",
      "manual" : false,
      "startTime" : "20150131T194137-0500",
      "endTime" : "20150131T194447-0500",
      "duration" : 190.0,
      "distance" : 846.0,
      "trackPoints" : [ {
        "lat" : 29.6565354608,
        "lon" : -82.326775329,
        "time" : "20150131T194137-0500"
      }, {
        "lat" : 29.6543997367,
        "lon" : -82.3268825619,
        "time" : "20150131T194223-0500"
      }, {
        "lat" : 29.6535632879,
        "lon" : -82.327587693,
        "time" : "20150131T194249-0500"
      }, {
        "lat" : 29.6532132465,
        "lon" : -82.3278702823,
        "time" : "20150131T194308-0500"
      }, {
        "lat" : 29.6527106057,
        "lon" : -82.3280881881,
        "time" : "20150131T194328-0500"
      }, {
        "lat" : 29.6523730964,
        "lon" : -82.3279731234,
        "time" : "20150131T194349-0500"
      }, {
        "lat" : 29.6521026185,
        "lon" : -82.3272347829,
        "time" : "20150131T194408-0500"
      }, {
        "lat" : 29.6520537879,
        "lon" : -82.326593108,
        "time" : "20150131T194427-0500"
      }, {
        "lat" : 29.652208279,
        "lon" : -82.3256059046,
        "time" : "20150131T194447-0500"
      } ]
    } ],
    "lastUpdate" : "20150201T022837Z"
  }, {
    "type" : "place",
    "startTime" : "20150131T194447-0500",
    "endTime" : "20150131T195542-0500",
    "place" : {
      "id" : 192842681,
      "type" : "unknown",
      "location" : {
        "lat" : 29.652208279,
        "lon" : -82.3256059046
      }
    },
    "activities" : [ {
      "activity" : "walking",
      "group" : "walking",
      "manual" : false,
      "startTime" : "20150131T194447-0500",
      "endTime" : "20150131T194601-0500",
      "duration" : 74.0,
      "distance" : 59.0,
      "steps" : 117,
      "trackPoints" : [ ]
    } ],
    "lastUpdate" : "20150201T022837Z"
  }, {
    "type" : "move",
    "startTime" : "20150131T195542-0500",
    "endTime" : "20150131T195725-0500",
    "activities" : [ {
      "activity" : "transport",
      "group" : "transport",
      "manual" : false,
      "startTime" : "20150131T195542-0500",
      "endTime" : "20150131T195724-0500",
      "duration" : 102.0,
      "distance" : 584.0,
      "trackPoints" : [ {
        "lat" : 29.652208279,
        "lon" : -82.3256059046,
        "time" : "20150131T195542-0500"
      }, {
        "lat" : 29.6536832238,
        "lon" : -82.3265241094,
        "time" : "20150131T195602-0500"
      }, {
        "lat" : 29.6541693756,
        "lon" : -82.3267586431,
        "time" : "20150131T195622-0500"
      }, {
        "lat" : 29.6565354608,
        "lon" : -82.326775329,
        "time" : "20150131T195725-0500"
      } ]
    } ],
    "lastUpdate" : "20150201T022837Z"
  }, {
    "type" : "place",
    "startTime" : "20150131T195725-0500",
    "endTime" : "20150201T101519-0500",
    "place" : {
      "id" : 191508619,
      "type" : "unknown",
      "location" : {
        "lat" : 29.6565354608,
        "lon" : -82.326775329
      }
    },
    "activities" : [ {
      "activity" : "walking",
      "group" : "walking",
      "manual" : false,
      "startTime" : "20150131T195744-0500",
      "endTime" : "20150131T195844-0500",
      "duration" : 60.0,
      "distance" : 31.0,
      "steps" : 61,
      "trackPoints" : [ ]
    }, {
      "activity" : "walking",
      "group" : "walking",
      "manual" : false,
      "startTime" : "20150131T205323-0500",
      "endTime" : "20150131T205523-0500",
      "duration" : 120.0,
      "distance" : 90.0,
      "steps" : 96,
      "trackPoints" : [ ]
    }, {
      "activity" : "walking",
      "group" : "walking",
      "manual" : false,
      "startTime" : "20150131T210053-0500",
      "endTime" : "20150131T210123-0500",
      "duration" : 30.0,
      "distance" : 15.0,
      "steps" : 31,
      "trackPoints" : [ ]
    }, {
      "activity" : "walking",
      "group" : "walking",
      "manual" : false,
      "startTime" : "20150131T225027-0500",
      "endTime" : "20150131T225057-0500",
      "duration" : 30.0,
      "distance" : 25.0,
      "steps" : 50,
      "trackPoints" : [ ]
    } ],
    "lastUpdate" : "20150201T172933Z"
  } ],
  "lastUpdate" : "20150201T172933Z"
} ]