[ {
  "date" : "20150125",
  "summary" : [ {
    "activity" : "walking",
    "group" : "walking",
    "duration" : 4653.0,
    "distance" : 5274.0,
    "steps" : 7622
  } ],
  "segments" : [ {
    "type" : "place",
    "startTime" : "20150125T104611-0500",
    "endTime" : "20150125T124643-0500",
    "place" : {
      "id" : 191508619,
      "type" : "unknown",
      "location" : {
        "lat" : 29.6565354608,
        "lon" : -82.326775329
      }
    },
    "activities" : [ {
      "activity" : "walking",
      "group" : "walking",
      "manual" : false,
      "startTime" : "20150125T104612-0500",
      "endTime" : "20150125T104850-0500",
      "duration" : 158.0,
      "distance" : 204.0,
      "steps" : 272,
      "trackPoints" : [ ]
    }, {
      "activity" : "walking",
      "group" : "walking",
      "manual" : false,
      "startTime" : "20150125T110000-0500",
      "endTime" : "20150125T110453-0500",
      "duration" : 293.0,
      "distance" : 250.0,
      "steps" : 334,
      "trackPoints" : [ ]
    } ],
    "lastUpdate" : "20150125T202015Z"
  }, {
    "type" : "move",
    "startTime" : "20150125T124643-0500",
    "endTime" : "20150125T125733-0500",
    "activities" : [ {
      "activity" : "walking",
      "group" : "walking",
      "manual" : false,
      "startTime" : "20150125T124643-0500",
      "endTime" : "20150125T125733-0500",
      "duration" : 650.0,
      "distance" : 946.0,
      "steps" : 1376,
      "trackPoints" : [ {
        "lat" : 29.6565354608,
        "lon" : -82.326775329,
        "time" : "20150125T124643-0500"
      }, {
        "lat" : 29.6569191455,
        "lon" : -82.3267056811,
        "time" : "20150125T124834-0500"
      }, {
        "lat" : 29.6570862666,
        "lon" : -82.3267038722,
        "time" : "20150125T124852-0500"
      }, {
        "lat" : 29.6573088785,
        "lon" : -82.3267263405,
        "time" : "20150125T124917-0500"
      }, {
        "lat" : 29.6577254343,
        "lon" : -82.3267578403,
        "time" : "20150125T125000-0500"
      }, {
        "lat" : 29.6578676035,
        "lon" : -82.3261228653,
        "time" : "20150125T125030-0500"
      }, {
        "lat" : 29.6579753784,
        "lon" : -82.3253355753,
        "time" : "20150125T125101-0500"
      }, {
        "lat" : 29.6580407008,
        "lon" : -82.3246999413,
        "time" : "20150125T125130-0500"
      }, {
        "lat" : 29.6580405686,
        "lon" : -82.3243507416,
        "time" : "20150125T125148-0500"
      }, {
        "lat" : 29.6581532325,
        "lon" : -82.3238783811,
        "time" : "20150125T125215-0500"
      }, {
        "lat" : 29.6582053037,
        "lon" : -82.3236483205,
        "time" : "20150125T125230-0500"
      }, {
        "lat" : 29.6583226178,
        "lon" : -82.3233922821,
        "time" : "20150125T125300-0500"
      }, {
        "lat" : 29.6584277479,
        "lon" : -82.3232581081,
        "time" : "20150125T125321-0500"
      }, {
        "lat" : 29.6585695217,
        "lon" : -82.3231815686,
        "time" : "20150125T125342-0500"
      }, {
        "lat" : 29.6589471338,
        "lon" : -82.3231876746,
        "time" : "20150125T125404-0500"
      }, {
        "lat" : 29.6596008681,
        "lon" : -82.3231610219,
        "time" : "20150125T125442-0500"
      }, {
        "lat" : 29.6599199406,
        "lon" : -82.3231008533,
        "time" : "20150125T125459-0500"
      }, {
        "lat" : 29.6604058976,
        "lon" : -82.3229634369,
        "time" : "20150125T125520-0500"
      }, {
        "lat" : 29.6609394551,
        "lon" : -82.3230254568,
        "time" : "20150125T125612-0500"
      }, {
        "lat" : 29.6610146478,
        "lon" : -82.3229729903,
        "time" : "20150125T125633-0500"
      }, {
        "lat" : 29.6610480086,
        "lon" : -82.3228690651,
        "time" : "20150125T125652-0500"
      }, {
        "lat" : 29.6611229624,
        "lon" : -82.3227088878,
        "time" : "20150125T125713-0500"
      }, {
        "lat" : 29.6617215257,
        "lon" : -82.3222402478,
        "time" : "20150125T125733-0500"
      } ]
    } ],
    "lastUpdate" : "20150125T202015Z"
  }, {
    "type" : "place",
    "startTime" : "20150125T125733-0500",
    "endTime" : "20150125T134933-0500",
    "place" : {
      "id" : 191555476,
      "type" : "unknown",
      "location" : {
        "lat" : 29.6617215257,
        "lon" : -82.3222402478
      }
    },
    "activities" : [ {
      "activity" : "walking",
      "group" : "walking",
      "manual" : false,
      "startTime" : "20150125T131308-0500",
      "endTime" : "20150125T131827-0500",
      "duration" : 319.0,
      "distance" : 334.0,
      "steps" : 445,
      "trackPoints" : [ ]
    } ],
    "lastUpdate" : "20150125T202015Z"
  }, {
    "type" : "move",
    "startTime" : "20150125T134933-0500",
    "endTime" : "20150125T135430-0500",
    "activities" : [ {
      "activity" : "walking",
      "group" : "walking",
      "manual" : false,
      "startTime" : "20150125T134933-0500",
      "endTime" : "20150125T135431-0500",
      "duration" : 298.0,
      "distance" : 451.0,
      "steps" : 637,
      "trackPoints" : [ {
        "lat" : 29.6617215257,
        "lon" : -82.3222402478,
        "time" : "20150125T134933-0500"
      }, {
        "lat" : 29.6616674037,
        "lon" : -82.3222373509,
        "time" : "20150125T134954-0500"
      }, {
        "lat" : 29.6614368907,
        "lon" : -82.322290652,
        "time" : "20150125T135023-0500"
      }, {
        "lat" : 29.6610952305,
        "lon" : -82.3226296422,
        "time" : "20150125T135103-0500"
      }, {
        "lat" : 29.6610110194,
        "lon" : -82.3227597824,
        "time" : "20150125T135123-0500"
      }, {
        "lat" : 29.66098807,
        "lon" : -82.3228425211,
        "time" : "20150125T135138-0500"
      }, {
        "lat" : 29.6609791966,
        "lon" : -82.3229466661,
        "time" : "20150125T135155-0500"
      }, {
        "lat" : 29.6609404354,
        "lon" : -82.3230597559,
        "time" : "20150125T135215-0500"
      }, {
        "lat" : 29.6606744777,
        "lon" : -82.3231544945,
        "time" : "20150125T135235-0500"
      }, {
        "lat" : 29.6598112224,
        "lon" : -82.3233661771,
        "time" : "20150125T135305-0500"
      }, {
        "lat" : 29.6595450147,
        "lon" : -82.3233928452,
        "time" : "20150125T135327-0500"
      }, {
        "lat" : 29.6593639494,
        "lon" : -82.3233505383,
        "time" : "20150125T135347-0500"
      }, {
        "lat" : 29.6584308887,
        "lon" : -82.3231472242,
        "time" : "20150125T135430-0500"
      } ]
    } ],
    "lastUpdate" : "20150125T202015Z"
  }, {
    "type" : "place",
    "startTime" : "20150125T135430-0500",
    "endTime" : "20150125T140411-0500",
    "place" : {
      "id" : 191555477,
      "type" : "unknown",
      "location" : {
        "lat" : 29.6584308887,
        "lon" : -82.3231472242
      }
    },
    "activities" : [ {
      "activity" : "walking",
      "group" : "walking",
      "manual" : false,
      "startTime" : "20150125T140112-0500",
      "endTime" : "20150125T140343-0500",
      "duration" : 151.0,
      "distance" : 192.0,
      "steps" : 255,
      "trackPoints" : [ ]
    } ],
    "lastUpdate" : "20150125T202015Z"
  }, {
    "type" : "move",
    "startTime" : "20150125T140411-0500",
    "endTime" : "20150125T140736-0500",
    "activities" : [ {
      "activity" : "walking",
      "group" : "walking",
      "manual" : false,
      "startTime" : "20150125T140411-0500",
      "endTime" : "20150125T140737-0500",
      "duration" : 206.0,
      "distance" : 361.0,
      "steps" : 301,
      "trackPoints" : [ {
        "lat" : 29.6584308887,
        "lon" : -82.3231472242,
        "time" : "20150125T140411-0500"
      }, {
        "lat" : 29.6574004999,
        "lon" : -82.3248574625,
        "time" : "20150125T140521-0500"
      }, {
        "lat" : 29.6571440847,
        "lon" : -82.3251044568,
        "time" : "20150125T140543-0500"
      }, {
        "lat" : 29.6569419115,
        "lon" : -82.3255270596,
        "time" : "20150125T140615-0500"
      }, {
        "lat" : 29.6568581624,
        "lon" : -82.325717656,
        "time" : "20150125T140633-0500"
      }, {
        "lat" : 29.6565354608,
        "lon" : -82.326775329,
        "time" : "20150125T140736-0500"
      } ]
    } ],
    "lastUpdate" : "20150125T202015Z"
  }, {
    "type" : "place",
    "startTime" : "20150125T140736-0500",
    "endTime" : "20150125T161409-0500",
    "place" : {
      "id" : 191508619,
      "type" : "unknown",
      "location" : {
        "lat" : 29.6565354608,
        "lon" : -82.326775329
      }
    },
    "activities" : [ {
      "activity" : "walking",
      "group" : "walking",
      "manual" : false,
      "startTime" : "20150125T140736-0500",
      "endTime" : "20150125T140836-0500",
      "duration" : 60.0,
      "distance" : 35.0,
      "steps" : 71,
      "trackPoints" : [ ]
    } ],
    "lastUpdate" : "20150125T235000Z"
  }, {
    "type" : "move",
    "startTime" : "20150125T161409-0500",
    "endTime" : "20150125T163750-0500",
    "activities" : [ {
      "activity" : "walking",
      "group" : "walking",
      "manual" : false,
      "startTime" : "20150125T161409-0500",
      "endTime" : "20150125T163750-0500",
      "duration" : 1421.0,
      "distance" : 1510.0,
      "steps" : 2514,
      "trackPoints" : [ {
        "lat" : 29.6565354608,
        "lon" : -82.326775329,
        "time" : "20150125T161409-0500"
      }, {
        "lat" : 29.6565256954,
        "lon" : -82.3267493712,
        "time" : "20150125T161430-0500"
      }, {
        "lat" : 29.6565227049,
        "lon" : -82.3267439519,
        "time" : "20150125T161450-0500"
      }, {
        "lat" : 29.6565279618,
        "lon" : -82.3267427648,
        "time" : "20150125T161511-0500"
      }, {
        "lat" : 29.656535323,
        "lon" : -82.3267473627,
        "time" : "20150125T161531-0500"
      }, {
        "lat" : 29.6565429754,
        "lon" : -82.3267647637,
        "time" : "20150125T161552-0500"
      }, {
        "lat" : 29.6565330926,
        "lon" : -82.3272037617,
        "time" : "20150125T161615-0500"
      }, {
        "lat" : 29.6564714051,
        "lon" : -82.3274917896,
        "time" : "20150125T161638-0500"
      }, {
        "lat" : 29.6562962235,
        "lon" : -82.3276626193,
        "time" : "20150125T161704-0500"
      }, {
        "lat" : 29.656179881,
        "lon" : -82.3277265512,
        "time" : "20150125T161724-0500"
      }, {
        "lat" : 29.6559340718,
        "lon" : -82.3278679772,
        "time" : "20150125T161750-0500"
      }, {
        "lat" : 29.6557817579,
        "lon" : -82.327987692,
        "time" : "20150125T161810-0500"
      }, {
        "lat" : 29.6556803307,
        "lon" : -82.328112358,
        "time" : "20150125T161830-0500"
      }, {
        "lat" : 29.6555891864,
        "lon" : -82.3282102517,
        "time" : "20150125T161851-0500"
      }, {
        "lat" : 29.6555426558,
        "lon" : -82.3282273416,
        "time" : "20150125T161911-0500"
      }, {
        "lat" : 29.6555177386,
        "lon" : -82.3282030627,
        "time" : "20150125T161932-0500"
      }, {
        "lat" : 29.6554882154,
        "lon" : -82.3281119733,
        "time" : "20150125T161952-0500"
      }, {
        "lat" : 29.6554566966,
        "lon" : -82.3279341132,
        "time" : "20150125T162013-0500"
      }, {
        "lat" : 29.6554491021,
        "lon" : -82.3277902774,
        "time" : "20150125T162029-0500"
      }, {
        "lat" : 29.6554854098,
        "lon" : -82.3276353099,
        "time" : "20150125T162049-0500"
      }, {
        "lat" : 29.6557069577,
        "lon" : -82.3272200161,
        "time" : "20150125T162111-0500"
      }, {
        "lat" : 29.6559332771,
        "lon" : -82.326917175,
        "time" : "20150125T162131-0500"
      }, {
        "lat" : 29.6561150921,
        "lon" : -82.3268226732,
        "time" : "20150125T162148-0500"
      }, {
        "lat" : 29.6568426894,
        "lon" : -82.3268098853,
        "time" : "20150125T162239-0500"
      }, {
        "lat" : 29.6573449802,
        "lon" : -82.326823183,
        "time" : "20150125T162315-0500"
      }, {
        "lat" : 29.6576336365,
        "lon" : -82.326856392,
        "time" : "20150125T162338-0500"
      }, {
        "lat" : 29.6578371578,
        "lon" : -82.3269128417,
        "time" : "20150125T162359-0500"
      }, {
        "lat" : 29.6578621054,
        "lon" : -82.3270578551,
        "time" : "20150125T162416-0500"
      }, {
        "lat" : 29.6578638922,
        "lon" : -82.3272705292,
        "time" : "20150125T162446-0500"
      }, {
        "lat" : 29.6578283824,
        "lon" : -82.3274185118,
        "time" : "20150125T162507-0500"
      }, {
        "lat" : 29.6577503861,
        "lon" : -82.3275199687,
        "time" : "20150125T162527-0500"
      }, {
        "lat" : 29.6575832304,
        "lon" : -82.3275921392,
        "time" : "20150125T162547-0500"
      }, {
        "lat" : 29.6571313318,
        "lon" : -82.3277409327,
        "time" : "20150125T162608-0500"
      }, {
        "lat" : 29.6567688857,
        "lon" : -82.3278220535,
        "time" : "20150125T162630-0500"
      }, {
        "lat" : 29.6565131223,
        "lon" : -82.3278303815,
        "time" : "20150125T162650-0500"
      }, {
        "lat" : 29.6562779662,
        "lon" : -82.3277925425,
        "time" : "20150125T162708-0500"
      }, {
        "lat" : 29.6559509661,
        "lon" : -82.3277001578,
        "time" : "20150125T162734-0500"
      }, {
        "lat" : 29.6557078596,
        "lon" : -82.3276270314,
        "time" : "20150125T162756-0500"
      }, {
        "lat" : 29.655513044,
        "lon" : -82.3275169418,
        "time" : "20150125T162817-0500"
      }, {
        "lat" : 29.6553964499,
        "lon" : -82.3273658579,
        "time" : "20150125T162838-0500"
      }, {
        "lat" : 29.6553608571,
        "lon" : -82.3272540012,
        "time" : "20150125T162859-0500"
      }, {
        "lat" : 29.6554071038,
        "lon" : -82.3271461555,
        "time" : "20150125T162919-0500"
      }, {
        "lat" : 29.6555140594,
        "lon" : -82.3270239911,
        "time" : "20150125T162940-0500"
      }, {
        "lat" : 29.6555973174,
        "lon" : -82.3269530691,
        "time" : "20150125T163000-0500"
      }, {
        "lat" : 29.65573289,
        "lon" : -82.3269125326,
        "time" : "20150125T163021-0500"
      }, {
        "lat" : 29.6561349,
        "lon" : -82.3268842121,
        "time" : "20150125T163049-0500"
      }, {
        "lat" : 29.6563970682,
        "lon" : -82.3269075702,
        "time" : "20150125T163110-0500"
      }, {
        "lat" : 29.656552174,
        "lon" : -82.3270116277,
        "time" : "20150125T163130-0500"
      }, {
        "lat" : 29.6566159089,
        "lon" : -82.3271891863,
        "time" : "20150125T163152-0500"
      }, {
        "lat" : 29.656595324,
        "lon" : -82.3274925851,
        "time" : "20150125T163215-0500"
      }, {
        "lat" : 29.6565655795,
        "lon" : -82.3276981443,
        "time" : "20150125T163231-0500"
      }, {
        "lat" : 29.6565036499,
        "lon" : -82.3278403139,
        "time" : "20150125T163251-0500"
      }, {
        "lat" : 29.6564146591,
        "lon" : -82.3278828371,
        "time" : "20150125T163312-0500"
      }, {
        "lat" : 29.6562667241,
        "lon" : -82.3278658086,
        "time" : "20150125T163333-0500"
      }, {
        "lat" : 29.6558863054,
        "lon" : -82.3277549205,
        "time" : "20150125T163406-0500"
      }, {
        "lat" : 29.6556770409,
        "lon" : -82.3276717975,
        "time" : "20150125T163426-0500"
      }, {
        "lat" : 29.6555084785,
        "lon" : -82.327553752,
        "time" : "20150125T163446-0500"
      }, {
        "lat" : 29.6554063561,
        "lon" : -82.3274004399,
        "time" : "20150125T163506-0500"
      }, {
        "lat" : 29.6553932688,
        "lon" : -82.327273102,
        "time" : "20150125T163527-0500"
      }, {
        "lat" : 29.6554667951,
        "lon" : -82.3271390042,
        "time" : "20150125T163547-0500"
      }, {
        "lat" : 29.65556297,
        "lon" : -82.3270269926,
        "time" : "20150125T163608-0500"
      }, {
        "lat" : 29.6556304492,
        "lon" : -82.3269795014,
        "time" : "20150125T163628-0500"
      }, {
        "lat" : 29.6565354608,
        "lon" : -82.326775329,
        "time" : "20150125T163750-0500"
      } ]
    } ],
    "lastUpdate" : "20150125T235000Z"
  }, {
    "type" : "place",
    "startTime" : "20150125T163750-0500",
    "endTime" : "20150126T161304-0500",
    "place" : {
      "id" : 191508619,
      "type" : "unknown",
      "location" : {
        "lat" : 29.6565354608,
        "lon" : -82.326775329
      }
    },
    "activities" : [ {
      "activity" : "walking",
      "group" : "walking",
      "manual" : false,
      "startTime" : "20150125T163750-0500",
      "endTime" : "20150125T163824-0500",
      "duration" : 34.0,
      "distance" : 27.0,
      "steps" : 54,
      "trackPoints" : [ ]
    }, {
      "activity" : "walking",
      "group" : "walking",
      "manual" : false,
      "startTime" : "20150125T174739-0500",
      "endTime" : "20150125T174909-0500",
      "duration" : 90.0,
      "distance" : 56.0,
      "steps" : 112,
      "trackPoints" : [ ]
    }, {
      "activity" : "walking",
      "group" : "walking",
      "manual" : false,
      "startTime" : "20150125T180355-0500",
      "endTime" : "20150125T181003-0500",
      "duration" : 368.0,
      "distance" : 335.0,
      "steps" : 447,
      "trackPoints" : [ ]
    }, {
      "activity" : "walking",
      "group" : "walking",
      "manual" : false,
      "startTime" : "20150125T190028-0500",
      "endTime" : "20150125T190701-0500",
      "duration" : 393.0,
      "distance" : 391.0,
      "steps" : 521,
      "trackPoints" : [ ]
    }, {
      "activity" : "walking",
      "group" : "walking",
      "manual" : false,
      "startTime" : "20150125T201103-0500",
      "endTime" : "20150125T201305-0500",
      "duration" : 122.0,
      "distance" : 121.0,
      "steps" : 161,
      "trackPoints" : [ ]
    }, {
      "activity" : "walking",
      "group" : "walking",
      "manual" : false,
      "startTime" : "20150125T210424-0500",
      "endTime" : "20150125T210524-0500",
      "duration" : 60.0,
      "distance" : 41.0,
      "steps" : 81,
      "trackPoints" : [ ]
    }, {
      "activity" : "walking",
      "group" : "walking",
      "manual" : false,
      "startTime" : "20150125T222013-0500",
      "endTime" : "20150125T222043-0500",
      "duration" : 30.0,
      "distance" : 20.0,
      "steps" : 41,
      "trackPoints" : [ ]
    } ],
    "lastUpdate" : "20150126T233816Z"
  } ],
  "lastUpdate" : "20150126T233816Z"
} ]