[ {
  "date" : "20150207",
  "summary" : [ {
    "activity" : "walking",
    "group" : "walking",
    "duration" : 5452.0,
    "distance" : 5222.0,
    "steps" : 7272
  }, {
    "activity" : "cycling",
    "group" : "cycling",
    "duration" : 1780.0,
    "distance" : 7342.0
  } ],
  "segments" : [ {
    "type" : "place",
    "startTime" : "20150206T231124-0500",
    "endTime" : "20150207T083918-0500",
    "place" : {
      "id" : 193512500,
      "name" : "Home",
      "type" : "home",
      "location" : {
        "lat" : 29.6564969542,
        "lon" : -82.3267639009
      }
    },
    "activities" : [ {
      "activity" : "walking",
      "group" : "walking",
      "manual" : false,
      "startTime" : "20150207T055956-0500",
      "endTime" : "20150207T060056-0500",
      "duration" : 60.0,
      "distance" : 30.0,
      "steps" : 46,
      "trackPoints" : [ ]
    }, {
      "activity" : "walking",
      "group" : "walking",
      "manual" : false,
      "startTime" : "20150207T083633-0500",
      "endTime" : "20150207T083733-0500",
      "duration" : 60.0,
      "distance" : 38.0,
      "steps" : 76,
      "trackPoints" : [ ]
    } ],
    "lastUpdate" : "20150207T170937Z"
  }, {
    "type" : "move",
    "startTime" : "20150207T083918-0500",
    "endTime" : "20150207T084940-0500",
    "activities" : [ {
      "activity" : "cycling",
      "group" : "cycling",
      "manual" : false,
      "startTime" : "20150207T083918-0500",
      "endTime" : "20150207T084940-0500",
      "duration" : 622.0,
      "distance" : 3571.0,
      "trackPoints" : [ {
        "lat" : 29.6564969542,
        "lon" : -82.3267639009,
        "time" : "20150207T083918-0500"
      }, {
        "lat" : 29.6534735515,
        "lon" : -82.3279100611,
        "time" : "20150207T083953-0500"
      }, {
        "lat" : 29.6529173151,
        "lon" : -82.3281398566,
        "time" : "20150207T084014-0500"
      }, {
        "lat" : 29.6524642811,
        "lon" : -82.3283111667,
        "time" : "20150207T084040-0500"
      }, {
        "lat" : 29.6523513681,
        "lon" : -82.3283198399,
        "time" : "20150207T084101-0500"
      }, {
        "lat" : 29.6513341855,
        "lon" : -82.3283357259,
        "time" : "20150207T084121-0500"
      }, {
        "lat" : 29.650673262,
        "lon" : -82.3285544997,
        "time" : "20150207T084142-0500"
      }, {
        "lat" : 29.650324799,
        "lon" : -82.3298333467,
        "time" : "20150207T084202-0500"
      }, {
        "lat" : 29.6502257142,
        "lon" : -82.3304837345,
        "time" : "20150207T084223-0500"
      }, {
        "lat" : 29.6502591948,
        "lon" : -82.3328508886,
        "time" : "20150207T084302-0500"
      }, {
        "lat" : 29.6502001855,
        "lon" : -82.3342906028,
        "time" : "20150207T084326-0500"
      }, {
        "lat" : 29.6501688692,
        "lon" : -82.3359038771,
        "time" : "20150207T084400-0500"
      }, {
        "lat" : 29.6501637816,
        "lon" : -82.3363047439,
        "time" : "20150207T084421-0500"
      }, {
        "lat" : 29.6501618106,
        "lon" : -82.3380063406,
        "time" : "20150207T084453-0500"
      }, {
        "lat" : 29.6501908359,
        "lon" : -82.3383510462,
        "time" : "20150207T084514-0500"
      }, {
        "lat" : 29.6501864477,
        "lon" : -82.3385104982,
        "time" : "20150207T084535-0500"
      }, {
        "lat" : 29.6499927297,
        "lon" : -82.3395262069,
        "time" : "20150207T084556-0500"
      }, {
        "lat" : 29.649815895,
        "lon" : -82.3404786069,
        "time" : "20150207T084617-0500"
      }, {
        "lat" : 29.6496191851,
        "lon" : -82.3422899183,
        "time" : "20150207T084650-0500"
      }, {
        "lat" : 29.6495469712,
        "lon" : -82.3425868567,
        "time" : "20150207T084711-0500"
      }, {
        "lat" : 29.6494603247,
        "lon" : -82.3427633712,
        "time" : "20150207T084732-0500"
      }, {
        "lat" : 29.6485859982,
        "lon" : -82.3432500325,
        "time" : "20150207T084753-0500"
      }, {
        "lat" : 29.6480396601,
        "lon" : -82.3435506256,
        "time" : "20150207T084813-0500"
      }, {
        "lat" : 29.6450246848,
        "lon" : -82.3451065468,
        "time" : "20150207T084843-0500"
      }, {
        "lat" : 29.644918034,
        "lon" : -82.3450756292,
        "time" : "20150207T084906-0500"
      }, {
        "lat" : 29.6405634788,
        "lon" : -82.3434749381,
        "time" : "20150207T084940-0500"
      } ]
    } ],
    "lastUpdate" : "20150207T170937Z"
  }, {
    "type" : "place",
    "startTime" : "20150207T084940-0500",
    "endTime" : "20150207T085916-0500",
    "place" : {
      "id" : 194246135,
      "type" : "unknown",
      "location" : {
        "lat" : 29.6405634788,
        "lon" : -82.3434749381
      }
    },
    "activities" : [ {
      "activity" : "walking",
      "group" : "walking",
      "manual" : false,
      "startTime" : "20150207T085115-0500",
      "endTime" : "20150207T085645-0500",
      "duration" : 330.0,
      "distance" : 433.0,
      "steps" : 577,
      "trackPoints" : [ ]
    } ],
    "lastUpdate" : "20150207T170937Z"
  }, {
    "type" : "move",
    "startTime" : "20150207T085916-0500",
    "endTime" : "20150207T090255-0500",
    "activities" : [ {
      "activity" : "walking",
      "group" : "walking",
      "manual" : false,
      "startTime" : "20150207T085916-0500",
      "endTime" : "20150207T090256-0500",
      "duration" : 220.0,
      "distance" : 211.0,
      "steps" : 293,
      "trackPoints" : [ {
        "lat" : 29.6405634788,
        "lon" : -82.3434749381,
        "time" : "20150207T085916-0500"
      }, {
        "lat" : 29.6401478183,
        "lon" : -82.3435433669,
        "time" : "20150207T085936-0500"
      }, {
        "lat" : 29.6402568575,
        "lon" : -82.3435313429,
        "time" : "20150207T085958-0500"
      }, {
        "lat" : 29.6402618554,
        "lon" : -82.3435304561,
        "time" : "20150207T085959-0500"
      }, {
        "lat" : 29.6402618943,
        "lon" : -82.3435304492,
        "time" : "20150207T090000-0500"
      }, {
        "lat" : 29.6403366964,
        "lon" : -82.3435171762,
        "time" : "20150207T090019-0500"
      }, {
        "lat" : 29.6403455328,
        "lon" : -82.3435504405,
        "time" : "20150207T090039-0500"
      }, {
        "lat" : 29.6403309993,
        "lon" : -82.3435980864,
        "time" : "20150207T090100-0500"
      }, {
        "lat" : 29.640316065,
        "lon" : -82.3436328809,
        "time" : "20150207T090120-0500"
      }, {
        "lat" : 29.6402556986,
        "lon" : -82.3437269928,
        "time" : "20150207T090149-0500"
      }, {
        "lat" : 29.6393429091,
        "lon" : -82.343987304,
        "time" : "20150207T090255-0500"
      } ]
    } ],
    "lastUpdate" : "20150207T170937Z"
  }, {
    "type" : "place",
    "startTime" : "20150207T090256-0500",
    "endTime" : "20150207T120818-0500",
    "place" : {
      "id" : 194280058,
      "type" : "unknown",
      "location" : {
        "lat" : 29.6393429091,
        "lon" : -82.343987304
      }
    },
    "activities" : [ {
      "activity" : "walking",
      "group" : "walking",
      "manual" : false,
      "startTime" : "20150207T090445-0500",
      "endTime" : "20150207T090515-0500",
      "duration" : 30.0,
      "distance" : 15.0,
      "steps" : 30,
      "trackPoints" : [ ]
    }, {
      "activity" : "walking",
      "group" : "walking",
      "manual" : false,
      "startTime" : "20150207T101620-0500",
      "endTime" : "20150207T101751-0500",
      "duration" : 91.0,
      "distance" : 72.0,
      "steps" : 145,
      "trackPoints" : [ ]
    }, {
      "activity" : "walking",
      "group" : "walking",
      "manual" : false,
      "startTime" : "20150207T111238-0500",
      "endTime" : "20150207T111338-0500",
      "duration" : 60.0,
      "distance" : 41.0,
      "steps" : 81,
      "trackPoints" : [ ]
    }, {
      "activity" : "walking",
      "group" : "walking",
      "manual" : false,
      "startTime" : "20150207T120114-0500",
      "endTime" : "20150207T120622-0500",
      "duration" : 308.0,
      "distance" : 247.0,
      "steps" : 329,
      "trackPoints" : [ ]
    } ],
    "lastUpdate" : "20150207T191721Z"
  }, {
    "type" : "move",
    "startTime" : "20150207T120818-0500",
    "endTime" : "20150207T122038-0500",
    "activities" : [ {
      "activity" : "walking",
      "group" : "walking",
      "manual" : false,
      "startTime" : "20150207T120818-0500",
      "endTime" : "20150207T122038-0500",
      "duration" : 740.0,
      "distance" : 954.0,
      "steps" : 1173,
      "trackPoints" : [ {
        "lat" : 29.6393429091,
        "lon" : -82.343987304,
        "time" : "20150207T120818-0500"
      }, {
        "lat" : 29.6393838734,
        "lon" : -82.3442686103,
        "time" : "20150207T120838-0500"
      }, {
        "lat" : 29.639408735,
        "lon" : -82.3442630542,
        "time" : "20150207T120857-0500"
      }, {
        "lat" : 29.6393743087,
        "lon" : -82.3443156133,
        "time" : "20150207T120917-0500"
      }, {
        "lat" : 29.6392811939,
        "lon" : -82.3444299344,
        "time" : "20150207T120946-0500"
      }, {
        "lat" : 29.6389814019,
        "lon" : -82.3448784828,
        "time" : "20150207T121051-0500"
      }, {
        "lat" : 29.6389270205,
        "lon" : -82.3449631269,
        "time" : "20150207T121112-0500"
      }, {
        "lat" : 29.6388787686,
        "lon" : -82.3450741837,
        "time" : "20150207T121131-0500"
      }, {
        "lat" : 29.6389157698,
        "lon" : -82.3455386843,
        "time" : "20150207T121201-0500"
      }, {
        "lat" : 29.6389767059,
        "lon" : -82.3461242896,
        "time" : "20150207T121232-0500"
      }, {
        "lat" : 29.6388694728,
        "lon" : -82.3469164219,
        "time" : "20150207T121304-0500"
      }, {
        "lat" : 29.6389019938,
        "lon" : -82.3471944565,
        "time" : "20150207T121323-0500"
      }, {
        "lat" : 29.6394054256,
        "lon" : -82.3470822056,
        "time" : "20150207T121405-0500"
      }, {
        "lat" : 29.6398223681,
        "lon" : -82.346873866,
        "time" : "20150207T121426-0500"
      }, {
        "lat" : 29.6400795293,
        "lon" : -82.3467278067,
        "time" : "20150207T121441-0500"
      }, {
        "lat" : 29.6402793639,
        "lon" : -82.3465474083,
        "time" : "20150207T121507-0500"
      }, {
        "lat" : 29.6403266347,
        "lon" : -82.3466801165,
        "time" : "20150207T121543-0500"
      }, {
        "lat" : 29.6404141034,
        "lon" : -82.3466372332,
        "time" : "20150207T121605-0500"
      }, {
        "lat" : 29.6408174568,
        "lon" : -82.3459977786,
        "time" : "20150207T121635-0500"
      }, {
        "lat" : 29.6411604765,
        "lon" : -82.3454210691,
        "time" : "20150207T121705-0500"
      }, {
        "lat" : 29.641230774,
        "lon" : -82.3452653921,
        "time" : "20150207T121726-0500"
      }, {
        "lat" : 29.6412274576,
        "lon" : -82.3452128894,
        "time" : "20150207T121747-0500"
      }, {
        "lat" : 29.6411562791,
        "lon" : -82.345142748,
        "time" : "20150207T121808-0500"
      }, {
        "lat" : 29.6407215941,
        "lon" : -82.344758334,
        "time" : "20150207T121843-0500"
      }, {
        "lat" : 29.6406612795,
        "lon" : -82.3446616321,
        "time" : "20150207T121904-0500"
      }, {
        "lat" : 29.6406495558,
        "lon" : -82.3446182682,
        "time" : "20150207T121925-0500"
      }, {
        "lat" : 29.6406548358,
        "lon" : -82.3445608282,
        "time" : "20150207T121956-0500"
      }, {
        "lat" : 29.6406024041,
        "lon" : -82.3444497017,
        "time" : "20150207T122017-0500"
      }, {
        "lat" : 29.6401245861,
        "lon" : -82.3439850385,
        "time" : "20150207T122038-0500"
      } ]
    } ],
    "lastUpdate" : "20150207T191721Z"
  }, {
    "type" : "place",
    "startTime" : "20150207T122038-0500",
    "endTime" : "20150207T130345-0500",
    "place" : {
      "id" : 194312732,
      "type" : "unknown",
      "location" : {
        "lat" : 29.6401245861,
        "lon" : -82.3439850385
      }
    },
    "activities" : [ {
      "activity" : "walking",
      "group" : "walking",
      "manual" : false,
      "startTime" : "20150207T122824-0500",
      "endTime" : "20150207T123649-0500",
      "duration" : 505.0,
      "distance" : 437.0,
      "steps" : 583,
      "trackPoints" : [ ]
    }, {
      "activity" : "walking",
      "group" : "walking",
      "manual" : false,
      "startTime" : "20150207T130327-0500",
      "endTime" : "20150207T130445-0500",
      "duration" : 78.0,
      "distance" : 53.0,
      "steps" : 106,
      "trackPoints" : [ ]
    } ],
    "lastUpdate" : "20150207T191721Z"
  }, {
    "type" : "place",
    "startTime" : "20150207T130345-0500",
    "endTime" : "20150207T130423-0500",
    "place" : {
      "id" : 194280058,
      "type" : "unknown",
      "location" : {
        "lat" : 29.6393429091,
        "lon" : -82.343987304
      }
    },
    "activities" : [ {
      "activity" : "walking",
      "group" : "walking",
      "manual" : false,
      "startTime" : "20150207T130345-0500",
      "endTime" : "20150207T130423-0500",
      "duration" : 38.0,
      "distance" : 32.0,
      "steps" : 64,
      "trackPoints" : [ ]
    } ],
    "lastUpdate" : "20150207T202127Z"
  }, {
    "type" : "place",
    "startTime" : "20150207T130423-0500",
    "endTime" : "20150207T132656-0500",
    "place" : {
      "id" : 194312733,
      "type" : "unknown",
      "location" : {
        "lat" : 29.6402546614,
        "lon" : -82.3428599475
      }
    },
    "activities" : [ {
      "activity" : "walking",
      "group" : "walking",
      "manual" : false,
      "startTime" : "20150207T132107-0500",
      "endTime" : "20150207T132345-0500",
      "duration" : 158.0,
      "distance" : 118.0,
      "steps" : 138,
      "trackPoints" : [ ]
    } ],
    "lastUpdate" : "20150207T202127Z"
  }, {
    "type" : "move",
    "startTime" : "20150207T132656-0500",
    "endTime" : "20150207T133116-0500",
    "activities" : [ {
      "activity" : "walking",
      "group" : "walking",
      "manual" : false,
      "startTime" : "20150207T132656-0500",
      "endTime" : "20150207T133116-0500",
      "duration" : 260.0,
      "distance" : 229.0,
      "steps" : 253,
      "trackPoints" : [ {
        "lat" : 29.6402546614,
        "lon" : -82.3428599475,
        "time" : "20150207T132656-0500"
      }, {
        "lat" : 29.6406388995,
        "lon" : -82.3427930493,
        "time" : "20150207T132716-0500"
      }, {
        "lat" : 29.6406313457,
        "lon" : -82.3427990102,
        "time" : "20150207T132737-0500"
      }, {
        "lat" : 29.6406226697,
        "lon" : -82.3428061879,
        "time" : "20150207T132756-0500"
      }, {
        "lat" : 29.640611981,
        "lon" : -82.3428157072,
        "time" : "20150207T132816-0500"
      }, {
        "lat" : 29.6405995035,
        "lon" : -82.342827829,
        "time" : "20150207T132836-0500"
      }, {
        "lat" : 29.6405866863,
        "lon" : -82.3428416518,
        "time" : "20150207T132855-0500"
      }, {
        "lat" : 29.6405709884,
        "lon" : -82.3428602441,
        "time" : "20150207T132915-0500"
      }, {
        "lat" : 29.6405526149,
        "lon" : -82.342883829,
        "time" : "20150207T132936-0500"
      }, {
        "lat" : 29.6405337259,
        "lon" : -82.3429096694,
        "time" : "20150207T132956-0500"
      }, {
        "lat" : 29.6405171288,
        "lon" : -82.3429342077,
        "time" : "20150207T133016-0500"
      }, {
        "lat" : 29.6404859353,
        "lon" : -82.3429897704,
        "time" : "20150207T133036-0500"
      }, {
        "lat" : 29.6403508703,
        "lon" : -82.3431319191,
        "time" : "20150207T133058-0500"
      }, {
        "lat" : 29.6393429091,
        "lon" : -82.343987304,
        "time" : "20150207T133116-0500"
      } ]
    } ],
    "lastUpdate" : "20150207T202127Z"
  }, {
    "type" : "place",
    "startTime" : "20150207T133116-0500",
    "endTime" : "20150207T142706-0500",
    "place" : {
      "id" : 194280058,
      "type" : "unknown",
      "location" : {
        "lat" : 29.6393429091,
        "lon" : -82.343987304
      }
    },
    "activities" : [ {
      "activity" : "walking",
      "group" : "walking",
      "manual" : false,
      "startTime" : "20150207T142302-0500",
      "endTime" : "20150207T142402-0500",
      "duration" : 60.0,
      "distance" : 46.0,
      "steps" : 91,
      "trackPoints" : [ ]
    } ],
    "lastUpdate" : "20150207T224044Z"
  }, {
    "type" : "move",
    "startTime" : "20150207T142706-0500",
    "endTime" : "20150207T143145-0500",
    "activities" : [ {
      "activity" : "walking",
      "group" : "walking",
      "manual" : false,
      "startTime" : "20150207T142706-0500",
      "endTime" : "20150207T143145-0500",
      "duration" : 279.0,
      "distance" : 287.0,
      "steps" : 398,
      "trackPoints" : [ {
        "lat" : 29.6393429091,
        "lon" : -82.343987304,
        "time" : "20150207T142706-0500"
      }, {
        "lat" : 29.6400880404,
        "lon" : -82.3441082497,
        "time" : "20150207T142736-0500"
      }, {
        "lat" : 29.6403608429,
        "lon" : -82.3441522284,
        "time" : "20150207T142757-0500"
      }, {
        "lat" : 29.640519241,
        "lon" : -82.3442525578,
        "time" : "20150207T142818-0500"
      }, {
        "lat" : 29.640565221,
        "lon" : -82.3443209832,
        "time" : "20150207T142837-0500"
      }, {
        "lat" : 29.6405881547,
        "lon" : -82.3443894019,
        "time" : "20150207T142858-0500"
      }, {
        "lat" : 29.6405978437,
        "lon" : -82.3444325082,
        "time" : "20150207T142917-0500"
      }, {
        "lat" : 29.6406148799,
        "lon" : -82.3444537917,
        "time" : "20150207T142938-0500"
      }, {
        "lat" : 29.6406527712,
        "lon" : -82.3444815347,
        "time" : "20150207T142958-0500"
      }, {
        "lat" : 29.6410475752,
        "lon" : -82.3446593243,
        "time" : "20150207T143031-0500"
      }, {
        "lat" : 29.6411782444,
        "lon" : -82.3447703352,
        "time" : "20150207T143052-0500"
      }, {
        "lat" : 29.6411763734,
        "lon" : -82.3447160343,
        "time" : "20150207T143113-0500"
      }, {
        "lat" : 29.6412653071,
        "lon" : -82.3444141007,
        "time" : "20150207T143145-0500"
      } ]
    } ],
    "lastUpdate" : "20150207T224044Z"
  }, {
    "type" : "place",
    "startTime" : "20150207T143145-0500",
    "endTime" : "20150207T143402-0500",
    "place" : {
      "id" : 192323596,
      "type" : "unknown",
      "location" : {
        "lat" : 29.6412653071,
        "lon" : -82.3444141007
      }
    },
    "lastUpdate" : "20150207T224044Z"
  }, {
    "type" : "move",
    "startTime" : "20150207T143402-0500",
    "endTime" : "20150207T145012-0500",
    "activities" : [ {
      "activity" : "cycling",
      "group" : "cycling",
      "manual" : false,
      "startTime" : "20150207T143402-0500",
      "endTime" : "20150207T145011-0500",
      "duration" : 969.0,
      "distance" : 3077.0,
      "trackPoints" : [ {
        "lat" : 29.6412653071,
        "lon" : -82.3444141007,
        "time" : "20150207T143402-0500"
      }, {
        "lat" : 29.6410826259,
        "lon" : -82.3441478919,
        "time" : "20150207T143426-0500"
      }, {
        "lat" : 29.6410882662,
        "lon" : -82.3440478861,
        "time" : "20150207T143447-0500"
      }, {
        "lat" : 29.6411223828,
        "lon" : -82.3438100475,
        "time" : "20150207T143507-0500"
      }, {
        "lat" : 29.6411080812,
        "lon" : -82.3436663132,
        "time" : "20150207T143527-0500"
      }, {
        "lat" : 29.6407582719,
        "lon" : -82.3429855219,
        "time" : "20150207T143547-0500"
      }, {
        "lat" : 29.6404981066,
        "lon" : -82.3427425761,
        "time" : "20150207T143608-0500"
      }, {
        "lat" : 29.6399099161,
        "lon" : -82.3422813591,
        "time" : "20150207T143648-0500"
      }, {
        "lat" : 29.6399774412,
        "lon" : -82.3422710778,
        "time" : "20150207T143709-0500"
      }, {
        "lat" : 29.6401483907,
        "lon" : -82.3419712067,
        "time" : "20150207T143729-0500"
      }, {
        "lat" : 29.6412594652,
        "lon" : -82.3398374496,
        "time" : "20150207T143800-0500"
      }, {
        "lat" : 29.6413955302,
        "lon" : -82.3394314349,
        "time" : "20150207T143821-0500"
      }, {
        "lat" : 29.6413993789,
        "lon" : -82.3393043952,
        "time" : "20150207T143841-0500"
      }, {
        "lat" : 29.6414263691,
        "lon" : -82.3392160338,
        "time" : "20150207T143901-0500"
      }, {
        "lat" : 29.641921732,
        "lon" : -82.3381420204,
        "time" : "20150207T143929-0500"
      }, {
        "lat" : 29.6423662604,
        "lon" : -82.3371185291,
        "time" : "20150207T143952-0500"
      }, {
        "lat" : 29.6424824251,
        "lon" : -82.3368696766,
        "time" : "20150207T144012-0500"
      }, {
        "lat" : 29.6425442109,
        "lon" : -82.3366999131,
        "time" : "20150207T144034-0500"
      }, {
        "lat" : 29.6429217579,
        "lon" : -82.3353530526,
        "time" : "20150207T144053-0500"
      }, {
        "lat" : 29.6431447919,
        "lon" : -82.3343054956,
        "time" : "20150207T144114-0500"
      }, {
        "lat" : 29.6431796633,
        "lon" : -82.3340744515,
        "time" : "20150207T144136-0500"
      }, {
        "lat" : 29.6433537389,
        "lon" : -82.333154085,
        "time" : "20150207T144156-0500"
      }, {
        "lat" : 29.6434327556,
        "lon" : -82.3327521501,
        "time" : "20150207T144218-0500"
      }, {
        "lat" : 29.6436448882,
        "lon" : -82.3319123937,
        "time" : "20150207T144238-0500"
      }, {
        "lat" : 29.6437542628,
        "lon" : -82.3315393135,
        "time" : "20150207T144258-0500"
      }, {
        "lat" : 29.6438001395,
        "lon" : -82.33148617,
        "time" : "20150207T144319-0500"
      }, {
        "lat" : 29.6438554121,
        "lon" : -82.3314758982,
        "time" : "20150207T144336-0500"
      }, {
        "lat" : 29.6444017725,
        "lon" : -82.3314221891,
        "time" : "20150207T144400-0500"
      }, {
        "lat" : 29.64542076,
        "lon" : -82.3313281418,
        "time" : "20150207T144421-0500"
      }, {
        "lat" : 29.647262652,
        "lon" : -82.3311128773,
        "time" : "20150207T144450-0500"
      }, {
        "lat" : 29.6479302402,
        "lon" : -82.330914741,
        "time" : "20150207T144510-0500"
      }, {
        "lat" : 29.6482246448,
        "lon" : -82.3309567834,
        "time" : "20150207T144528-0500"
      }, {
        "lat" : 29.6486699804,
        "lon" : -82.3309594404,
        "time" : "20150207T144549-0500"
      }, {
        "lat" : 29.6492214465,
        "lon" : -82.3309220834,
        "time" : "20150207T144613-0500"
      }, {
        "lat" : 29.6494157212,
        "lon" : -82.3308946778,
        "time" : "20150207T144633-0500"
      }, {
        "lat" : 29.6499837553,
        "lon" : -82.3305878706,
        "time" : "20150207T144655-0500"
      }, {
        "lat" : 29.6502355704,
        "lon" : -82.3303012516,
        "time" : "20150207T144714-0500"
      }, {
        "lat" : 29.6502980056,
        "lon" : -82.3300265444,
        "time" : "20150207T144734-0500"
      }, {
        "lat" : 29.6503047285,
        "lon" : -82.3299411602,
        "time" : "20150207T144756-0500"
      }, {
        "lat" : 29.6503257589,
        "lon" : -82.3281771221,
        "time" : "20150207T144825-0500"
      }, {
        "lat" : 29.6503391609,
        "lon" : -82.3279859606,
        "time" : "20150207T144847-0500"
      }, {
        "lat" : 29.6509973329,
        "lon" : -82.3256809501,
        "time" : "20150207T144952-0500"
      }, {
        "lat" : 29.6520942625,
        "lon" : -82.3250843385,
        "time" : "20150207T145012-0500"
      } ]
    } ],
    "lastUpdate" : "20150207T224044Z"
  }, {
    "type" : "place",
    "startTime" : "20150207T145012-0500",
    "endTime" : "20150207T145458-0500",
    "place" : {
      "id" : 194327895,
      "type" : "unknown",
      "location" : {
        "lat" : 29.6520942625,
        "lon" : -82.3250843385
      }
    },
    "lastUpdate" : "20150207T224044Z"
  }, {
    "type" : "move",
    "startTime" : "20150207T145458-0500",
    "endTime" : "20150207T145807-0500",
    "activities" : [ {
      "activity" : "cycling",
      "group" : "cycling",
      "manual" : false,
      "startTime" : "20150207T145458-0500",
      "endTime" : "20150207T145807-0500",
      "duration" : 189.0,
      "distance" : 694.0,
      "trackPoints" : [ {
        "lat" : 29.6520942625,
        "lon" : -82.3250843385,
        "time" : "20150207T145458-0500"
      }, {
        "lat" : 29.6523830431,
        "lon" : -82.3252433173,
        "time" : "20150207T145534-0500"
      }, {
        "lat" : 29.652754141,
        "lon" : -82.3255697611,
        "time" : "20150207T145606-0500"
      }, {
        "lat" : 29.6529759843,
        "lon" : -82.3268125595,
        "time" : "20150207T145656-0500"
      }, {
        "lat" : 29.6533944716,
        "lon" : -82.3268682738,
        "time" : "20150207T145716-0500"
      }, {
        "lat" : 29.6542259644,
        "lon" : -82.3266983863,
        "time" : "20150207T145738-0500"
      }, {
        "lat" : 29.6564969542,
        "lon" : -82.3267639009,
        "time" : "20150207T145807-0500"
      } ]
    } ],
    "lastUpdate" : "20150207T224044Z"
  }, {
    "type" : "place",
    "startTime" : "20150207T145807-0500",
    "endTime" : "20150207T152006-0500",
    "place" : {
      "id" : 193512500,
      "name" : "Home",
      "type" : "home",
      "location" : {
        "lat" : 29.6564969542,
        "lon" : -82.3267639009
      }
    },
    "activities" : [ {
      "activity" : "walking",
      "group" : "walking",
      "manual" : false,
      "startTime" : "20150207T145831-0500",
      "endTime" : "20150207T145901-0500",
      "duration" : 30.0,
      "distance" : 15.0,
      "steps" : 25,
      "trackPoints" : [ ]
    }, {
      "activity" : "walking",
      "group" : "walking",
      "manual" : false,
      "startTime" : "20150207T150035-0500",
      "endTime" : "20150207T150105-0500",
      "duration" : 30.0,
      "distance" : 25.0,
      "steps" : 50,
      "trackPoints" : [ ]
    } ],
    "lastUpdate" : "20150207T224044Z"
  }, {
    "type" : "move",
    "startTime" : "20150207T152006-0500",
    "endTime" : "20150207T152947-0500",
    "activities" : [ {
      "activity" : "walking",
      "group" : "walking",
      "manual" : false,
      "startTime" : "20150207T152006-0500",
      "endTime" : "20150207T152948-0500",
      "duration" : 582.0,
      "distance" : 553.0,
      "steps" : 951,
      "trackPoints" : [ {
        "lat" : 29.6564969542,
        "lon" : -82.3267639009,
        "time" : "20150207T152006-0500"
      }, {
        "lat" : 29.6565592522,
        "lon" : -82.3266124914,
        "time" : "20150207T152026-0500"
      }, {
        "lat" : 29.6565522236,
        "lon" : -82.326629453,
        "time" : "20150207T152046-0500"
      }, {
        "lat" : 29.6566114953,
        "lon" : -82.3263096548,
        "time" : "20150207T152113-0500"
      }, {
        "lat" : 29.6566707766,
        "lon" : -82.325993248,
        "time" : "20150207T152137-0500"
      }, {
        "lat" : 29.6567230883,
        "lon" : -82.3256782965,
        "time" : "20150207T152201-0500"
      }, {
        "lat" : 29.6567525483,
        "lon" : -82.32547834,
        "time" : "20150207T152218-0500"
      }, {
        "lat" : 29.6567761892,
        "lon" : -82.3252277175,
        "time" : "20150207T152241-0500"
      }, {
        "lat" : 29.6568282514,
        "lon" : -82.3248701291,
        "time" : "20150207T152303-0500"
      }, {
        "lat" : 29.6568856997,
        "lon" : -82.3246693785,
        "time" : "20150207T152319-0500"
      }, {
        "lat" : 29.6568539892,
        "lon" : -82.3246092949,
        "time" : "20150207T152336-0500"
      }, {
        "lat" : 29.6568142863,
        "lon" : -82.3244544686,
        "time" : "20150207T152357-0500"
      }, {
        "lat" : 29.6567849032,
        "lon" : -82.3239829684,
        "time" : "20150207T152429-0500"
      }, {
        "lat" : 29.6567508236,
        "lon" : -82.3236890166,
        "time" : "20150207T152450-0500"
      }, {
        "lat" : 29.656707096,
        "lon" : -82.3235159121,
        "time" : "20150207T152511-0500"
      }, {
        "lat" : 29.6566508051,
        "lon" : -82.3234438007,
        "time" : "20150207T152532-0500"
      }, {
        "lat" : 29.6565690909,
        "lon" : -82.3234237045,
        "time" : "20150207T152552-0500"
      }, {
        "lat" : 29.6564374581,
        "lon" : -82.3234082332,
        "time" : "20150207T152613-0500"
      }, {
        "lat" : 29.6559910217,
        "lon" : -82.3233238948,
        "time" : "20150207T152644-0500"
      }, {
        "lat" : 29.6556095113,
        "lon" : -82.3231933922,
        "time" : "20150207T152718-0500"
      }, {
        "lat" : 29.6554959899,
        "lon" : -82.3231404859,
        "time" : "20150207T152739-0500"
      }, {
        "lat" : 29.6554499793,
        "lon" : -82.3231090379,
        "time" : "20150207T152800-0500"
      }, {
        "lat" : 29.6554372409,
        "lon" : -82.3230929775,
        "time" : "20150207T152820-0500"
      }, {
        "lat" : 29.6554197252,
        "lon" : -82.3230475643,
        "time" : "20150207T152842-0500"
      }, {
        "lat" : 29.6554070487,
        "lon" : -82.3230216675,
        "time" : "20150207T152902-0500"
      }, {
        "lat" : 29.6554043067,
        "lon" : -82.3230086425,
        "time" : "20150207T152927-0500"
      }, {
        "lat" : 29.6552008039,
        "lon" : -82.3227941816,
        "time" : "20150207T152947-0500"
      } ]
    } ],
    "lastUpdate" : "20150207T224044Z"
  }, {
    "type" : "place",
    "startTime" : "20150207T152947-0500",
    "endTime" : "20150207T185444-0500",
    "place" : {
      "id" : 194358174,
      "type" : "unknown",
      "location" : {
        "lat" : 29.6552008039,
        "lon" : -82.3227941816
      }
    },
    "activities" : [ {
      "activity" : "walking",
      "group" : "walking",
      "manual" : false,
      "startTime" : "20150207T153411-0500",
      "endTime" : "20150207T154146-0500",
      "duration" : 455.0,
      "distance" : 422.0,
      "steps" : 563,
      "trackPoints" : [ ]
    }, {
      "activity" : "walking",
      "group" : "walking",
      "manual" : false,
      "startTime" : "20150207T182829-0500",
      "endTime" : "20150207T183445-0500",
      "duration" : 376.0,
      "distance" : 321.0,
      "steps" : 428,
      "trackPoints" : [ ]
    } ],
    "lastUpdate" : "20150208T014339Z"
  }, {
    "type" : "move",
    "startTime" : "20150207T185444-0500",
    "endTime" : "20150207T190355-0500",
    "activities" : [ {
      "activity" : "walking",
      "group" : "walking",
      "manual" : false,
      "startTime" : "20150207T185444-0500",
      "endTime" : "20150207T190356-0500",
      "duration" : 552.0,
      "distance" : 545.0,
      "steps" : 674,
      "trackPoints" : [ {
        "lat" : 29.6552008039,
        "lon" : -82.3227941816,
        "time" : "20150207T185444-0500"
      }, {
        "lat" : 29.6555340818,
        "lon" : -82.3231476928,
        "time" : "20150207T185505-0500"
      }, {
        "lat" : 29.6555690932,
        "lon" : -82.3231523858,
        "time" : "20150207T185525-0500"
      }, {
        "lat" : 29.655608331,
        "lon" : -82.323155673,
        "time" : "20150207T185546-0500"
      }, {
        "lat" : 29.6556692165,
        "lon" : -82.323154004,
        "time" : "20150207T185607-0500"
      }, {
        "lat" : 29.6561097336,
        "lon" : -82.3231248337,
        "time" : "20150207T185628-0500"
      }, {
        "lat" : 29.6564995722,
        "lon" : -82.3231126824,
        "time" : "20150207T185659-0500"
      }, {
        "lat" : 29.6565839302,
        "lon" : -82.3232031276,
        "time" : "20150207T185719-0500"
      }, {
        "lat" : 29.6566247819,
        "lon" : -82.3232938259,
        "time" : "20150207T185734-0500"
      }, {
        "lat" : 29.6566582073,
        "lon" : -82.3233861373,
        "time" : "20150207T185804-0500"
      }, {
        "lat" : 29.65667362,
        "lon" : -82.3234463368,
        "time" : "20150207T185826-0500"
      }, {
        "lat" : 29.656690735,
        "lon" : -82.3235932645,
        "time" : "20150207T185846-0500"
      }, {
        "lat" : 29.6567443911,
        "lon" : -82.324118335,
        "time" : "20150207T185907-0500"
      }, {
        "lat" : 29.6567733932,
        "lon" : -82.3244676272,
        "time" : "20150207T185928-0500"
      }, {
        "lat" : 29.6567818184,
        "lon" : -82.3246848326,
        "time" : "20150207T185948-0500"
      }, {
        "lat" : 29.6567795178,
        "lon" : -82.3247901331,
        "time" : "20150207T185959-0500"
      }, {
        "lat" : 29.6567795158,
        "lon" : -82.3247902261,
        "time" : "20150207T190000-0500"
      }, {
        "lat" : 29.6567775503,
        "lon" : -82.324880186,
        "time" : "20150207T190009-0500"
      }, {
        "lat" : 29.6567668421,
        "lon" : -82.3250521655,
        "time" : "20150207T190029-0500"
      }, {
        "lat" : 29.6567597167,
        "lon" : -82.3251549512,
        "time" : "20150207T190045-0500"
      }, {
        "lat" : 29.6567590485,
        "lon" : -82.3252634778,
        "time" : "20150207T190106-0500"
      }, {
        "lat" : 29.6567527162,
        "lon" : -82.3253876711,
        "time" : "20150207T190128-0500"
      }, {
        "lat" : 29.6565618239,
        "lon" : -82.3263734118,
        "time" : "20150207T190238-0500"
      }, {
        "lat" : 29.6565306127,
        "lon" : -82.3265762284,
        "time" : "20150207T190258-0500"
      }, {
        "lat" : 29.656520159,
        "lon" : -82.3266531431,
        "time" : "20150207T190319-0500"
      }, {
        "lat" : 29.656519474,
        "lon" : -82.3266809405,
        "time" : "20150207T190335-0500"
      }, {
        "lat" : 29.6564969542,
        "lon" : -82.3267639009,
        "time" : "20150207T190355-0500"
      } ]
    } ],
    "lastUpdate" : "20150208T014339Z"
  }, {
    "type" : "place",
    "startTime" : "20150207T190355-0500",
    "endTime" : "20150208T102406-0500",
    "place" : {
      "id" : 193512500,
      "name" : "Home",
      "type" : "home",
      "location" : {
        "lat" : 29.6564969542,
        "lon" : -82.3267639009
      }
    },
    "activities" : [ {
      "activity" : "walking",
      "group" : "walking",
      "manual" : false,
      "startTime" : "20150207T190520-0500",
      "endTime" : "20150207T190650-0500",
      "duration" : 90.0,
      "distance" : 58.0,
      "steps" : 117,
      "trackPoints" : [ ]
    }, {
      "activity" : "walking",
      "group" : "walking",
      "manual" : false,
      "startTime" : "20150207T214301-0500",
      "endTime" : "20150207T214401-0500",
      "duration" : 60.0,
      "distance" : 40.0,
      "steps" : 81,
      "trackPoints" : [ ]
    } ],
    "lastUpdate" : "20150208T181247Z"
  } ],
  "lastUpdate" : "20150208T181247Z"
} ]