[ {
  "date" : "20150202",
  "summary" : [ {
    "activity" : "walking",
    "group" : "walking",
    "duration" : 6782.0,
    "distance" : 6363.0,
    "steps" : 8702
  }, {
    "activity" : "running",
    "group" : "running",
    "duration" : 275.0,
    "distance" : 412.0,
    "steps" : 275
  }, {
    "activity" : "cycling",
    "group" : "cycling",
    "duration" : 2031.0,
    "distance" : 9698.0
  } ],
  "lastUpdate" : "20150204T125748Z"
}, {
  "date" : "20150203",
  "summary" : [ {
    "activity" : "walking",
    "group" : "walking",
    "duration" : 3055.0,
    "distance" : 2621.0,
    "steps" : 3941
  }, {
    "activity" : "running",
    "group" : "running",
    "duration" : 276.0,
    "distance" : 595.0,
    "steps" : 603
  }, {
    "activity" : "cycling",
    "group" : "cycling",
    "duration" : 2966.0,
    "distance" : 12145.0
  }, {
    "activity" : "transport",
    "group" : "transport",
    "duration" : 13496.0,
    "distance" : 3692.0
  } ],
  "lastUpdate" : "20150204T125748Z"
}, {
  "date" : "20150204",
  "summary" : [ {
    "activity" : "running",
    "group" : "running",
    "duration" : 280.0,
    "distance" : 688.0,
    "steps" : 714
  }, {
    "activity" : "walking",
    "group" : "walking",
    "duration" : 1505.0,
    "distance" : 1437.0,
    "steps" : 2060
  }, {
    "activity" : "cycling",
    "group" : "cycling",
    "duration" : 1290.0,
    "distance" : 7091.0
  } ],
  "lastUpdate" : "20150205T130306Z"
}, {
  "date" : "20150205",
  "summary" : [ {
    "activity" : "running",
    "group" : "running",
    "duration" : 295.0,
    "distance" : 681.0,
    "steps" : 537
  }, {
    "activity" : "walking",
    "group" : "walking",
    "duration" : 2131.0,
    "distance" : 1948.0,
    "steps" : 2746
  }, {
    "activity" : "cycling",
    "group" : "cycling",
    "duration" : 2003.0,
    "distance" : 10902.0
  }, {
    "activity" : "transport",
    "group" : "transport",
    "duration" : 548.0,
    "distance" : 1373.0
  } ],
  "lastUpdate" : "20150206T141341Z"
}, {
  "date" : "20150206",
  "summary" : [ {
    "activity" : "walking",
    "group" : "walking",
    "duration" : 5501.0,
    "distance" : 6693.0,
    "steps" : 8862
  }, {
    "activity" : "running",
    "group" : "running",
    "duration" : 205.0,
    "distance" : 633.0,
    "steps" : 425
  } ],
  "lastUpdate" : "20150207T170937Z"
}, {
  "date" : "20150207",
  "summary" : [ {
    "activity" : "walking",
    "group" : "walking",
    "duration" : 5452.0,
    "distance" : 5222.0,
    "steps" : 7272
  }, {
    "activity" : "cycling",
    "group" : "cycling",
    "duration" : 1780.0,
    "distance" : 7342.0
  } ],
  "lastUpdate" : "20150208T181247Z"
}, {
  "date" : "20150208",
  "summary" : [ {
    "activity" : "walking",
    "group" : "walking",
    "duration" : 6987.0,
    "distance" : 7168.0,
    "steps" : 9536
  }, {
    "activity" : "transport",
    "group" : "transport",
    "duration" : 75.0,
    "distance" : 584.0
  } ],
  "lastUpdate" : "20150209T123545Z"
} ]