[ {
  "date" : "20150209",
  "summary" : [ {
    "activity" : "walking",
    "group" : "walking",
    "duration" : 3125.0,
    "distance" : 3599.0,
    "steps" : 4489
  }, {
    "activity" : "running",
    "group" : "running",
    "duration" : 334.0,
    "distance" : 665.0,
    "steps" : 826
  }, {
    "activity" : "cycling",
    "group" : "cycling",
    "duration" : 1406.0,
    "distance" : 6313.0
  } ],
  "lastUpdate" : "20150210T155424Z"
}, {
  "date" : "20150210",
  "summary" : [ {
    "activity" : "walking",
    "group" : "walking",
    "duration" : 2113.0,
    "distance" : 2351.0,
    "steps" : 3056
  }, {
    "activity" : "cycling",
    "group" : "cycling",
    "duration" : 997.0,
    "distance" : 6221.0
  }, {
    "activity" : "transport",
    "group" : "transport",
    "duration" : 386.0,
    "distance" : 2443.0
  } ],
  "lastUpdate" : "20150212T015702Z"
}, {
  "date" : "20150211",
  "summary" : [ {
    "activity" : "walking",
    "group" : "walking",
    "duration" : 4215.0,
    "distance" : 3774.0,
    "steps" : 4309
  } ],
  "lastUpdate" : "20150213T004210Z"
}, {
  "date" : "20150212",
  "summary" : [ {
    "activity" : "walking",
    "group" : "walking",
    "duration" : 725.0,
    "distance" : 496.0,
    "steps" : 792
  }, {
    "activity" : "cycling",
    "group" : "cycling",
    "duration" : 1266.0,
    "distance" : 7528.0
  }, {
    "activity" : "transport",
    "group" : "transport",
    "duration" : 129.0,
    "distance" : 971.0
  } ],
  "lastUpdate" : "20150213T140235Z"
}, {
  "date" : "20150213",
  "summary" : [ {
    "activity" : "walking",
    "group" : "walking",
    "duration" : 2247.0,
    "distance" : 2025.0,
    "steps" : 2945
  }, {
    "activity" : "cycling",
    "group" : "cycling",
    "duration" : 1981.0,
    "distance" : 8721.0
  } ],
  "lastUpdate" : "20150214T141828Z"
}, {
  "date" : "20150214",
  "summary" : [ {
    "activity" : "walking",
    "group" : "walking",
    "duration" : 5048.0,
    "distance" : 4948.0,
    "steps" : 7022
  }, {
    "activity" : "cycling",
    "group" : "cycling",
    "duration" : 353.0,
    "distance" : 1889.0
  } ],
  "lastUpdate" : "20150216T011132Z"
}, {
  "date" : "20150215",
  "summary" : [ {
    "activity" : "walking",
    "group" : "walking",
    "duration" : 1298.0,
    "distance" : 1131.0,
    "steps" : 1830
  }, {
    "activity" : "transport",
    "group" : "transport",
    "duration" : 1031.0,
    "distance" : 2598.0
  }, {
    "activity" : "cycling",
    "group" : "cycling",
    "duration" : 163.0,
    "distance" : 657.0
  } ],
  "lastUpdate" : "20150216T235341Z"
} ]