[ {
  "date" : "20150216",
  "summary" : [ {
    "activity" : "walking",
    "group" : "walking",
    "duration" : 1486.0,
    "distance" : 1336.0,
    "steps" : 2034
  }, {
    "activity" : "cycling",
    "group" : "cycling",
    "duration" : 1637.0,
    "distance" : 8728.0
  }, {
    "activity" : "transport",
    "group" : "transport",
    "duration" : 558.0,
    "distance" : 955.0
  } ],
  "lastUpdate" : "20150217T163721Z"
}, {
  "date" : "20150217",
  "summary" : [ {
    "activity" : "walking",
    "group" : "walking",
    "duration" : 2352.0,
    "distance" : 2292.0,
    "steps" : 3446
  }, {
    "activity" : "cycling",
    "group" : "cycling",
    "duration" : 2056.0,
    "distance" : 8229.0
  } ],
  "lastUpdate" : "20150219T015923Z"
}, {
  "date" : "20150218",
  "summary" : [ {
    "activity" : "walking",
    "group" : "walking",
    "duration" : 3113.0,
    "distance" : 2911.0,
    "steps" : 4301
  }, {
    "activity" : "transport",
    "group" : "transport",
    "duration" : 191.0,
    "distance" : 905.0
  } ],
  "lastUpdate" : "20150219T170916Z"
}, {
  "date" : "20150219",
  "summary" : [ {
    "activity" : "walking",
    "group" : "walking",
    "duration" : 1713.0,
    "distance" : 1574.0,
    "steps" : 2233
  }, {
    "activity" : "transport",
    "group" : "transport",
    "duration" : 13002.0,
    "distance" : 267204.0
  }, {
    "activity" : "cycling",
    "group" : "cycling",
    "duration" : 1235.0,
    "distance" : 7392.0
  } ],
  "lastUpdate" : "20150220T133156Z"
}, {
  "date" : "20150220",
  "summary" : [ {
    "activity" : "walking",
    "group" : "walking",
    "duration" : 208.0,
    "distance" : 159.0,
    "steps" : 193
  } ],
  "lastUpdate" : "20150220T133156Z"
} ]