[ {
  "date" : "20150125",
  "summary" : [ {
    "activity" : "walking",
    "group" : "walking",
    "duration" : 4653.0,
    "distance" : 5274.0,
    "steps" : 7622
  } ],
  "segments" : [ {
    "type" : "place",
    "startTime" : "20150125T104611-0500",
    "endTime" : "20150125T124643-0500",
    "activities" : [ {
      "activity" : "walking",
      "group" : "walking",
      "manual" : false,
      "startTime" : "20150125T104612-0500",
      "endTime" : "20150125T104850-0500",
      "duration" : 158.0,
      "distance" : 204.0,
      "steps" : 272
    }, {
      "activity" : "walking",
      "group" : "walking",
      "manual" : false,
      "startTime" : "20150125T110000-0500",
      "endTime" : "20150125T110453-0500",
      "duration" : 293.0,
      "distance" : 250.0,
      "steps" : 334
    } ],
    "lastUpdate" : "20150125T202015Z"
  }, {
    "type" : "move",
    "startTime" : "20150125T124643-0500",
    "endTime" : "20150125T125733-0500",
    "activities" : [ {
      "activity" : "walking",
      "group" : "walking",
      "manual" : false,
      "startTime" : "20150125T124643-0500",
      "endTime" : "20150125T125733-0500",
      "duration" : 650.0,
      "distance" : 946.0,
      "steps" : 1376
    } ],
    "lastUpdate" : "20150125T202015Z"
  }, {
    "type" : "place",
    "startTime" : "20150125T125733-0500",
    "endTime" : "20150125T134933-0500",
    "activities" : [ {
      "activity" : "walking",
      "group" : "walking",
      "manual" : false,
      "startTime" : "20150125T131308-0500",
      "endTime" : "20150125T131827-0500",
      "duration" : 319.0,
      "distance" : 334.0,
      "steps" : 445
    } ],
    "lastUpdate" : "20150125T202015Z"
  }, {
    "type" : "move",
    "startTime" : "20150125T134933-0500",
    "endTime" : "20150125T135430-0500",
    "activities" : [ {
      "activity" : "walking",
      "group" : "walking",
      "manual" : false,
      "startTime" : "20150125T134933-0500",
      "endTime" : "20150125T135431-0500",
      "duration" : 298.0,
      "distance" : 451.0,
      "steps" : 637
    } ],
    "lastUpdate" : "20150125T202015Z"
  }, {
    "type" : "place",
    "startTime" : "20150125T135430-0500",
    "endTime" : "20150125T140411-0500",
    "activities" : [ {
      "activity" : "walking",
      "group" : "walking",
      "manual" : false,
      "startTime" : "20150125T140112-0500",
      "endTime" : "20150125T140343-0500",
      "duration" : 151.0,
      "distance" : 192.0,
      "steps" : 255
    } ],
    "lastUpdate" : "20150125T202015Z"
  }, {
    "type" : "move",
    "startTime" : "20150125T140411-0500",
    "endTime" : "20150125T140736-0500",
    "activities" : [ {
      "activity" : "walking",
      "group" : "walking",
      "manual" : false,
      "startTime" : "20150125T140411-0500",
      "endTime" : "20150125T140737-0500",
      "duration" : 206.0,
      "distance" : 361.0,
      "steps" : 301
    } ],
    "lastUpdate" : "20150125T202015Z"
  }, {
    "type" : "place",
    "startTime" : "20150125T140736-0500",
    "endTime" : "20150125T161409-0500",
    "activities" : [ {
      "activity" : "walking",
      "group" : "walking",
      "manual" : false,
      "startTime" : "20150125T140736-0500",
      "endTime" : "20150125T140836-0500",
      "duration" : 60.0,
      "distance" : 35.0,
      "steps" : 71
    } ],
    "lastUpdate" : "20150125T235000Z"
  }, {
    "type" : "move",
    "startTime" : "20150125T161409-0500",
    "endTime" : "20150125T163750-0500",
    "activities" : [ {
      "activity" : "walking",
      "group" : "walking",
      "manual" : false,
      "startTime" : "20150125T161409-0500",
      "endTime" : "20150125T163750-0500",
      "duration" : 1421.0,
      "distance" : 1510.0,
      "steps" : 2514
    } ],
    "lastUpdate" : "20150125T235000Z"
  }, {
    "type" : "place",
    "startTime" : "20150125T163750-0500",
    "endTime" : "20150126T161304-0500",
    "activities" : [ {
      "activity" : "walking",
      "group" : "walking",
      "manual" : false,
      "startTime" : "20150125T163750-0500",
      "endTime" : "20150125T163824-0500",
      "duration" : 34.0,
      "distance" : 27.0,
      "steps" : 54
    }, {
      "activity" : "walking",
      "group" : "walking",
      "manual" : false,
      "startTime" : "20150125T174739-0500",
      "endTime" : "20150125T174909-0500",
      "duration" : 90.0,
      "distance" : 56.0,
      "steps" : 112
    }, {
      "activity" : "walking",
      "group" : "walking",
      "manual" : false,
      "startTime" : "20150125T180355-0500",
      "endTime" : "20150125T181003-0500",
      "duration" : 368.0,
      "distance" : 335.0,
      "steps" : 447
    }, {
      "activity" : "walking",
      "group" : "walking",
      "manual" : false,
      "startTime" : "20150125T190028-0500",
      "endTime" : "20150125T190701-0500",
      "duration" : 393.0,
      "distance" : 391.0,
      "steps" : 521
    }, {
      "activity" : "walking",
      "group" : "walking",
      "manual" : false,
      "startTime" : "20150125T201103-0500",
      "endTime" : "20150125T201305-0500",
      "duration" : 122.0,
      "distance" : 121.0,
      "steps" : 161
    }, {
      "activity" : "walking",
      "group" : "walking",
      "manual" : false,
      "startTime" : "20150125T210424-0500",
      "endTime" : "20150125T210524-0500",
      "duration" : 60.0,
      "distance" : 41.0,
      "steps" : 81
    }, {
      "activity" : "walking",
      "group" : "walking",
      "manual" : false,
      "startTime" : "20150125T222013-0500",
      "endTime" : "20150125T222043-0500",
      "duration" : 30.0,
      "distance" : 20.0,
      "steps" : 41
    } ],
    "lastUpdate" : "20150126T233816Z"
  } ],
  "lastUpdate" : "20150126T233816Z"
}, {
  "date" : "20150126",
  "summary" : [ {
    "activity" : "walking",
    "group" : "walking",
    "duration" : 1262.0,
    "distance" : 1071.0,
    "steps" : 1450
  }, {
    "activity" : "cycling",
    "group" : "cycling",
    "duration" : 1488.0,
    "distance" : 8318.0
  } ],
  "segments" : [ {
    "type" : "place",
    "startTime" : "20150125T163750-0500",
    "endTime" : "20150126T161304-0500",
    "activities" : [ {
      "activity" : "walking",
      "group" : "walking",
      "manual" : false,
      "startTime" : "20150126T075331-0500",
      "endTime" : "20150126T075600-0500",
      "duration" : 149.0,
      "distance" : 112.0,
      "steps" : 111
    }, {
      "activity" : "walking",
      "group" : "walking",
      "manual" : false,
      "startTime" : "20150126T085739-0500",
      "endTime" : "20150126T085819-0500",
      "duration" : 40.0,
      "distance" : 24.0,
      "steps" : 48
    }, {
      "activity" : "walking",
      "group" : "walking",
      "manual" : false,
      "startTime" : "20150126T090214-0500",
      "endTime" : "20150126T090321-0500",
      "duration" : 67.0,
      "distance" : 48.0,
      "steps" : 97
    }, {
      "activity" : "walking",
      "group" : "walking",
      "manual" : false,
      "startTime" : "20150126T103409-0500",
      "endTime" : "20150126T103640-0500",
      "duration" : 151.0,
      "distance" : 113.0,
      "steps" : 85
    }, {
      "activity" : "walking",
      "group" : "walking",
      "manual" : false,
      "startTime" : "20150126T113256-0500",
      "endTime" : "20150126T113326-0500",
      "duration" : 30.0,
      "distance" : 15.0,
      "steps" : 30
    }, {
      "activity" : "walking",
      "group" : "walking",
      "manual" : false,
      "startTime" : "20150126T141132-0500",
      "endTime" : "20150126T141459-0500",
      "duration" : 207.0,
      "distance" : 160.0,
      "steps" : 214
    }, {
      "activity" : "walking",
      "group" : "walking",
      "manual" : false,
      "startTime" : "20150126T150403-0500",
      "endTime" : "20150126T150503-0500",
      "duration" : 60.0,
      "distance" : 33.0,
      "steps" : 65
    } ],
    "lastUpdate" : "20150126T233816Z"
  }, {
    "type" : "move",
    "startTime" : "20150126T161304-0500",
    "endTime" : "20150126T162438-0500",
    "activities" : [ {
      "activity" : "cycling",
      "group" : "cycling",
      "manual" : false,
      "startTime" : "20150126T161304-0500",
      "endTime" : "20150126T162438-0500",
      "duration" : 694.0,
      "distance" : 4097.0
    } ],
    "lastUpdate" : "20150126T233816Z"
  }, {
    "type" : "place",
    "startTime" : "20150126T162438-0500",
    "endTime" : "20150126T184219-0500",
    "activities" : [ {
      "activity" : "walking",
      "group" : "walking",
      "manual" : false,
      "startTime" : "20150126T162539-0500",
      "endTime" : "20150126T162812-0500",
      "duration" : 153.0,
      "distance" : 155.0,
      "steps" : 207
    }, {
      "activity" : "walking",
      "group" : "walking",
      "manual" : false,
      "startTime" : "20150126T183451-0500",
      "endTime" : "20150126T183945-0500",
      "duration" : 294.0,
      "distance" : 341.0,
      "steps" : 455
    } ],
    "lastUpdate" : "20150127T010912Z"
  }, {
    "type" : "move",
    "startTime" : "20150126T184219-0500",
    "endTime" : "20150126T185533-0500",
    "activities" : [ {
      "activity" : "cycling",
      "group" : "cycling",
      "manual" : false,
      "startTime" : "20150126T184219-0500",
      "endTime" : "20150126T185533-0500",
      "duration" : 794.0,
      "distance" : 4221.0
    } ],
    "lastUpdate" : "20150127T010912Z"
  }, {
    "type" : "place",
    "startTime" : "20150126T185534-0500",
    "endTime" : "20150127T062233-0500",
    "activities" : [ {
      "activity" : "walking",
      "group" : "walking",
      "manual" : false,
      "startTime" : "20150126T185737-0500",
      "endTime" : "20150126T185804-0500",
      "duration" : 27.0,
      "distance" : 17.0,
      "steps" : 34
    }, {
      "activity" : "walking",
      "group" : "walking",
      "manual" : false,
      "startTime" : "20150126T204022-0500",
      "endTime" : "20150126T204050-0500",
      "duration" : 28.0,
      "distance" : 14.0,
      "steps" : 27
    }, {
      "activity" : "walking",
      "group" : "walking",
      "manual" : false,
      "startTime" : "20150126T210904-0500",
      "endTime" : "20150126T210907-0500",
      "duration" : 3.0,
      "distance" : 2.0,
      "steps" : 4
    }, {
      "activity" : "walking",
      "group" : "walking",
      "manual" : false,
      "startTime" : "20150126T221618-0500",
      "endTime" : "20150126T221641-0500",
      "duration" : 23.0,
      "distance" : 12.0,
      "steps" : 22
    }, {
      "activity" : "walking",
      "group" : "walking",
      "manual" : false,
      "startTime" : "20150126T231502-0500",
      "endTime" : "20150126T231532-0500",
      "duration" : 30.0,
      "distance" : 25.0,
      "steps" : 51
    } ],
    "lastUpdate" : "20150127T125931Z"
  } ],
  "lastUpdate" : "20150127T125931Z"
}, {
  "date" : "20150127",
  "summary" : [ {
    "activity" : "running",
    "group" : "running",
    "duration" : 260.0,
    "distance" : 676.0,
    "steps" : 634
  }, {
    "activity" : "walking",
    "group" : "walking",
    "duration" : 1292.0,
    "distance" : 1133.0,
    "steps" : 1666
  }, {
    "activity" : "cycling",
    "group" : "cycling",
    "duration" : 3303.0,
    "distance" : 15305.0
  } ],
  "segments" : [ {
    "type" : "move",
    "startTime" : "20150127T062233-0500",
    "endTime" : "20150127T062654-0500",
    "activities" : [ {
      "activity" : "running",
      "group" : "running",
      "manual" : false,
      "startTime" : "20150127T062233-0500",
      "endTime" : "20150127T062653-0500",
      "duration" : 260.0,
      "distance" : 676.0,
      "steps" : 634
    } ],
    "lastUpdate" : "20150127T125931Z"
  }, {
    "type" : "place",
    "startTime" : "20150127T062654-0500",
    "endTime" : "20150127T080939-0500",
    "activities" : [ {
      "activity" : "walking",
      "group" : "walking",
      "manual" : false,
      "startTime" : "20150127T062700-0500",
      "endTime" : "20150127T062717-0500",
      "duration" : 17.0,
      "distance" : 10.0,
      "steps" : 19
    }, {
      "activity" : "walking",
      "group" : "walking",
      "manual" : false,
      "startTime" : "20150127T075930-0500",
      "endTime" : "20150127T075936-0500",
      "duration" : 6.0,
      "distance" : 3.0,
      "steps" : 6
    }, {
      "activity" : "walking",
      "group" : "walking",
      "manual" : false,
      "startTime" : "20150127T080012-0500",
      "endTime" : "20150127T080258-0500",
      "duration" : 166.0,
      "distance" : 169.0,
      "steps" : 226
    } ],
    "lastUpdate" : "20150127T144807Z"
  }, {
    "type" : "move",
    "startTime" : "20150127T080939-0500",
    "endTime" : "20150127T082101-0500",
    "activities" : [ {
      "activity" : "cycling",
      "group" : "cycling",
      "manual" : false,
      "startTime" : "20150127T080939-0500",
      "endTime" : "20150127T082101-0500",
      "duration" : 682.0,
      "distance" : 2952.0
    } ],
    "lastUpdate" : "20150127T144807Z"
  }, {
    "type" : "place",
    "startTime" : "20150127T082101-0500",
    "endTime" : "20150127T091147-0500",
    "activities" : [ {
      "activity" : "walking",
      "group" : "walking",
      "manual" : false,
      "startTime" : "20150127T082447-0500",
      "endTime" : "20150127T082517-0500",
      "duration" : 30.0,
      "distance" : 15.0,
      "steps" : 31
    }, {
      "activity" : "walking",
      "group" : "walking",
      "manual" : false,
      "startTime" : "20150127T090723-0500",
      "endTime" : "20150127T090756-0500",
      "duration" : 33.0,
      "distance" : 19.0,
      "steps" : 37
    } ],
    "lastUpdate" : "20150127T161906Z"
  }, {
    "type" : "move",
    "startTime" : "20150127T091147-0500",
    "endTime" : "20150127T092929-0500",
    "activities" : [ {
      "activity" : "cycling",
      "group" : "cycling",
      "manual" : false,
      "startTime" : "20150127T091147-0500",
      "endTime" : "20150127T092929-0500",
      "duration" : 1062.0,
      "distance" : 5600.0
    } ],
    "lastUpdate" : "20150127T161906Z"
  }, {
    "type" : "place",
    "startTime" : "20150127T092929-0500",
    "endTime" : "20150127T114220-0500",
    "activities" : [ {
      "activity" : "walking",
      "group" : "walking",
      "manual" : false,
      "startTime" : "20150127T092946-0500",
      "endTime" : "20150127T093250-0500",
      "duration" : 184.0,
      "distance" : 138.0,
      "steps" : 175
    }, {
      "activity" : "walking",
      "group" : "walking",
      "manual" : false,
      "startTime" : "20150127T105219-0500",
      "endTime" : "20150127T105319-0500",
      "duration" : 60.0,
      "distance" : 50.0,
      "steps" : 101
    }, {
      "activity" : "walking",
      "group" : "walking",
      "manual" : false,
      "startTime" : "20150127T113209-0500",
      "endTime" : "20150127T113440-0500",
      "duration" : 151.0,
      "distance" : 153.0,
      "steps" : 204
    } ],
    "lastUpdate" : "20150127T222346Z"
  }, {
    "type" : "move",
    "startTime" : "20150127T114220-0500",
    "endTime" : "20150127T115233-0500",
    "activities" : [ {
      "activity" : "cycling",
      "group" : "cycling",
      "manual" : false,
      "startTime" : "20150127T114220-0500",
      "endTime" : "20150127T115233-0500",
      "duration" : 613.0,
      "distance" : 1952.0
    } ],
    "lastUpdate" : "20150127T222346Z"
  }, {
    "type" : "move",
    "startTime" : "20150127T115628-0500",
    "endTime" : "20150127T121214-0500",
    "activities" : [ {
      "activity" : "cycling",
      "group" : "cycling",
      "manual" : false,
      "startTime" : "20150127T115628-0500",
      "endTime" : "20150127T121214-0500",
      "duration" : 946.0,
      "distance" : 4801.0
    } ],
    "lastUpdate" : "20150127T222346Z"
  }, {
    "type" : "place",
    "startTime" : "20150127T121214-0500",
    "endTime" : "20150128T193330-0500",
    "activities" : [ {
      "activity" : "walking",
      "group" : "walking",
      "manual" : false,
      "startTime" : "20150127T121340-0500",
      "endTime" : "20150127T121454-0500",
      "duration" : 74.0,
      "distance" : 52.0,
      "steps" : 105
    }, {
      "activity" : "walking",
      "group" : "walking",
      "manual" : false,
      "startTime" : "20150127T132649-0500",
      "endTime" : "20150127T133019-0500",
      "duration" : 210.0,
      "distance" : 235.0,
      "steps" : 314
    }, {
      "activity" : "walking",
      "group" : "walking",
      "manual" : false,
      "startTime" : "20150127T143703-0500",
      "endTime" : "20150127T143803-0500",
      "duration" : 60.0,
      "distance" : 30.0,
      "steps" : 61
    }, {
      "activity" : "walking",
      "group" : "walking",
      "manual" : false,
      "startTime" : "20150127T154250-0500",
      "endTime" : "20150127T154320-0500",
      "duration" : 30.0,
      "distance" : 20.0,
      "steps" : 40
    }, {
      "activity" : "walking",
      "group" : "walking",
      "manual" : false,
      "startTime" : "20150127T163053-0500",
      "endTime" : "20150127T163154-0500",
      "duration" : 61.0,
      "distance" : 41.0,
      "steps" : 83
    }, {
      "activity" : "walking",
      "group" : "walking",
      "manual" : false,
      "startTime" : "20150127T181601-0500",
      "endTime" : "20150127T181931-0500",
      "duration" : 210.0,
      "distance" : 198.0,
      "steps" : 264
    } ],
    "lastUpdate" : "20150129T021540Z"
  } ],
  "lastUpdate" : "20150129T021540Z"
}, {
  "date" : "20150128",
  "summary" : [ {
    "activity" : "walking",
    "group" : "walking",
    "duration" : 4117.0,
    "distance" : 3805.0,
    "steps" : 4993
  } ],
  "segments" : [ {
    "type" : "place",
    "startTime" : "20150127T121214-0500",
    "endTime" : "20150128T193330-0500",
    "activities" : [ {
      "activity" : "walking",
      "group" : "walking",
      "manual" : false,
      "startTime" : "20150128T050535-0500",
      "endTime" : "20150128T050622-0500",
      "duration" : 47.0,
      "distance" : 24.0,
      "steps" : 34
    }, {
      "activity" : "walking",
      "group" : "walking",
      "manual" : false,
      "startTime" : "20150128T065220-0500",
      "endTime" : "20150128T065250-0500",
      "duration" : 30.0,
      "distance" : 15.0,
      "steps" : 24
    }, {
      "activity" : "walking",
      "group" : "walking",
      "manual" : false,
      "startTime" : "20150128T072600-0500",
      "endTime" : "20150128T072730-0500",
      "duration" : 90.0,
      "distance" : 76.0,
      "steps" : 152
    }, {
      "activity" : "walking",
      "group" : "walking",
      "manual" : false,
      "startTime" : "20150128T080041-0500",
      "endTime" : "20150128T080410-0500",
      "duration" : 209.0,
      "distance" : 198.0,
      "steps" : 264
    }, {
      "activity" : "walking",
      "group" : "walking",
      "manual" : false,
      "startTime" : "20150128T090322-0500",
      "endTime" : "20150128T090743-0500",
      "duration" : 261.0,
      "distance" : 238.0,
      "steps" : 317
    }, {
      "activity" : "walking",
      "group" : "walking",
      "manual" : false,
      "startTime" : "20150128T113155-0500",
      "endTime" : "20150128T113225-0500",
      "duration" : 30.0,
      "distance" : 15.0,
      "steps" : 15
    }, {
      "activity" : "walking",
      "group" : "walking",
      "manual" : false,
      "startTime" : "20150128T154744-0500",
      "endTime" : "20150128T154814-0500",
      "duration" : 30.0,
      "distance" : 20.0,
      "steps" : 40
    }, {
      "activity" : "walking",
      "group" : "walking",
      "manual" : false,
      "startTime" : "20150128T174748-0500",
      "endTime" : "20150128T174818-0500",
      "duration" : 30.0,
      "distance" : 20.0,
      "steps" : 41
    }, {
      "activity" : "walking",
      "group" : "walking",
      "manual" : false,
      "startTime" : "20150128T184439-0500",
      "endTime" : "20150128T184509-0500",
      "duration" : 30.0,
      "distance" : 15.0,
      "steps" : 30
    }, {
      "activity" : "walking",
      "group" : "walking",
      "manual" : false,
      "startTime" : "20150128T193023-0500",
      "endTime" : "20150128T201048-0500",
      "duration" : 2425.0,
      "distance" : 2027.0,
      "steps" : 2703
    } ],
    "lastUpdate" : "20150129T021540Z"
  }, {
    "type" : "move",
    "startTime" : "20150128T193330-0500",
    "endTime" : "20150128T193815-0500",
    "activities" : [ {
      "activity" : "walking",
      "group" : "walking",
      "manual" : false,
      "startTime" : "20150128T193330-0500",
      "endTime" : "20150128T193814-0500",
      "duration" : 284.0,
      "distance" : 514.0,
      "steps" : 479
    } ],
    "lastUpdate" : "20150129T021540Z"
  }, {
    "type" : "place",
    "startTime" : "20150128T193815-0500",
    "endTime" : "20150128T221611-0500",
    "activities" : [ {
      "activity" : "walking",
      "group" : "walking",
      "manual" : false,
      "startTime" : "20150128T194309-0500",
      "endTime" : "20150128T194339-0500",
      "duration" : 30.0,
      "distance" : 20.0,
      "steps" : 41
    }, {
      "activity" : "walking",
      "group" : "walking",
      "manual" : false,
      "startTime" : "20150128T211616-0500",
      "endTime" : "20150128T211705-0500",
      "duration" : 49.0,
      "distance" : 30.0,
      "steps" : 61
    }, {
      "activity" : "walking",
      "group" : "walking",
      "manual" : false,
      "startTime" : "20150128T220552-0500",
      "endTime" : "20150128T220622-0500",
      "duration" : 30.0,
      "distance" : 15.0,
      "steps" : 30
    } ],
    "lastUpdate" : "20150129T044302Z"
  }, {
    "type" : "move",
    "startTime" : "20150128T221611-0500",
    "endTime" : "20150128T222442-0500",
    "activities" : [ {
      "activity" : "walking",
      "group" : "walking",
      "manual" : false,
      "startTime" : "20150128T221611-0500",
      "endTime" : "20150128T222443-0500",
      "duration" : 512.0,
      "distance" : 563.0,
      "steps" : 742
    } ],
    "lastUpdate" : "20150129T044302Z"
  }, {
    "type" : "place",
    "startTime" : "20150128T222443-0500",
    "endTime" : "20150129T125333-0500",
    "activities" : [ {
      "activity" : "walking",
      "group" : "walking",
      "manual" : false,
      "startTime" : "20150128T222521-0500",
      "endTime" : "20150128T222551-0500",
      "duration" : 30.0,
      "distance" : 15.0,
      "steps" : 20
    } ],
    "lastUpdate" : "20150129T195301Z"
  } ],
  "lastUpdate" : "20150129T195301Z"
}, {
  "date" : "20150129",
  "summary" : [ {
    "activity" : "walking",
    "group" : "walking",
    "duration" : 2801.0,
    "distance" : 2441.0,
    "steps" : 3571
  }, {
    "activity" : "cycling",
    "group" : "cycling",
    "duration" : 2020.0,
    "distance" : 9394.0
  }, {
    "activity" : "transport",
    "group" : "transport",
    "duration" : 198.0,
    "distance" : 797.0
  } ],
  "segments" : [ {
    "type" : "place",
    "startTime" : "20150128T222443-0500",
    "endTime" : "20150129T125333-0500",
    "activities" : [ {
      "activity" : "walking",
      "group" : "walking",
      "manual" : false,
      "startTime" : "20150129T071942-0500",
      "endTime" : "20150129T072248-0500",
      "duration" : 186.0,
      "distance" : 150.0,
      "steps" : 200
    }, {
      "activity" : "walking",
      "group" : "walking",
      "manual" : false,
      "startTime" : "20150129T125305-0500",
      "endTime" : "20150129T131043-0500",
      "duration" : 1058.0,
      "distance" : 808.0,
      "steps" : 1076
    } ],
    "lastUpdate" : "20150129T195301Z"
  }, {
    "type" : "move",
    "startTime" : "20150129T125333-0500",
    "endTime" : "20150129T130704-0500",
    "activities" : [ {
      "activity" : "cycling",
      "group" : "cycling",
      "manual" : false,
      "startTime" : "20150129T125333-0500",
      "endTime" : "20150129T130705-0500",
      "duration" : 812.0,
      "distance" : 3724.0
    } ],
    "lastUpdate" : "20150129T195301Z"
  }, {
    "type" : "place",
    "startTime" : "20150129T130704-0500",
    "endTime" : "20150129T135854-0500",
    "activities" : [ {
      "activity" : "walking",
      "group" : "walking",
      "manual" : false,
      "startTime" : "20150129T130746-0500",
      "endTime" : "20150129T131216-0500",
      "duration" : 270.0,
      "distance" : 327.0,
      "steps" : 437
    } ],
    "lastUpdate" : "20150129T212409Z"
  }, {
    "type" : "move",
    "startTime" : "20150129T135854-0500",
    "endTime" : "20150129T140124-0500",
    "activities" : [ {
      "activity" : "cycling",
      "group" : "cycling",
      "manual" : false,
      "startTime" : "20150129T135854-0500",
      "endTime" : "20150129T140125-0500",
      "duration" : 151.0,
      "distance" : 684.0
    } ],
    "lastUpdate" : "20150129T212409Z"
  }, {
    "type" : "move",
    "startTime" : "20150129T140349-0500",
    "endTime" : "20150129T141923-0500",
    "activities" : [ {
      "activity" : "cycling",
      "group" : "cycling",
      "manual" : false,
      "startTime" : "20150129T140349-0500",
      "endTime" : "20150129T140923-0500",
      "duration" : 334.0,
      "distance" : 1458.0
    } ],
    "lastUpdate" : "20150129T212409Z"
  }, {
    "type" : "place",
    "startTime" : "20150129T141923-0500",
    "endTime" : "20150129T160607-0500",
    "activities" : [ {
      "activity" : "walking",
      "group" : "walking",
      "manual" : false,
      "startTime" : "20150129T142354-0500",
      "endTime" : "20150129T142424-0500",
      "duration" : 30.0,
      "distance" : 25.0,
      "steps" : 51
    }, {
      "activity" : "walking",
      "group" : "walking",
      "manual" : false,
      "startTime" : "20150129T150434-0500",
      "endTime" : "20150129T150634-0500",
      "duration" : 120.0,
      "distance" : 66.0,
      "steps" : 131
    }, {
      "activity" : "walking",
      "group" : "walking",
      "manual" : false,
      "startTime" : "20150129T160102-0500",
      "endTime" : "20150129T160302-0500",
      "duration" : 120.0,
      "distance" : 81.0,
      "steps" : 162
    } ],
    "lastUpdate" : "20150129T215354Z"
  }, {
    "type" : "move",
    "startTime" : "20150129T160607-0500",
    "endTime" : "20150129T161204-0500",
    "activities" : [ {
      "activity" : "transport",
      "group" : "transport",
      "manual" : false,
      "startTime" : "20150129T160607-0500",
      "endTime" : "20150129T160925-0500",
      "duration" : 198.0,
      "distance" : 797.0
    }, {
      "activity" : "walking",
      "group" : "walking",
      "manual" : false,
      "startTime" : "20150129T160926-0500",
      "endTime" : "20150129T161204-0500",
      "duration" : 158.0,
      "distance" : 112.0,
      "steps" : 224
    } ],
    "lastUpdate" : "20150129T215354Z"
  }, {
    "type" : "place",
    "startTime" : "20150129T161204-0500",
    "endTime" : "20150129T202033-0500",
    "activities" : [ {
      "activity" : "walking",
      "group" : "walking",
      "manual" : false,
      "startTime" : "20150129T174851-0500",
      "endTime" : "20150129T175043-0500",
      "duration" : 112.0,
      "distance" : 70.0,
      "steps" : 140
    }, {
      "activity" : "walking",
      "group" : "walking",
      "manual" : false,
      "startTime" : "20150129T182750-0500",
      "endTime" : "20150129T182850-0500",
      "duration" : 60.0,
      "distance" : 38.0,
      "steps" : 76
    }, {
      "activity" : "walking",
      "group" : "walking",
      "manual" : false,
      "startTime" : "20150129T194859-0500",
      "endTime" : "20150129T194929-0500",
      "duration" : 30.0,
      "distance" : 31.0,
      "steps" : 61
    }, {
      "activity" : "walking",
      "group" : "walking",
      "manual" : false,
      "startTime" : "20150129T201411-0500",
      "endTime" : "20150129T202308-0500",
      "duration" : 537.0,
      "distance" : 673.0,
      "steps" : 897
    } ],
    "lastUpdate" : "20150130T032801Z"
  }, {
    "type" : "move",
    "startTime" : "20150129T202033-0500",
    "endTime" : "20150129T203236-0500",
    "activities" : [ {
      "activity" : "cycling",
      "group" : "cycling",
      "manual" : false,
      "startTime" : "20150129T202033-0500",
      "endTime" : "20150129T203236-0500",
      "duration" : 723.0,
      "distance" : 3528.0
    } ],
    "lastUpdate" : "20150130T032801Z"
  }, {
    "type" : "place",
    "startTime" : "20150129T203236-0500",
    "endTime" : "20150130T091715-0500",
    "activities" : [ {
      "activity" : "walking",
      "group" : "walking",
      "manual" : false,
      "startTime" : "20150129T203326-0500",
      "endTime" : "20150129T203356-0500",
      "duration" : 30.0,
      "distance" : 15.0,
      "steps" : 30
    }, {
      "activity" : "walking",
      "group" : "walking",
      "manual" : false,
      "startTime" : "20150129T212916-0500",
      "endTime" : "20150129T213046-0500",
      "duration" : 90.0,
      "distance" : 45.0,
      "steps" : 86
    } ],
    "lastUpdate" : "20150130T170701Z"
  } ],
  "lastUpdate" : "20150130T170701Z"
}, {
  "date" : "20150130",
  "summary" : [ {
    "activity" : "walking",
    "group" : "walking",
    "duration" : 3331.0,
    "distance" : 3293.0,
    "steps" : 3962
  }, {
    "activity" : "cycling",
    "group" : "cycling",
    "duration" : 2338.0,
    "distance" : 13402.0
  }, {
    "activity" : "transport",
    "group" : "transport",
    "duration" : 219.0,
    "distance" : 937.0
  } ],
  "segments" : [ {
    "type" : "place",
    "startTime" : "20150129T203236-0500",
    "endTime" : "20150130T091715-0500",
    "activities" : [ {
      "activity" : "walking",
      "group" : "walking",
      "manual" : false,
      "startTime" : "20150130T054403-0500",
      "endTime" : "20150130T054433-0500",
      "duration" : 30.0,
      "distance" : 15.0,
      "steps" : 20
    }, {
      "activity" : "walking",
      "group" : "walking",
      "manual" : false,
      "startTime" : "20150130T062041-0500",
      "endTime" : "20150130T062111-0500",
      "duration" : 30.0,
      "distance" : 15.0,
      "steps" : 30
    }, {
      "activity" : "walking",
      "group" : "walking",
      "manual" : false,
      "startTime" : "20150130T091302-0500",
      "endTime" : "20150130T091402-0500",
      "duration" : 60.0,
      "distance" : 30.0,
      "steps" : 50
    } ],
    "lastUpdate" : "20150130T170701Z"
  }, {
    "type" : "move",
    "startTime" : "20150130T091715-0500",
    "endTime" : "20150130T092643-0500",
    "activities" : [ {
      "activity" : "cycling",
      "group" : "cycling",
      "manual" : false,
      "startTime" : "20150130T091715-0500",
      "endTime" : "20150130T092643-0500",
      "duration" : 568.0,
      "distance" : 3480.0
    } ],
    "lastUpdate" : "20150130T170701Z"
  }, {
    "type" : "place",
    "startTime" : "20150130T092643-0500",
    "endTime" : "20150130T123711-0500",
    "activities" : [ {
      "activity" : "walking",
      "group" : "walking",
      "manual" : false,
      "startTime" : "20150130T092808-0500",
      "endTime" : "20150130T093337-0500",
      "duration" : 329.0,
      "distance" : 393.0,
      "steps" : 523
    }, {
      "activity" : "walking",
      "group" : "walking",
      "manual" : false,
      "startTime" : "20150130T110725-0500",
      "endTime" : "20150130T111457-0500",
      "duration" : 452.0,
      "distance" : 447.0,
      "steps" : 596
    }, {
      "activity" : "walking",
      "group" : "walking",
      "manual" : false,
      "startTime" : "20150130T123350-0500",
      "endTime" : "20150130T123437-0500",
      "duration" : 47.0,
      "distance" : 43.0,
      "steps" : 86
    } ],
    "lastUpdate" : "20150130T185831Z"
  }, {
    "type" : "move",
    "startTime" : "20150130T123711-0500",
    "endTime" : "20150130T125317-0500",
    "activities" : [ {
      "activity" : "cycling",
      "group" : "cycling",
      "manual" : false,
      "startTime" : "20150130T123711-0500",
      "endTime" : "20150130T125318-0500",
      "duration" : 967.0,
      "distance" : 5827.0
    } ],
    "lastUpdate" : "20150130T185831Z"
  }, {
    "type" : "place",
    "startTime" : "20150130T125317-0500",
    "endTime" : "20150130T133427-0500",
    "activities" : [ {
      "activity" : "walking",
      "group" : "walking",
      "manual" : false,
      "startTime" : "20150130T125412-0500",
      "endTime" : "20150130T125511-0500",
      "duration" : 59.0,
      "distance" : 49.0,
      "steps" : 99
    } ],
    "lastUpdate" : "20150130T214036Z"
  }, {
    "type" : "move",
    "startTime" : "20150130T133428-0500",
    "endTime" : "20150130T134056-0500",
    "activities" : [ {
      "activity" : "walking",
      "group" : "walking",
      "manual" : false,
      "startTime" : "20150130T133428-0500",
      "endTime" : "20150130T133759-0500",
      "duration" : 211.0,
      "distance" : 112.0,
      "steps" : 224
    }, {
      "activity" : "transport",
      "group" : "transport",
      "manual" : false,
      "startTime" : "20150130T133758-0500",
      "endTime" : "20150130T134056-0500",
      "duration" : 178.0,
      "distance" : 455.0
    } ],
    "lastUpdate" : "20150130T214036Z"
  }, {
    "type" : "place",
    "startTime" : "20150130T134056-0500",
    "endTime" : "20150130T134849-0500",
    "activities" : [ {
      "activity" : "walking",
      "group" : "walking",
      "manual" : false,
      "startTime" : "20150130T134532-0500",
      "endTime" : "20150130T134602-0500",
      "duration" : 30.0,
      "distance" : 25.0,
      "steps" : 51
    } ],
    "lastUpdate" : "20150130T214036Z"
  }, {
    "type" : "move",
    "startTime" : "20150130T134849-0500",
    "endTime" : "20150130T134930-0500",
    "activities" : [ {
      "activity" : "transport",
      "group" : "transport",
      "manual" : false,
      "startTime" : "20150130T134849-0500",
      "endTime" : "20150130T134930-0500",
      "duration" : 41.0,
      "distance" : 482.0
    } ],
    "lastUpdate" : "20150130T214036Z"
  }, {
    "type" : "place",
    "startTime" : "20150130T134930-0500",
    "endTime" : "20150130T170936-0500",
    "activities" : [ {
      "activity" : "walking",
      "group" : "walking",
      "manual" : false,
      "startTime" : "20150130T134930-0500",
      "endTime" : "20150130T135025-0500",
      "duration" : 55.0,
      "distance" : 47.0,
      "steps" : 93
    }, {
      "activity" : "walking",
      "group" : "walking",
      "manual" : false,
      "startTime" : "20150130T143357-0500",
      "endTime" : "20150130T143427-0500",
      "duration" : 30.0,
      "distance" : 30.0,
      "steps" : 60
    }, {
      "activity" : "walking",
      "group" : "walking",
      "manual" : false,
      "startTime" : "20150130T165637-0500",
      "endTime" : "20150130T165820-0500",
      "duration" : 103.0,
      "distance" : 89.0,
      "steps" : 177
    }, {
      "activity" : "walking",
      "group" : "walking",
      "manual" : false,
      "startTime" : "20150130T170648-0500",
      "endTime" : "20150130T170748-0500",
      "duration" : 60.0,
      "distance" : 56.0,
      "steps" : 112
    } ],
    "lastUpdate" : "20150131T004125Z"
  }, {
    "type" : "move",
    "startTime" : "20150130T170936-0500",
    "endTime" : "20150130T172259-0500",
    "activities" : [ {
      "activity" : "cycling",
      "group" : "cycling",
      "manual" : false,
      "startTime" : "20150130T170936-0500",
      "endTime" : "20150130T172259-0500",
      "duration" : 803.0,
      "distance" : 4095.0
    } ],
    "lastUpdate" : "20150131T004125Z"
  }, {
    "type" : "place",
    "startTime" : "20150130T172259-0500",
    "endTime" : "20150130T214228-0500",
    "activities" : [ {
      "activity" : "walking",
      "group" : "walking",
      "manual" : false,
      "startTime" : "20150130T172448-0500",
      "endTime" : "20150130T172518-0500",
      "duration" : 30.0,
      "distance" : 15.0,
      "steps" : 20
    } ],
    "lastUpdate" : "20150131T051437Z"
  }, {
    "type" : "move",
    "startTime" : "20150130T214228-0500",
    "endTime" : "20150130T221132-0500",
    "activities" : [ {
      "activity" : "walking",
      "group" : "walking",
      "manual" : false,
      "startTime" : "20150130T214228-0500",
      "endTime" : "20150130T221133-0500",
      "duration" : 1745.0,
      "distance" : 1897.0,
      "steps" : 1791
    } ],
    "lastUpdate" : "20150131T051437Z"
  }, {
    "type" : "place",
    "startTime" : "20150130T221132-0500",
    "endTime" : "20150131T151335-0500",
    "activities" : [ {
      "activity" : "walking",
      "group" : "walking",
      "manual" : false,
      "startTime" : "20150130T223108-0500",
      "endTime" : "20150130T223138-0500",
      "duration" : 30.0,
      "distance" : 15.0,
      "steps" : 15
    }, {
      "activity" : "walking",
      "group" : "walking",
      "manual" : false,
      "startTime" : "20150130T231837-0500",
      "endTime" : "20150130T231907-0500",
      "duration" : 30.0,
      "distance" : 15.0,
      "steps" : 15
    } ],
    "lastUpdate" : "20150131T215550Z"
  } ],
  "lastUpdate" : "20150131T215550Z"
}, {
  "date" : "20150131",
  "summary" : [ {
    "activity" : "walking",
    "group" : "walking",
    "duration" : 3698.0,
    "distance" : 3913.0,
    "steps" : 5618
  }, {
    "activity" : "transport",
    "group" : "transport",
    "duration" : 292.0,
    "distance" : 1430.0
  } ],
  "segments" : [ {
    "type" : "place",
    "startTime" : "20150130T221132-0500",
    "endTime" : "20150131T151335-0500",
    "activities" : [ {
      "activity" : "walking",
      "group" : "walking",
      "manual" : false,
      "startTime" : "20150131T052245-0500",
      "endTime" : "20150131T052315-0500",
      "duration" : 30.0,
      "distance" : 15.0,
      "steps" : 30
    }, {
      "activity" : "walking",
      "group" : "walking",
      "manual" : false,
      "startTime" : "20150131T084704-0500",
      "endTime" : "20150131T084734-0500",
      "duration" : 30.0,
      "distance" : 15.0,
      "steps" : 20
    }, {
      "activity" : "walking",
      "group" : "walking",
      "manual" : false,
      "startTime" : "20150131T103446-0500",
      "endTime" : "20150131T104245-0500",
      "duration" : 479.0,
      "distance" : 411.0,
      "steps" : 549
    }, {
      "activity" : "walking",
      "group" : "walking",
      "manual" : false,
      "startTime" : "20150131T114811-0500",
      "endTime" : "20150131T114941-0500",
      "duration" : 90.0,
      "distance" : 82.0,
      "steps" : 163
    }, {
      "activity" : "walking",
      "group" : "walking",
      "manual" : false,
      "startTime" : "20150131T122025-0500",
      "endTime" : "20150131T122954-0500",
      "duration" : 569.0,
      "distance" : 723.0,
      "steps" : 964
    }, {
      "activity" : "walking",
      "group" : "walking",
      "manual" : false,
      "startTime" : "20150131T130852-0500",
      "endTime" : "20150131T131525-0500",
      "duration" : 393.0,
      "distance" : 391.0,
      "steps" : 521
    }, {
      "activity" : "walking",
      "group" : "walking",
      "manual" : false,
      "startTime" : "20150131T140242-0500",
      "endTime" : "20150131T140442-0500",
      "duration" : 120.0,
      "distance" : 144.0,
      "steps" : 192
    } ],
    "lastUpdate" : "20150131T215550Z"
  }, {
    "type" : "move",
    "startTime" : "20150131T151335-0500",
    "endTime" : "20150131T151913-0500",
    "activities" : [ {
      "activity" : "walking",
      "group" : "walking",
      "manual" : false,
      "startTime" : "20150131T151335-0500",
      "endTime" : "20150131T151912-0500",
      "duration" : 337.0,
      "distance" : 466.0,
      "steps" : 643
    } ],
    "lastUpdate" : "20150131T215550Z"
  }, {
    "type" : "place",
    "startTime" : "20150131T151913-0500",
    "endTime" : "20150131T154939-0500",
    "activities" : [ {
      "activity" : "walking",
      "group" : "walking",
      "manual" : false,
      "startTime" : "20150131T152108-0500",
      "endTime" : "20150131T152138-0500",
      "duration" : 30.0,
      "distance" : 15.0,
      "steps" : 31
    } ],
    "lastUpdate" : "20150131T215550Z"
  }, {
    "type" : "move",
    "startTime" : "20150131T154939-0500",
    "endTime" : "20150131T155423-0500",
    "activities" : [ {
      "activity" : "walking",
      "group" : "walking",
      "manual" : false,
      "startTime" : "20150131T154939-0500",
      "endTime" : "20150131T155424-0500",
      "duration" : 285.0,
      "distance" : 368.0,
      "steps" : 497
    } ],
    "lastUpdate" : "20150131T215550Z"
  }, {
    "type" : "move",
    "startTime" : "20150131T160111-0500",
    "endTime" : "20150131T160757-0500",
    "activities" : [ {
      "activity" : "walking",
      "group" : "walking",
      "manual" : false,
      "startTime" : "20150131T160111-0500",
      "endTime" : "20150131T160757-0500",
      "duration" : 406.0,
      "distance" : 495.0,
      "steps" : 728
    } ],
    "lastUpdate" : "20150131T215550Z"
  }, {
    "type" : "place",
    "startTime" : "20150131T160757-0500",
    "endTime" : "20150131T181457-0500",
    "activities" : [ {
      "activity" : "walking",
      "group" : "walking",
      "manual" : false,
      "startTime" : "20150131T161048-0500",
      "endTime" : "20150131T161118-0500",
      "duration" : 30.0,
      "distance" : 15.0,
      "steps" : 20
    }, {
      "activity" : "walking",
      "group" : "walking",
      "manual" : false,
      "startTime" : "20150131T181204-0500",
      "endTime" : "20150131T181234-0500",
      "duration" : 30.0,
      "distance" : 15.0,
      "steps" : 20
    } ],
    "lastUpdate" : "20150201T005710Z"
  }, {
    "type" : "move",
    "startTime" : "20150131T181457-0500",
    "endTime" : "20150131T182411-0500",
    "activities" : [ {
      "activity" : "walking",
      "group" : "walking",
      "manual" : false,
      "startTime" : "20150131T181457-0500",
      "endTime" : "20150131T182412-0500",
      "duration" : 555.0,
      "distance" : 538.0,
      "steps" : 885
    } ],
    "lastUpdate" : "20150201T005710Z"
  }, {
    "type" : "move",
    "startTime" : "20150131T194137-0500",
    "endTime" : "20150131T194447-0500",
    "activities" : [ {
      "activity" : "transport",
      "group" : "transport",
      "manual" : false,
      "startTime" : "20150131T194137-0500",
      "endTime" : "20150131T194447-0500",
      "duration" : 190.0,
      "distance" : 846.0
    } ],
    "lastUpdate" : "20150201T022837Z"
  }, {
    "type" : "place",
    "startTime" : "20150131T194447-0500",
    "endTime" : "20150131T195542-0500",
    "activities" : [ {
      "activity" : "walking",
      "group" : "walking",
      "manual" : false,
      "startTime" : "20150131T194447-0500",
      "endTime" : "20150131T194601-0500",
      "duration" : 74.0,
      "distance" : 59.0,
      "steps" : 117
    } ],
    "lastUpdate" : "20150201T022837Z"
  }, {
    "type" : "move",
    "startTime" : "20150131T195542-0500",
    "endTime" : "20150131T195725-0500",
    "activities" : [ {
      "activity" : "transport",
      "group" : "transport",
      "manual" : false,
      "startTime" : "20150131T195542-0500",
      "endTime" : "20150131T195724-0500",
      "duration" : 102.0,
      "distance" : 584.0
    } ],
    "lastUpdate" : "20150201T022837Z"
  }, {
    "type" : "place",
    "startTime" : "20150131T195725-0500",
    "endTime" : "20150201T101519-0500",
    "activities" : [ {
      "activity" : "walking",
      "group" : "walking",
      "manual" : false,
      "startTime" : "20150131T195744-0500",
      "endTime" : "20150131T195844-0500",
      "duration" : 60.0,
      "distance" : 31.0,
      "steps" : 61
    }, {
      "activity" : "walking",
      "group" : "walking",
      "manual" : false,
      "startTime" : "20150131T205323-0500",
      "endTime" : "20150131T205523-0500",
      "duration" : 120.0,
      "distance" : 90.0,
      "steps" : 96
    }, {
      "activity" : "walking",
      "group" : "walking",
      "manual" : false,
      "startTime" : "20150131T210053-0500",
      "endTime" : "20150131T210123-0500",
      "duration" : 30.0,
      "distance" : 15.0,
      "steps" : 31
    }, {
      "activity" : "walking",
      "group" : "walking",
      "manual" : false,
      "startTime" : "20150131T225027-0500",
      "endTime" : "20150131T225057-0500",
      "duration" : 30.0,
      "distance" : 25.0,
      "steps" : 50
    } ],
    "lastUpdate" : "20150201T172933Z"
  } ],
  "lastUpdate" : "20150201T172933Z"
} ]