[ {
  "date" : "20150203",
  "summary" : [ {
    "activity" : "walking",
    "group" : "walking",
    "duration" : 3055.0,
    "distance" : 2621.0,
    "steps" : 3941
  }, {
    "activity" : "running",
    "group" : "running",
    "duration" : 276.0,
    "distance" : 595.0,
    "steps" : 603
  }, {
    "activity" : "cycling",
    "group" : "cycling",
    "duration" : 2966.0,
    "distance" : 12145.0
  }, {
    "activity" : "transport",
    "group" : "transport",
    "duration" : 13496.0,
    "distance" : 3692.0
  } ],
  "lastUpdate" : "20150204T125748Z"
} ]