[ {
  "date" : "20150205",
  "summary" : [ {
    "activity" : "running",
    "group" : "running",
    "duration" : 295.0,
    "distance" : 681.0,
    "steps" : 537
  }, {
    "activity" : "walking",
    "group" : "walking",
    "duration" : 2131.0,
    "distance" : 1948.0,
    "steps" : 2746
  }, {
    "activity" : "cycling",
    "group" : "cycling",
    "duration" : 2003.0,
    "distance" : 10902.0
  }, {
    "activity" : "transport",
    "group" : "transport",
    "duration" : 548.0,
    "distance" : 1373.0
  } ],
  "lastUpdate" : "20150206T141341Z"
} ]