<?xml version="1.0" encoding="UTF-8"?>
<metadata xml:lang="en"><Esri><CreaDate>20120904</CreaDate><CreaTime>14075400</CreaTime><ArcGISFormat>1.0</ArcGISFormat><SyncOnce>TRUE</SyncOnce><DataProperties><lineage><Process ToolSource="c:\program files\arcgis\desktop10.1\ArcToolbox\Toolboxes\Data Management Tools.tbx\DefineProjection" Date="20120902" Time="120315">DefineProjection C:\Work\UF\Teaching\Spatial_Epidemiology_2012_Fall\Lecture_02\GIS_files\Alachua\cty0012001\tgr12001cty00.shp GEOGCS['GCS_North_American_1983',DATUM['D_North_American_1983',SPHEROID['GRS_1980',6378137.0,298.257222101]],PRIMEM['Greenwich',0.0],UNIT['Degree',0.0174532925199433],METADATA['North America - NAD83',167.65,14.93,-47.74,86.45,0.0,0.0174532925199433,0.0,1350]]</Process></lineage></DataProperties></Esri></metadata>
