[ {
  "date" : "20150201",
  "segments" : [ {
    "type" : "place",
    "startTime" : "20150131T195725-0500",
    "endTime" : "20150201T101519-0500",
    "place" : {
      "id" : 191508619,
      "type" : "unknown",
      "location" : {
        "lat" : 29.6565354608,
        "lon" : -82.326775329
      }
    },
    "lastUpdate" : "20150201T172933Z"
  }, {
    "type" : "place",
    "startTime" : "20150201T103230-0500",
    "endTime" : "20150201T122805-0500",
    "place" : {
      "id" : 192984494,
      "type" : "unknown",
      "location" : {
        "lat" : 29.6565615853,
        "lon" : -82.3187163055
      }
    },
    "lastUpdate" : "20150201T190954Z"
  }, {
    "type" : "place",
    "startTime" : "20150201T123905-0500",
    "endTime" : "20150201T145436-0500",
    "place" : {
      "id" : 191508619,
      "type" : "unknown",
      "location" : {
        "lat" : 29.6565354608,
        "lon" : -82.326775329
      }
    },
    "lastUpdate" : "20150201T204026Z"
  }, {
    "type" : "place",
    "startTime" : "20150201T145854-0500",
    "endTime" : "20150201T153816-0500",
    "place" : {
      "id" : 193013889,
      "type" : "unknown",
      "location" : {
        "lat" : 29.6497119143,
        "lon" : -82.3241800181
      }
    },
    "lastUpdate" : "20150201T221214Z"
  }, {
    "type" : "place",
    "startTime" : "20150201T154223-0500",
    "endTime" : "20150201T185238-0500",
    "place" : {
      "id" : 191508619,
      "type" : "unknown",
      "location" : {
        "lat" : 29.6565354608,
        "lon" : -82.326775329
      }
    },
    "lastUpdate" : "20150202T022359Z"
  }, {
    "type" : "place",
    "startTime" : "20150201T190018-0500",
    "endTime" : "20150201T190346-0500",
    "place" : {
      "id" : 193043072,
      "type" : "unknown",
      "location" : {
        "lat" : 29.6557379966,
        "lon" : -82.3225204735
      }
    },
    "lastUpdate" : "20150202T022359Z"
  }, {
    "type" : "place",
    "startTime" : "20150201T201414-0500",
    "endTime" : "20150201T202004-0500",
    "place" : {
      "id" : 192984494,
      "type" : "unknown",
      "location" : {
        "lat" : 29.6565615853,
        "lon" : -82.3187163055
      }
    },
    "lastUpdate" : "20150202T022359Z"
  }, {
    "type" : "place",
    "startTime" : "20150201T202939-0500",
    "endTime" : "20150201T211405-0500",
    "place" : {
      "id" : 193051555,
      "type" : "unknown",
      "location" : {
        "lat" : 29.6315585254,
        "lon" : -82.3393422039
      }
    },
    "lastUpdate" : "20150202T035244Z"
  }, {
    "type" : "place",
    "startTime" : "20150201T222120-0500",
    "endTime" : "20150201T223738-0500",
    "place" : {
      "id" : 192984494,
      "type" : "unknown",
      "location" : {
        "lat" : 29.6565615853,
        "lon" : -82.3187163055
      }
    },
    "lastUpdate" : "20150202T065248Z"
  }, {
    "type" : "place",
    "startTime" : "20150201T225342-0500",
    "endTime" : "20150202T052950-0500",
    "place" : {
      "id" : 191508619,
      "type" : "unknown",
      "location" : {
        "lat" : 29.6565354608,
        "lon" : -82.326775329
      }
    },
    "lastUpdate" : "20150202T105307Z"
  } ],
  "lastUpdate" : "20150202T105307Z"
}, {
  "date" : "20150202",
  "segments" : [ {
    "type" : "place",
    "startTime" : "20150201T225342-0500",
    "endTime" : "20150202T052950-0500",
    "place" : {
      "id" : 191508619,
      "type" : "unknown",
      "location" : {
        "lat" : 29.6565354608,
        "lon" : -82.326775329
      }
    },
    "lastUpdate" : "20150202T105307Z"
  }, {
    "type" : "place",
    "startTime" : "20150202T053425-0500",
    "endTime" : "20150202T133520-0500",
    "place" : {
      "id" : 191508619,
      "type" : "unknown",
      "location" : {
        "lat" : 29.6565354608,
        "lon" : -82.326775329
      }
    },
    "lastUpdate" : "20150202T192213Z"
  }, {
    "type" : "place",
    "startTime" : "20150202T134332-0500",
    "endTime" : "20150202T141929-0500",
    "place" : {
      "id" : 191555477,
      "type" : "unknown",
      "location" : {
        "lat" : 29.6584308887,
        "lon" : -82.3231472242
      }
    },
    "lastUpdate" : "20150202T211725Z"
  }, {
    "type" : "place",
    "startTime" : "20150202T142837-0500",
    "endTime" : "20150202T161731-0500",
    "place" : {
      "id" : 191508619,
      "type" : "unknown",
      "location" : {
        "lat" : 29.6565354608,
        "lon" : -82.326775329
      }
    },
    "lastUpdate" : "20150202T233407Z"
  }, {
    "type" : "place",
    "startTime" : "20150202T162731-0500",
    "endTime" : "20150202T184247-0500",
    "place" : {
      "id" : 191770626,
      "type" : "unknown",
      "location" : {
        "lat" : 29.6401239601,
        "lon" : -82.3500331577
      }
    },
    "lastUpdate" : "20150203T023547Z"
  }, {
    "type" : "place",
    "startTime" : "20150202T190326-0500",
    "endTime" : "20150202T191133-0500",
    "place" : {
      "id" : 193231978,
      "type" : "unknown",
      "location" : {
        "lat" : 29.6617973866,
        "lon" : -82.3256910298
      }
    },
    "lastUpdate" : "20150203T023547Z"
  }, {
    "type" : "place",
    "startTime" : "20150202T191503-0500",
    "endTime" : "20150202T192754-0500",
    "place" : {
      "id" : 193231979,
      "type" : "unknown",
      "location" : {
        "lat" : 29.6633997003,
        "lon" : -82.3248541788
      }
    },
    "lastUpdate" : "20150203T023547Z"
  }, {
    "type" : "place",
    "startTime" : "20150202T193104-0500",
    "endTime" : "20150202T201819-0500",
    "place" : {
      "id" : 191508619,
      "type" : "unknown",
      "location" : {
        "lat" : 29.6565354608,
        "lon" : -82.326775329
      }
    },
    "lastUpdate" : "20150203T033810Z"
  }, {
    "type" : "place",
    "startTime" : "20150202T203037-0500",
    "endTime" : "20150202T223501-0500",
    "place" : {
      "id" : 191555477,
      "type" : "unknown",
      "location" : {
        "lat" : 29.6584308887,
        "lon" : -82.3231472242
      }
    },
    "lastUpdate" : "20150203T100138Z"
  }, {
    "type" : "place",
    "startTime" : "20150202T224359-0500",
    "endTime" : "20150203T050141-0500",
    "place" : {
      "id" : 193512500,
      "name" : "Home",
      "type" : "home",
      "location" : {
        "lat" : 29.6564969542,
        "lon" : -82.3267639009
      }
    },
    "lastUpdate" : "20150204T125748Z"
  } ],
  "lastUpdate" : "20150204T125748Z"
}, {
  "date" : "20150203",
  "segments" : [ {
    "type" : "place",
    "startTime" : "20150202T224359-0500",
    "endTime" : "20150203T050141-0500",
    "place" : {
      "id" : 193512500,
      "name" : "Home",
      "type" : "home",
      "location" : {
        "lat" : 29.6564969542,
        "lon" : -82.3267639009
      }
    },
    "lastUpdate" : "20150204T125748Z"
  }, {
    "type" : "place",
    "startTime" : "20150203T050618-0500",
    "endTime" : "20150203T053733-0500",
    "place" : {
      "id" : 191508619,
      "type" : "unknown",
      "location" : {
        "lat" : 29.6565354608,
        "lon" : -82.326775329
      }
    },
    "lastUpdate" : "20150203T123324Z"
  }, {
    "type" : "place",
    "startTime" : "20150203T054447-0500",
    "endTime" : "20150203T072345-0500",
    "place" : {
      "id" : 191555477,
      "type" : "unknown",
      "location" : {
        "lat" : 29.6584308887,
        "lon" : -82.3231472242
      }
    },
    "lastUpdate" : "20150203T153309Z"
  }, {
    "type" : "place",
    "startTime" : "20150203T073028-0500",
    "endTime" : "20150203T081332-0500",
    "place" : {
      "id" : 191508619,
      "type" : "unknown",
      "location" : {
        "lat" : 29.6565354608,
        "lon" : -82.326775329
      }
    },
    "lastUpdate" : "20150203T153309Z"
  }, {
    "type" : "place",
    "startTime" : "20150203T082358-0500",
    "endTime" : "20150203T113134-0500",
    "place" : {
      "id" : 191770626,
      "type" : "unknown",
      "location" : {
        "lat" : 29.6401239601,
        "lon" : -82.3500331577
      }
    },
    "lastUpdate" : "20150203T183554Z"
  }, {
    "type" : "place",
    "startTime" : "20150203T114537-0500",
    "endTime" : "20150203T121729-0500",
    "place" : {
      "id" : 191508619,
      "type" : "unknown",
      "location" : {
        "lat" : 29.6565354608,
        "lon" : -82.326775329
      }
    },
    "lastUpdate" : "20150203T183554Z"
  }, {
    "type" : "place",
    "startTime" : "20150203T122923-0500",
    "endTime" : "20150203T163330-0500",
    "place" : {
      "id" : 192536761,
      "type" : "unknown",
      "location" : {
        "lat" : 29.6494642535,
        "lon" : -82.2954513859
      }
    },
    "lastUpdate" : "20150204T051204Z"
  }, {
    "type" : "place",
    "startTime" : "20150203T203138-0500",
    "endTime" : "20150203T230624-0500",
    "place" : {
      "id" : 191555477,
      "type" : "unknown",
      "location" : {
        "lat" : 29.6584308887,
        "lon" : -82.3231472242
      }
    },
    "lastUpdate" : "20150204T051204Z"
  }, {
    "type" : "place",
    "startTime" : "20150203T231630-0500",
    "endTime" : "20150204T051221-0500",
    "place" : {
      "id" : 191508619,
      "type" : "unknown",
      "location" : {
        "lat" : 29.6565354608,
        "lon" : -82.326775329
      }
    },
    "lastUpdate" : "20150204T124702Z"
  } ],
  "lastUpdate" : "20150204T125748Z"
}, {
  "date" : "20150204",
  "segments" : [ {
    "type" : "place",
    "startTime" : "20150203T231630-0500",
    "endTime" : "20150204T051221-0500",
    "place" : {
      "id" : 191508619,
      "type" : "unknown",
      "location" : {
        "lat" : 29.6565354608,
        "lon" : -82.326775329
      }
    },
    "lastUpdate" : "20150204T124702Z"
  }, {
    "type" : "place",
    "startTime" : "20150204T051700-0500",
    "endTime" : "20150204T081314-0500",
    "place" : {
      "id" : 193512500,
      "name" : "Home",
      "type" : "home",
      "location" : {
        "lat" : 29.6564969542,
        "lon" : -82.3267639009
      }
    },
    "lastUpdate" : "20150204T141804Z"
  }, {
    "type" : "place",
    "startTime" : "20150204T082204-0500",
    "endTime" : "20150204T114623-0500",
    "place" : {
      "id" : 192487158,
      "type" : "unknown",
      "location" : {
        "lat" : 29.641591782,
        "lon" : -82.3448683504
      }
    },
    "lastUpdate" : "20150204T185103Z"
  }, {
    "type" : "place",
    "startTime" : "20150204T115903-0500",
    "endTime" : "20150205T071149-0500",
    "place" : {
      "id" : 193512500,
      "name" : "Home",
      "type" : "home",
      "location" : {
        "lat" : 29.6564969542,
        "lon" : -82.3267639009
      }
    },
    "lastUpdate" : "20150205T130306Z"
  } ],
  "lastUpdate" : "20150205T130306Z"
}, {
  "date" : "20150205",
  "segments" : [ {
    "type" : "place",
    "startTime" : "20150204T115903-0500",
    "endTime" : "20150205T071149-0500",
    "place" : {
      "id" : 193512500,
      "name" : "Home",
      "type" : "home",
      "location" : {
        "lat" : 29.6564969542,
        "lon" : -82.3267639009
      }
    },
    "lastUpdate" : "20150205T130306Z"
  }, {
    "type" : "place",
    "startTime" : "20150205T071644-0500",
    "endTime" : "20150205T121553-0500",
    "place" : {
      "id" : 193512500,
      "name" : "Home",
      "type" : "home",
      "location" : {
        "lat" : 29.6564969542,
        "lon" : -82.3267639009
      }
    },
    "lastUpdate" : "20150205T184227Z"
  }, {
    "type" : "place",
    "startTime" : "20150205T122640-0500",
    "endTime" : "20150205T125747-0500",
    "place" : {
      "id" : 191770626,
      "type" : "unknown",
      "location" : {
        "lat" : 29.6401239601,
        "lon" : -82.3500331577
      }
    },
    "lastUpdate" : "20150205T184227Z"
  }, {
    "type" : "place",
    "startTime" : "20150205T125854-0500",
    "endTime" : "20150205T133639-0500",
    "place" : {
      "id" : 192323597,
      "type" : "unknown",
      "location" : {
        "lat" : 29.6375018345,
        "lon" : -82.3518371665
      }
    },
    "lastUpdate" : "20150205T203803Z"
  }, {
    "type" : "place",
    "startTime" : "20150205T134557-0500",
    "endTime" : "20150205T145812-0500",
    "place" : {
      "id" : 193807976,
      "type" : "unknown",
      "location" : {
        "lat" : 29.6461307746,
        "lon" : -82.3475759428
      }
    },
    "lastUpdate" : "20150205T234003Z"
  }, {
    "type" : "place",
    "startTime" : "20150205T150700-0500",
    "endTime" : "20150205T155312-0500",
    "place" : {
      "id" : 192323597,
      "type" : "unknown",
      "location" : {
        "lat" : 29.6375018345,
        "lon" : -82.3518371665
      }
    },
    "lastUpdate" : "20150205T234003Z"
  }, {
    "type" : "place",
    "startTime" : "20150205T160321-0500",
    "endTime" : "20150205T180112-0500",
    "place" : {
      "id" : 192327697,
      "type" : "unknown",
      "location" : {
        "lat" : 29.6411416968,
        "lon" : -82.3460602061
      }
    },
    "lastUpdate" : "20150206T011110Z"
  }, {
    "type" : "place",
    "startTime" : "20150205T180112-0500",
    "endTime" : "20150205T200626-0500",
    "place" : {
      "id" : 192487158,
      "type" : "unknown",
      "location" : {
        "lat" : 29.641591782,
        "lon" : -82.3448683504
      }
    },
    "lastUpdate" : "20150206T041341Z"
  }, {
    "type" : "place",
    "startTime" : "20150205T201910-0500",
    "endTime" : "20150205T220544-0500",
    "place" : {
      "id" : 191555477,
      "type" : "unknown",
      "location" : {
        "lat" : 29.6584308887,
        "lon" : -82.3231472242
      }
    },
    "lastUpdate" : "20150206T041341Z"
  }, {
    "type" : "place",
    "startTime" : "20150205T220817-0500",
    "endTime" : "20150206T051657-0500",
    "place" : {
      "id" : 193512500,
      "name" : "Home",
      "type" : "home",
      "location" : {
        "lat" : 29.6564969542,
        "lon" : -82.3267639009
      }
    },
    "lastUpdate" : "20150206T141341Z"
  } ],
  "lastUpdate" : "20150206T141341Z"
}, {
  "date" : "20150206",
  "segments" : [ {
    "type" : "place",
    "startTime" : "20150205T220817-0500",
    "endTime" : "20150206T051657-0500",
    "place" : {
      "id" : 193512500,
      "name" : "Home",
      "type" : "home",
      "location" : {
        "lat" : 29.6564969542,
        "lon" : -82.3267639009
      }
    },
    "lastUpdate" : "20150206T141341Z"
  }, {
    "type" : "place",
    "startTime" : "20150206T052022-0500",
    "endTime" : "20150206T091054-0500",
    "place" : {
      "id" : 193512500,
      "name" : "Home",
      "type" : "home",
      "location" : {
        "lat" : 29.6564969542,
        "lon" : -82.3267639009
      }
    },
    "lastUpdate" : "20150206T192319Z"
  }, {
    "type" : "place",
    "startTime" : "20150206T092503-0500",
    "endTime" : "20150206T115035-0500",
    "place" : {
      "id" : 194026337,
      "type" : "unknown",
      "location" : {
        "lat" : 29.6512341808,
        "lon" : -82.3326901892
      }
    },
    "lastUpdate" : "20150206T192319Z"
  }, {
    "type" : "place",
    "startTime" : "20150206T120503-0500",
    "endTime" : "20150206T200503-0500",
    "place" : {
      "id" : 193512500,
      "name" : "Home",
      "type" : "home",
      "location" : {
        "lat" : 29.6564969542,
        "lon" : -82.3267639009
      }
    },
    "lastUpdate" : "20150207T025751Z"
  }, {
    "type" : "place",
    "startTime" : "20150206T202305-0500",
    "endTime" : "20150206T211805-0500",
    "place" : {
      "id" : 194101900,
      "type" : "unknown",
      "location" : {
        "lat" : 29.6520824537,
        "lon" : -82.3360316378
      }
    },
    "lastUpdate" : "20150207T041052Z"
  }, {
    "type" : "place",
    "startTime" : "20150206T213720-0500",
    "endTime" : "20150206T230326-0500",
    "place" : {
      "id" : 194113204,
      "type" : "unknown",
      "location" : {
        "lat" : 29.6528712451,
        "lon" : -82.3254689281
      }
    },
    "lastUpdate" : "20150207T060001Z"
  }, {
    "type" : "place",
    "startTime" : "20150206T231124-0500",
    "endTime" : "20150207T083918-0500",
    "place" : {
      "id" : 193512500,
      "name" : "Home",
      "type" : "home",
      "location" : {
        "lat" : 29.6564969542,
        "lon" : -82.3267639009
      }
    },
    "lastUpdate" : "20150207T170937Z"
  } ],
  "lastUpdate" : "20150207T170937Z"
}, {
  "date" : "20150207",
  "segments" : [ {
    "type" : "place",
    "startTime" : "20150206T231124-0500",
    "endTime" : "20150207T083918-0500",
    "place" : {
      "id" : 193512500,
      "name" : "Home",
      "type" : "home",
      "location" : {
        "lat" : 29.6564969542,
        "lon" : -82.3267639009
      }
    },
    "lastUpdate" : "20150207T170937Z"
  }, {
    "type" : "place",
    "startTime" : "20150207T084940-0500",
    "endTime" : "20150207T085916-0500",
    "place" : {
      "id" : 194246135,
      "type" : "unknown",
      "location" : {
        "lat" : 29.6405634788,
        "lon" : -82.3434749381
      }
    },
    "lastUpdate" : "20150207T170937Z"
  }, {
    "type" : "place",
    "startTime" : "20150207T090256-0500",
    "endTime" : "20150207T120818-0500",
    "place" : {
      "id" : 194280058,
      "type" : "unknown",
      "location" : {
        "lat" : 29.6393429091,
        "lon" : -82.343987304
      }
    },
    "lastUpdate" : "20150207T191721Z"
  }, {
    "type" : "place",
    "startTime" : "20150207T122038-0500",
    "endTime" : "20150207T130345-0500",
    "place" : {
      "id" : 194312732,
      "type" : "unknown",
      "location" : {
        "lat" : 29.6401245861,
        "lon" : -82.3439850385
      }
    },
    "lastUpdate" : "20150207T191721Z"
  }, {
    "type" : "place",
    "startTime" : "20150207T130345-0500",
    "endTime" : "20150207T130423-0500",
    "place" : {
      "id" : 194280058,
      "type" : "unknown",
      "location" : {
        "lat" : 29.6393429091,
        "lon" : -82.343987304
      }
    },
    "lastUpdate" : "20150207T202127Z"
  }, {
    "type" : "place",
    "startTime" : "20150207T130423-0500",
    "endTime" : "20150207T132656-0500",
    "place" : {
      "id" : 194312733,
      "type" : "unknown",
      "location" : {
        "lat" : 29.6402546614,
        "lon" : -82.3428599475
      }
    },
    "lastUpdate" : "20150207T202127Z"
  }, {
    "type" : "place",
    "startTime" : "20150207T133116-0500",
    "endTime" : "20150207T142706-0500",
    "place" : {
      "id" : 194280058,
      "type" : "unknown",
      "location" : {
        "lat" : 29.6393429091,
        "lon" : -82.343987304
      }
    },
    "lastUpdate" : "20150207T224044Z"
  }, {
    "type" : "place",
    "startTime" : "20150207T143145-0500",
    "endTime" : "20150207T143402-0500",
    "place" : {
      "id" : 192323596,
      "type" : "unknown",
      "location" : {
        "lat" : 29.6412653071,
        "lon" : -82.3444141007
      }
    },
    "lastUpdate" : "20150207T224044Z"
  }, {
    "type" : "place",
    "startTime" : "20150207T145012-0500",
    "endTime" : "20150207T145458-0500",
    "place" : {
      "id" : 194327895,
      "type" : "unknown",
      "location" : {
        "lat" : 29.6520942625,
        "lon" : -82.3250843385
      }
    },
    "lastUpdate" : "20150207T224044Z"
  }, {
    "type" : "place",
    "startTime" : "20150207T145807-0500",
    "endTime" : "20150207T152006-0500",
    "place" : {
      "id" : 193512500,
      "name" : "Home",
      "type" : "home",
      "location" : {
        "lat" : 29.6564969542,
        "lon" : -82.3267639009
      }
    },
    "lastUpdate" : "20150207T224044Z"
  }, {
    "type" : "place",
    "startTime" : "20150207T152947-0500",
    "endTime" : "20150207T185444-0500",
    "place" : {
      "id" : 194358174,
      "type" : "unknown",
      "location" : {
        "lat" : 29.6552008039,
        "lon" : -82.3227941816
      }
    },
    "lastUpdate" : "20150208T014339Z"
  }, {
    "type" : "place",
    "startTime" : "20150207T190355-0500",
    "endTime" : "20150208T102406-0500",
    "place" : {
      "id" : 193512500,
      "name" : "Home",
      "type" : "home",
      "location" : {
        "lat" : 29.6564969542,
        "lon" : -82.3267639009
      }
    },
    "lastUpdate" : "20150208T181247Z"
  } ],
  "lastUpdate" : "20150208T181247Z"
}, {
  "date" : "20150208",
  "segments" : [ {
    "type" : "place",
    "startTime" : "20150207T190355-0500",
    "endTime" : "20150208T102406-0500",
    "place" : {
      "id" : 193512500,
      "name" : "Home",
      "type" : "home",
      "location" : {
        "lat" : 29.6564969542,
        "lon" : -82.3267639009
      }
    },
    "lastUpdate" : "20150208T181247Z"
  }, {
    "type" : "place",
    "startTime" : "20150208T103751-0500",
    "endTime" : "20150208T130956-0500",
    "place" : {
      "id" : 192984494,
      "type" : "unknown",
      "location" : {
        "lat" : 29.6565615853,
        "lon" : -82.3187163055
      }
    },
    "lastUpdate" : "20150208T212545Z"
  }, {
    "type" : "place",
    "startTime" : "20150208T133206-0500",
    "endTime" : "20150208T173321-0500",
    "place" : {
      "id" : 193512500,
      "name" : "Home",
      "type" : "home",
      "location" : {
        "lat" : 29.6564969542,
        "lon" : -82.3267639009
      }
    },
    "lastUpdate" : "20150208T231337Z"
  }, {
    "type" : "place",
    "startTime" : "20150208T174213-0500",
    "endTime" : "20150208T175605-0500",
    "place" : {
      "id" : 193512500,
      "name" : "Home",
      "type" : "home",
      "location" : {
        "lat" : 29.6564969542,
        "lon" : -82.3267639009
      }
    },
    "lastUpdate" : "20150208T234307Z"
  }, {
    "type" : "place",
    "startTime" : "20150208T175605-0500",
    "endTime" : "20150208T180629-0500",
    "place" : {
      "id" : 194622959,
      "type" : "unknown",
      "location" : {
        "lat" : 29.6577708953,
        "lon" : -82.325915626
      }
    },
    "lastUpdate" : "20150208T234307Z"
  }, {
    "type" : "place",
    "startTime" : "20150208T182154-0500",
    "endTime" : "20150208T190045-0500",
    "place" : {
      "id" : 193512500,
      "name" : "Home",
      "type" : "home",
      "location" : {
        "lat" : 29.6564969542,
        "lon" : -82.3267639009
      }
    },
    "lastUpdate" : "20150209T015857Z"
  }, {
    "type" : "place",
    "startTime" : "20150208T190200-0500",
    "endTime" : "20150208T212952-0500",
    "place" : {
      "id" : 191555477,
      "type" : "unknown",
      "location" : {
        "lat" : 29.6584308887,
        "lon" : -82.3231472242
      }
    },
    "lastUpdate" : "20150209T050102Z"
  }, {
    "type" : "place",
    "startTime" : "20150208T213853-0500",
    "endTime" : "20150209T055704-0500",
    "place" : {
      "id" : 193512500,
      "name" : "Home",
      "type" : "home",
      "location" : {
        "lat" : 29.6564969542,
        "lon" : -82.3267639009
      }
    },
    "lastUpdate" : "20150209T123545Z"
  } ],
  "lastUpdate" : "20150209T123545Z"
}, {
  "date" : "20150209",
  "segments" : [ {
    "type" : "place",
    "startTime" : "20150208T213853-0500",
    "endTime" : "20150209T055704-0500",
    "place" : {
      "id" : 193512500,
      "name" : "Home",
      "type" : "home",
      "location" : {
        "lat" : 29.6564969542,
        "lon" : -82.3267639009
      }
    },
    "lastUpdate" : "20150209T123545Z"
  }, {
    "type" : "place",
    "startTime" : "20150209T060238-0500",
    "endTime" : "20150209T184227-0500",
    "place" : {
      "id" : 193512500,
      "name" : "Home",
      "type" : "home",
      "location" : {
        "lat" : 29.6564969542,
        "lon" : -82.3267639009
      }
    },
    "lastUpdate" : "20150210T003449Z"
  }, {
    "type" : "place",
    "startTime" : "20150209T184937-0500",
    "endTime" : "20150209T190154-0500",
    "place" : {
      "id" : 194838947,
      "type" : "unknown",
      "location" : {
        "lat" : 29.6522515547,
        "lon" : -82.341182013
      }
    },
    "lastUpdate" : "20150210T003449Z"
  }, {
    "type" : "place",
    "startTime" : "20150209T191129-0500",
    "endTime" : "20150209T195020-0500",
    "place" : {
      "id" : 194849085,
      "type" : "unknown",
      "location" : {
        "lat" : 29.6493321855,
        "lon" : -82.3504432401
      }
    },
    "lastUpdate" : "20150210T021443Z"
  }, {
    "type" : "place",
    "startTime" : "20150209T200611-0500",
    "endTime" : "20150209T201601-0500",
    "place" : {
      "id" : 194843689,
      "type" : "unknown",
      "location" : {
        "lat" : 29.6504700508,
        "lon" : -82.3522286685
      }
    },
    "lastUpdate" : "20150210T021443Z"
  }, {
    "type" : "place",
    "startTime" : "20150209T202456-0500",
    "endTime" : "20150209T204432-0500",
    "place" : {
      "id" : 194849086,
      "type" : "unknown",
      "location" : {
        "lat" : 29.6497400121,
        "lon" : -82.3514358593
      }
    },
    "lastUpdate" : "20150210T034542Z"
  }, {
    "type" : "place",
    "startTime" : "20150209T205515-0500",
    "endTime" : "20150210T092241-0500",
    "place" : {
      "id" : 193512500,
      "name" : "Home",
      "type" : "home",
      "location" : {
        "lat" : 29.6564969542,
        "lon" : -82.3267639009
      }
    },
    "lastUpdate" : "20150210T155424Z"
  } ],
  "lastUpdate" : "20150210T155424Z"
}, {
  "date" : "20150210",
  "segments" : [ {
    "type" : "place",
    "startTime" : "20150209T205515-0500",
    "endTime" : "20150210T092241-0500",
    "place" : {
      "id" : 193512500,
      "name" : "Home",
      "type" : "home",
      "location" : {
        "lat" : 29.6564969542,
        "lon" : -82.3267639009
      }
    },
    "lastUpdate" : "20150210T155424Z"
  }, {
    "type" : "place",
    "startTime" : "20150210T093057-0500",
    "endTime" : "20150210T115717-0500",
    "place" : {
      "id" : 191770626,
      "type" : "unknown",
      "location" : {
        "lat" : 29.6401239601,
        "lon" : -82.3500331577
      }
    },
    "lastUpdate" : "20150210T185550Z"
  }, {
    "type" : "place",
    "startTime" : "20150210T115926-0500",
    "endTime" : "20150210T132549-0500",
    "place" : {
      "id" : 192346338,
      "type" : "unknown",
      "location" : {
        "lat" : 29.641247577,
        "lon" : -82.3457681414
      }
    },
    "lastUpdate" : "20150210T202642Z"
  }, {
    "type" : "place",
    "startTime" : "20150210T132956-0500",
    "endTime" : "20150210T140654-0500",
    "place" : {
      "id" : 192323597,
      "type" : "unknown",
      "location" : {
        "lat" : 29.6375018345,
        "lon" : -82.3518371665
      }
    },
    "lastUpdate" : "20150210T202642Z"
  }, {
    "type" : "place",
    "startTime" : "20150210T142228-0500",
    "endTime" : "20150211T183327-0500",
    "place" : {
      "id" : 193512500,
      "name" : "Home",
      "type" : "home",
      "location" : {
        "lat" : 29.6564969542,
        "lon" : -82.3267639009
      }
    },
    "lastUpdate" : "20150212T015702Z"
  } ],
  "lastUpdate" : "20150212T015702Z"
}, {
  "date" : "20150211",
  "segments" : [ {
    "type" : "place",
    "startTime" : "20150210T142228-0500",
    "endTime" : "20150211T183327-0500",
    "place" : {
      "id" : 193512500,
      "name" : "Home",
      "type" : "home",
      "location" : {
        "lat" : 29.6564969542,
        "lon" : -82.3267639009
      }
    },
    "lastUpdate" : "20150212T015702Z"
  }, {
    "type" : "place",
    "startTime" : "20150211T184321-0500",
    "endTime" : "20150211T190035-0500",
    "place" : {
      "id" : 195300018,
      "type" : "unknown",
      "location" : {
        "lat" : 29.6515912975,
        "lon" : -82.3240211997
      }
    },
    "lastUpdate" : "20150212T015702Z"
  }, {
    "type" : "place",
    "startTime" : "20150211T190646-0500",
    "endTime" : "20150211T204442-0500",
    "place" : {
      "id" : 195300019,
      "type" : "unknown",
      "location" : {
        "lat" : 29.6512900294,
        "lon" : -82.3269102103
      }
    },
    "lastUpdate" : "20150212T032824Z"
  }, {
    "type" : "place",
    "startTime" : "20150211T210517-0500",
    "endTime" : "20150212T164441-0500",
    "place" : {
      "id" : 193512500,
      "name" : "Home",
      "type" : "home",
      "location" : {
        "lat" : 29.6564969542,
        "lon" : -82.3267639009
      }
    },
    "lastUpdate" : "20150213T004210Z"
  } ],
  "lastUpdate" : "20150213T004210Z"
}, {
  "date" : "20150212",
  "segments" : [ {
    "type" : "place",
    "startTime" : "20150211T210517-0500",
    "endTime" : "20150212T164441-0500",
    "place" : {
      "id" : 193512500,
      "name" : "Home",
      "type" : "home",
      "location" : {
        "lat" : 29.6564969542,
        "lon" : -82.3267639009
      }
    },
    "lastUpdate" : "20150213T004210Z"
  }, {
    "type" : "place",
    "startTime" : "20150212T165743-0500",
    "endTime" : "20150212T180022-0500",
    "place" : {
      "id" : 192323597,
      "type" : "unknown",
      "location" : {
        "lat" : 29.6375018345,
        "lon" : -82.3518371665
      }
    },
    "lastUpdate" : "20150213T004210Z"
  }, {
    "type" : "place",
    "startTime" : "20150212T180231-0500",
    "endTime" : "20150212T201828-0500",
    "place" : {
      "id" : 192487158,
      "type" : "unknown",
      "location" : {
        "lat" : 29.641591782,
        "lon" : -82.3448683504
      }
    },
    "lastUpdate" : "20150213T021257Z"
  }, {
    "type" : "place",
    "startTime" : "20150212T202922-0500",
    "endTime" : "20150213T072735-0500",
    "place" : {
      "id" : 193512500,
      "name" : "Home",
      "type" : "home",
      "location" : {
        "lat" : 29.6564969542,
        "lon" : -82.3267639009
      }
    },
    "lastUpdate" : "20150213T140235Z"
  } ],
  "lastUpdate" : "20150213T140235Z"
}, {
  "date" : "20150213",
  "segments" : [ {
    "type" : "place",
    "startTime" : "20150212T202922-0500",
    "endTime" : "20150213T072735-0500",
    "place" : {
      "id" : 193512500,
      "name" : "Home",
      "type" : "home",
      "location" : {
        "lat" : 29.6564969542,
        "lon" : -82.3267639009
      }
    },
    "lastUpdate" : "20150213T140235Z"
  }, {
    "type" : "place",
    "startTime" : "20150213T074329-0500",
    "endTime" : "20150213T092443-0500",
    "place" : {
      "id" : 195652396,
      "type" : "unknown",
      "location" : {
        "lat" : 29.6378095876,
        "lon" : -82.3496177369
      }
    },
    "lastUpdate" : "20150213T153345Z"
  }, {
    "type" : "place",
    "startTime" : "20150213T092725-0500",
    "endTime" : "20150213T124228-0500",
    "place" : {
      "id" : 192487158,
      "type" : "unknown",
      "location" : {
        "lat" : 29.641591782,
        "lon" : -82.3448683504
      }
    },
    "lastUpdate" : "20150213T183537Z"
  }, {
    "type" : "place",
    "startTime" : "20150213T125655-0500",
    "endTime" : "20150214T073430-0500",
    "place" : {
      "id" : 193512500,
      "name" : "Home",
      "type" : "home",
      "location" : {
        "lat" : 29.6564969542,
        "lon" : -82.3267639009
      }
    },
    "lastUpdate" : "20150214T141828Z"
  } ],
  "lastUpdate" : "20150214T141828Z"
}, {
  "date" : "20150214",
  "segments" : [ {
    "type" : "place",
    "startTime" : "20150213T125655-0500",
    "endTime" : "20150214T073430-0500",
    "place" : {
      "id" : 193512500,
      "name" : "Home",
      "type" : "home",
      "location" : {
        "lat" : 29.6564969542,
        "lon" : -82.3267639009
      }
    },
    "lastUpdate" : "20150214T141828Z"
  }, {
    "type" : "place",
    "startTime" : "20150214T073714-0500",
    "endTime" : "20150214T075423-0500",
    "place" : {
      "id" : 195954037,
      "type" : "unknown",
      "location" : {
        "lat" : 29.6636619757,
        "lon" : -82.3252243903
      }
    },
    "lastUpdate" : "20150214T141828Z"
  }, {
    "type" : "place",
    "startTime" : "20150214T075733-0500",
    "endTime" : "20150214T161341-0500",
    "place" : {
      "id" : 193512500,
      "name" : "Home",
      "type" : "home",
      "location" : {
        "lat" : 29.6564969542,
        "lon" : -82.3267639009
      }
    },
    "lastUpdate" : "20150214T230811Z"
  }, {
    "type" : "place",
    "startTime" : "20150214T162719-0500",
    "endTime" : "20150214T165057-0500",
    "place" : {
      "id" : 192984494,
      "type" : "unknown",
      "location" : {
        "lat" : 29.6565615853,
        "lon" : -82.3187163055
      }
    },
    "lastUpdate" : "20150214T230811Z"
  }, {
    "type" : "place",
    "startTime" : "20150214T170147-0500",
    "endTime" : "20150214T173832-0500",
    "place" : {
      "id" : 194358174,
      "type" : "unknown",
      "location" : {
        "lat" : 29.6552008039,
        "lon" : -82.3227941816
      }
    },
    "lastUpdate" : "20150215T005608Z"
  }, {
    "type" : "place",
    "startTime" : "20150214T174405-0500",
    "endTime" : "20150214T180245-0500",
    "place" : {
      "id" : 196095668,
      "type" : "unknown",
      "location" : {
        "lat" : 29.6566936883,
        "lon" : -82.3225555348
      }
    },
    "lastUpdate" : "20150215T005608Z"
  }, {
    "type" : "place",
    "startTime" : "20150214T180829-0500",
    "endTime" : "20150215T182006-0500",
    "place" : {
      "id" : 193512500,
      "name" : "Home",
      "type" : "home",
      "location" : {
        "lat" : 29.6564969542,
        "lon" : -82.3267639009
      }
    },
    "lastUpdate" : "20150216T011132Z"
  } ],
  "lastUpdate" : "20150216T011132Z"
}, {
  "date" : "20150215",
  "segments" : [ {
    "type" : "place",
    "startTime" : "20150214T180829-0500",
    "endTime" : "20150215T182006-0500",
    "place" : {
      "id" : 193512500,
      "name" : "Home",
      "type" : "home",
      "location" : {
        "lat" : 29.6564969542,
        "lon" : -82.3267639009
      }
    },
    "lastUpdate" : "20150216T011132Z"
  }, {
    "type" : "place",
    "startTime" : "20150215T182948-0500",
    "endTime" : "20150215T202229-0500",
    "place" : {
      "id" : 191555477,
      "type" : "unknown",
      "location" : {
        "lat" : 29.6584308887,
        "lon" : -82.3231472242
      }
    },
    "lastUpdate" : "20150216T024223Z"
  }, {
    "type" : "place",
    "startTime" : "20150215T202512-0500",
    "endTime" : "20150215T204121-0500",
    "place" : {
      "id" : 192984494,
      "type" : "unknown",
      "location" : {
        "lat" : 29.6565615853,
        "lon" : -82.3187163055
      }
    },
    "lastUpdate" : "20150216T041336Z"
  }, {
    "type" : "place",
    "startTime" : "20150215T204850-0500",
    "endTime" : "20150216T154233-0500",
    "place" : {
      "id" : 193512500,
      "name" : "Home",
      "type" : "home",
      "location" : {
        "lat" : 29.6564969542,
        "lon" : -82.3267639009
      }
    },
    "lastUpdate" : "20150216T235341Z"
  } ],
  "lastUpdate" : "20150216T235341Z"
}, {
  "date" : "20150216",
  "segments" : [ {
    "type" : "place",
    "startTime" : "20150215T204850-0500",
    "endTime" : "20150216T154233-0500",
    "place" : {
      "id" : 193512500,
      "name" : "Home",
      "type" : "home",
      "location" : {
        "lat" : 29.6564969542,
        "lon" : -82.3267639009
      }
    },
    "lastUpdate" : "20150216T235341Z"
  }, {
    "type" : "place",
    "startTime" : "20150216T155558-0500",
    "endTime" : "20150216T184009-0500",
    "place" : {
      "id" : 191770626,
      "type" : "unknown",
      "location" : {
        "lat" : 29.6401239601,
        "lon" : -82.3500331577
      }
    },
    "lastUpdate" : "20150217T012729Z"
  }, {
    "type" : "place",
    "startTime" : "20150216T185401-0500",
    "endTime" : "20150216T210800-0500",
    "place" : {
      "id" : 192984494,
      "type" : "unknown",
      "location" : {
        "lat" : 29.6565615853,
        "lon" : -82.3187163055
      }
    },
    "lastUpdate" : "20150217T042918Z"
  }, {
    "type" : "place",
    "startTime" : "20150216T211718-0500",
    "endTime" : "20150217T091017-0500",
    "place" : {
      "id" : 193512500,
      "name" : "Home",
      "type" : "home",
      "location" : {
        "lat" : 29.6564969542,
        "lon" : -82.3267639009
      }
    },
    "lastUpdate" : "20150217T163721Z"
  } ],
  "lastUpdate" : "20150217T163721Z"
}, {
  "date" : "20150217",
  "segments" : [ {
    "type" : "place",
    "startTime" : "20150216T211718-0500",
    "endTime" : "20150217T091017-0500",
    "place" : {
      "id" : 193512500,
      "name" : "Home",
      "type" : "home",
      "location" : {
        "lat" : 29.6564969542,
        "lon" : -82.3267639009
      }
    },
    "lastUpdate" : "20150217T163721Z"
  }, {
    "type" : "place",
    "startTime" : "20150217T092402-0500",
    "endTime" : "20150217T114646-0500",
    "place" : {
      "id" : 191770626,
      "type" : "unknown",
      "location" : {
        "lat" : 29.6401239601,
        "lon" : -82.3500331577
      }
    },
    "lastUpdate" : "20150217T193933Z"
  }, {
    "type" : "place",
    "startTime" : "20150217T120716-0500",
    "endTime" : "20150218T183057-0500",
    "place" : {
      "id" : 193512500,
      "name" : "Home",
      "type" : "home",
      "location" : {
        "lat" : 29.6564969542,
        "lon" : -82.3267639009
      }
    },
    "lastUpdate" : "20150219T015923Z"
  } ],
  "lastUpdate" : "20150219T015923Z"
}, {
  "date" : "20150218",
  "segments" : [ {
    "type" : "place",
    "startTime" : "20150217T120716-0500",
    "endTime" : "20150218T183057-0500",
    "place" : {
      "id" : 193512500,
      "name" : "Home",
      "type" : "home",
      "location" : {
        "lat" : 29.6564969542,
        "lon" : -82.3267639009
      }
    },
    "lastUpdate" : "20150219T015923Z"
  }, {
    "type" : "place",
    "startTime" : "20150218T184309-0500",
    "endTime" : "20150218T185657-0500",
    "place" : {
      "id" : 197086191,
      "type" : "unknown",
      "location" : {
        "lat" : 29.6512781129,
        "lon" : -82.3239077761
      }
    },
    "lastUpdate" : "20150219T015923Z"
  }, {
    "type" : "place",
    "startTime" : "20150218T190302-0500",
    "endTime" : "20150218T204530-0500",
    "place" : {
      "id" : 197086192,
      "type" : "unknown",
      "location" : {
        "lat" : 29.6510939832,
        "lon" : -82.3257121445
      }
    },
    "lastUpdate" : "20150219T033102Z"
  }, {
    "type" : "place",
    "startTime" : "20150218T211050-0500",
    "endTime" : "20150218T213623-0500",
    "place" : {
      "id" : 192984494,
      "type" : "unknown",
      "location" : {
        "lat" : 29.6565615853,
        "lon" : -82.3187163055
      }
    },
    "lastUpdate" : "20150219T033102Z"
  }, {
    "type" : "place",
    "startTime" : "20150218T213934-0500",
    "endTime" : "20150219T092240-0500",
    "place" : {
      "id" : 193512500,
      "name" : "Home",
      "type" : "home",
      "location" : {
        "lat" : 29.6564969542,
        "lon" : -82.3267639009
      }
    },
    "lastUpdate" : "20150219T170916Z"
  } ],
  "lastUpdate" : "20150219T170916Z"
}, {
  "date" : "20150219",
  "segments" : [ {
    "type" : "place",
    "startTime" : "20150218T213934-0500",
    "endTime" : "20150219T092240-0500",
    "place" : {
      "id" : 193512500,
      "name" : "Home",
      "type" : "home",
      "location" : {
        "lat" : 29.6564969542,
        "lon" : -82.3267639009
      }
    },
    "lastUpdate" : "20150219T170916Z"
  }, {
    "type" : "place",
    "startTime" : "20150219T110318-0500",
    "endTime" : "20150219T125132-0500",
    "place" : {
      "id" : 197240158,
      "type" : "unknown",
      "location" : {
        "lat" : 30.2574715356,
        "lon" : -81.589977203
      }
    },
    "lastUpdate" : "20150219T214232Z"
  }, {
    "type" : "place",
    "startTime" : "20150219T130424-0500",
    "endTime" : "20150219T134412-0500",
    "place" : {
      "id" : 197291753,
      "type" : "unknown",
      "location" : {
        "lat" : 30.2196736991,
        "lon" : -81.5858445254
      }
    },
    "lastUpdate" : "20150219T214232Z"
  }, {
    "type" : "place",
    "startTime" : "20150219T152609-0500",
    "endTime" : "20150219T174713-0500",
    "place" : {
      "id" : 193512500,
      "name" : "Home",
      "type" : "home",
      "location" : {
        "lat" : 29.6564969542,
        "lon" : -82.3267639009
      }
    },
    "lastUpdate" : "20150220T004453Z"
  }, {
    "type" : "place",
    "startTime" : "20150219T175552-0500",
    "endTime" : "20150219T201216-0500",
    "place" : {
      "id" : 192487158,
      "type" : "unknown",
      "location" : {
        "lat" : 29.641591782,
        "lon" : -82.3448683504
      }
    },
    "lastUpdate" : "20150220T021518Z"
  }, {
    "type" : "place",
    "startTime" : "20150219T202413-0500",
    "endTime" : "20150219T213224-0500",
    "place" : {
      "id" : 191555477,
      "type" : "unknown",
      "location" : {
        "lat" : 29.6584308887,
        "lon" : -82.3231472242
      }
    },
    "lastUpdate" : "20150220T034614Z"
  }, {
    "type" : "place",
    "startTime" : "20150219T213336-0500",
    "endTime" : "20150220T083153-0500",
    "place" : {
      "id" : 193512500,
      "name" : "Home",
      "type" : "home",
      "location" : {
        "lat" : 29.6564969542,
        "lon" : -82.3267639009
      }
    },
    "lastUpdate" : "20150220T133156Z"
  } ],
  "lastUpdate" : "20150220T133156Z"
}, {
  "date" : "20150220",
  "segments" : [ {
    "type" : "place",
    "startTime" : "20150219T213336-0500",
    "endTime" : "20150220T083153-0500",
    "place" : {
      "id" : 193512500,
      "name" : "Home",
      "type" : "home",
      "location" : {
        "lat" : 29.6564969542,
        "lon" : -82.3267639009
      }
    },
    "lastUpdate" : "20150220T133156Z"
  } ],
  "lastUpdate" : "20150220T133156Z"
} ]