[ {
  "date" : "20150202",
  "summary" : [ {
    "activity" : "walking",
    "group" : "walking",
    "duration" : 6782.0,
    "distance" : 6363.0,
    "steps" : 8702
  }, {
    "activity" : "running",
    "group" : "running",
    "duration" : 275.0,
    "distance" : 412.0,
    "steps" : 275
  }, {
    "activity" : "cycling",
    "group" : "cycling",
    "duration" : 2031.0,
    "distance" : 9698.0
  } ],
  "segments" : [ {
    "type" : "place",
    "startTime" : "20150201T225342-0500",
    "endTime" : "20150202T052950-0500",
    "activities" : [ {
      "activity" : "walking",
      "group" : "walking",
      "manual" : false,
      "startTime" : "20150202T051253-0500",
      "endTime" : "20150202T051422-0500",
      "duration" : 89.0,
      "distance" : 45.0,
      "steps" : 90
    } ],
    "lastUpdate" : "20150202T105307Z"
  }, {
    "type" : "move",
    "startTime" : "20150202T052950-0500",
    "endTime" : "20150202T053425-0500",
    "activities" : [ {
      "activity" : "running",
      "group" : "running",
      "manual" : false,
      "startTime" : "20150202T052950-0500",
      "endTime" : "20150202T053425-0500",
      "duration" : 275.0,
      "distance" : 412.0,
      "steps" : 275
    } ],
    "lastUpdate" : "20150202T105307Z"
  }, {
    "type" : "place",
    "startTime" : "20150202T053425-0500",
    "endTime" : "20150202T133520-0500",
    "activities" : [ {
      "activity" : "walking",
      "group" : "walking",
      "manual" : false,
      "startTime" : "20150202T053446-0500",
      "endTime" : "20150202T053452-0500",
      "duration" : 6.0,
      "distance" : 4.0,
      "steps" : 7
    }, {
      "activity" : "walking",
      "group" : "walking",
      "manual" : false,
      "startTime" : "20150202T071911-0500",
      "endTime" : "20150202T072142-0500",
      "duration" : 151.0,
      "distance" : 113.0,
      "steps" : 144
    }, {
      "activity" : "walking",
      "group" : "walking",
      "manual" : false,
      "startTime" : "20150202T080146-0500",
      "endTime" : "20150202T080516-0500",
      "duration" : 210.0,
      "distance" : 178.0,
      "steps" : 238
    }, {
      "activity" : "walking",
      "group" : "walking",
      "manual" : false,
      "startTime" : "20150202T094250-0500",
      "endTime" : "20150202T094614-0500",
      "duration" : 204.0,
      "distance" : 215.0,
      "steps" : 287
    }, {
      "activity" : "walking",
      "group" : "walking",
      "manual" : false,
      "startTime" : "20150202T113143-0500",
      "endTime" : "20150202T120729-0500",
      "duration" : 2146.0,
      "distance" : 2493.0,
      "steps" : 3325
    }, {
      "activity" : "walking",
      "group" : "walking",
      "manual" : false,
      "startTime" : "20150202T132945-0500",
      "endTime" : "20150202T134231-0500",
      "duration" : 766.0,
      "distance" : 575.0,
      "steps" : 458
    } ],
    "lastUpdate" : "20150202T192213Z"
  }, {
    "type" : "move",
    "startTime" : "20150202T133520-0500",
    "endTime" : "20150202T134332-0500",
    "activities" : [ {
      "activity" : "walking",
      "group" : "walking",
      "manual" : false,
      "startTime" : "20150202T133520-0500",
      "endTime" : "20150202T134332-0500",
      "duration" : 492.0,
      "distance" : 445.0,
      "steps" : 644
    } ],
    "lastUpdate" : "20150202T192213Z"
  }, {
    "type" : "place",
    "startTime" : "20150202T134332-0500",
    "endTime" : "20150202T141929-0500",
    "activities" : [ {
      "activity" : "walking",
      "group" : "walking",
      "manual" : false,
      "startTime" : "20150202T134332-0500",
      "endTime" : "20150202T134536-0500",
      "duration" : 124.0,
      "distance" : 93.0,
      "steps" : 115
    } ],
    "lastUpdate" : "20150202T211725Z"
  }, {
    "type" : "move",
    "startTime" : "20150202T141929-0500",
    "endTime" : "20150202T142837-0500",
    "activities" : [ {
      "activity" : "walking",
      "group" : "walking",
      "manual" : false,
      "startTime" : "20150202T141929-0500",
      "endTime" : "20150202T142837-0500",
      "duration" : 548.0,
      "distance" : 466.0,
      "steps" : 654
    } ],
    "lastUpdate" : "20150202T211725Z"
  }, {
    "type" : "place",
    "startTime" : "20150202T142837-0500",
    "endTime" : "20150202T161731-0500",
    "activities" : [ {
      "activity" : "walking",
      "group" : "walking",
      "manual" : false,
      "startTime" : "20150202T142837-0500",
      "endTime" : "20150202T143009-0500",
      "duration" : 92.0,
      "distance" : 72.0,
      "steps" : 143
    }, {
      "activity" : "walking",
      "group" : "walking",
      "manual" : false,
      "startTime" : "20150202T161422-0500",
      "endTime" : "20150202T161522-0500",
      "duration" : 60.0,
      "distance" : 51.0,
      "steps" : 101
    } ],
    "lastUpdate" : "20150202T233407Z"
  }, {
    "type" : "move",
    "startTime" : "20150202T161731-0500",
    "endTime" : "20150202T162731-0500",
    "activities" : [ {
      "activity" : "cycling",
      "group" : "cycling",
      "manual" : false,
      "startTime" : "20150202T161731-0500",
      "endTime" : "20150202T162732-0500",
      "duration" : 601.0,
      "distance" : 3718.0
    } ],
    "lastUpdate" : "20150202T233407Z"
  }, {
    "type" : "place",
    "startTime" : "20150202T162731-0500",
    "endTime" : "20150202T184247-0500",
    "activities" : [ {
      "activity" : "walking",
      "group" : "walking",
      "manual" : false,
      "startTime" : "20150202T162757-0500",
      "endTime" : "20150202T163029-0500",
      "duration" : 152.0,
      "distance" : 146.0,
      "steps" : 194
    }, {
      "activity" : "walking",
      "group" : "walking",
      "manual" : false,
      "startTime" : "20150202T183533-0500",
      "endTime" : "20150202T183648-0500",
      "duration" : 75.0,
      "distance" : 67.0,
      "steps" : 133
    } ],
    "lastUpdate" : "20150203T023547Z"
  }, {
    "type" : "move",
    "startTime" : "20150202T184247-0500",
    "endTime" : "20150202T190326-0500",
    "activities" : [ {
      "activity" : "cycling",
      "group" : "cycling",
      "manual" : false,
      "startTime" : "20150202T184247-0500",
      "endTime" : "20150202T190327-0500",
      "duration" : 1240.0,
      "distance" : 5020.0
    } ],
    "lastUpdate" : "20150203T023547Z"
  }, {
    "type" : "move",
    "startTime" : "20150202T191133-0500",
    "endTime" : "20150202T191503-0500",
    "activities" : [ {
      "activity" : "walking",
      "group" : "walking",
      "manual" : false,
      "startTime" : "20150202T191133-0500",
      "endTime" : "20150202T191503-0500",
      "duration" : 210.0,
      "distance" : 228.0,
      "steps" : 182
    } ],
    "lastUpdate" : "20150203T023547Z"
  }, {
    "type" : "place",
    "startTime" : "20150202T191503-0500",
    "endTime" : "20150202T192754-0500",
    "activities" : [ {
      "activity" : "walking",
      "group" : "walking",
      "manual" : false,
      "startTime" : "20150202T191623-0500",
      "endTime" : "20150202T191823-0500",
      "duration" : 120.0,
      "distance" : 145.0,
      "steps" : 194
    } ],
    "lastUpdate" : "20150203T023547Z"
  }, {
    "type" : "move",
    "startTime" : "20150202T192754-0500",
    "endTime" : "20150202T193104-0500",
    "activities" : [ {
      "activity" : "cycling",
      "group" : "cycling",
      "manual" : false,
      "startTime" : "20150202T192754-0500",
      "endTime" : "20150202T193104-0500",
      "duration" : 190.0,
      "distance" : 960.0
    } ],
    "lastUpdate" : "20150203T023547Z"
  }, {
    "type" : "place",
    "startTime" : "20150202T193104-0500",
    "endTime" : "20150202T201819-0500",
    "activities" : [ {
      "activity" : "walking",
      "group" : "walking",
      "manual" : false,
      "startTime" : "20150202T194241-0500",
      "endTime" : "20150202T194311-0500",
      "duration" : 30.0,
      "distance" : 15.0,
      "steps" : 30
    } ],
    "lastUpdate" : "20150203T033810Z"
  }, {
    "type" : "move",
    "startTime" : "20150202T201819-0500",
    "endTime" : "20150202T203037-0500",
    "activities" : [ {
      "activity" : "walking",
      "group" : "walking",
      "manual" : false,
      "startTime" : "20150202T201819-0500",
      "endTime" : "20150202T203037-0500",
      "duration" : 738.0,
      "distance" : 454.0,
      "steps" : 908
    } ],
    "lastUpdate" : "20150203T033810Z"
  }, {
    "type" : "place",
    "startTime" : "20150202T203037-0500",
    "endTime" : "20150202T223501-0500",
    "activities" : [ {
      "activity" : "walking",
      "group" : "walking",
      "manual" : false,
      "startTime" : "20150202T213603-0500",
      "endTime" : "20150202T213633-0500",
      "duration" : 30.0,
      "distance" : 20.0,
      "steps" : 40
    } ],
    "lastUpdate" : "20150203T100138Z"
  }, {
    "type" : "move",
    "startTime" : "20150202T223501-0500",
    "endTime" : "20150202T224359-0500",
    "activities" : [ {
      "activity" : "walking",
      "group" : "walking",
      "manual" : false,
      "startTime" : "20150202T223501-0500",
      "endTime" : "20150202T224400-0500",
      "duration" : 539.0,
      "distance" : 538.0,
      "steps" : 815
    } ],
    "lastUpdate" : "20150203T100138Z"
  } ],
  "lastUpdate" : "20150204T125748Z"
}, {
  "date" : "20150203",
  "summary" : [ {
    "activity" : "walking",
    "group" : "walking",
    "duration" : 3055.0,
    "distance" : 2621.0,
    "steps" : 3941
  }, {
    "activity" : "running",
    "group" : "running",
    "duration" : 276.0,
    "distance" : 595.0,
    "steps" : 603
  }, {
    "activity" : "cycling",
    "group" : "cycling",
    "duration" : 2966.0,
    "distance" : 12145.0
  }, {
    "activity" : "transport",
    "group" : "transport",
    "duration" : 13496.0,
    "distance" : 3692.0
  } ],
  "segments" : [ {
    "type" : "place",
    "startTime" : "20150202T224359-0500",
    "endTime" : "20150203T050141-0500",
    "activities" : [ {
      "activity" : "walking",
      "group" : "walking",
      "manual" : false,
      "startTime" : "20150203T050138-0500",
      "endTime" : "20150203T050853-0500",
      "duration" : 435.0,
      "distance" : 326.0,
      "steps" : 435
    } ],
    "lastUpdate" : "20150204T125748Z"
  }, {
    "type" : "move",
    "startTime" : "20150203T050141-0500",
    "endTime" : "20150203T050618-0500",
    "activities" : [ {
      "activity" : "running",
      "group" : "running",
      "manual" : false,
      "startTime" : "20150203T050141-0500",
      "endTime" : "20150203T050617-0500",
      "duration" : 276.0,
      "distance" : 595.0,
      "steps" : 603
    } ],
    "lastUpdate" : "20150203T104857Z"
  }, {
    "type" : "place",
    "startTime" : "20150203T050618-0500",
    "endTime" : "20150203T053733-0500",
    "activities" : [ {
      "activity" : "walking",
      "group" : "walking",
      "manual" : false,
      "startTime" : "20150203T050618-0500",
      "endTime" : "20150203T050711-0500",
      "duration" : 53.0,
      "distance" : 43.0,
      "steps" : 86
    } ],
    "lastUpdate" : "20150203T123324Z"
  }, {
    "type" : "move",
    "startTime" : "20150203T053733-0500",
    "endTime" : "20150203T054447-0500",
    "activities" : [ {
      "activity" : "walking",
      "group" : "walking",
      "manual" : false,
      "startTime" : "20150203T053733-0500",
      "endTime" : "20150203T054447-0500",
      "duration" : 434.0,
      "distance" : 518.0,
      "steps" : 660
    } ],
    "lastUpdate" : "20150203T123324Z"
  }, {
    "type" : "place",
    "startTime" : "20150203T054447-0500",
    "endTime" : "20150203T072345-0500",
    "activities" : [ {
      "activity" : "walking",
      "group" : "walking",
      "manual" : false,
      "startTime" : "20150203T054709-0500",
      "endTime" : "20150203T054739-0500",
      "duration" : 30.0,
      "distance" : 25.0,
      "steps" : 51
    } ],
    "lastUpdate" : "20150203T153309Z"
  }, {
    "type" : "move",
    "startTime" : "20150203T072345-0500",
    "endTime" : "20150203T073027-0500",
    "activities" : [ {
      "activity" : "walking",
      "group" : "walking",
      "manual" : false,
      "startTime" : "20150203T072345-0500",
      "endTime" : "20150203T073028-0500",
      "duration" : 403.0,
      "distance" : 472.0,
      "steps" : 749
    } ],
    "lastUpdate" : "20150203T153309Z"
  }, {
    "type" : "place",
    "startTime" : "20150203T073028-0500",
    "endTime" : "20150203T081332-0500",
    "activities" : [ {
      "activity" : "walking",
      "group" : "walking",
      "manual" : false,
      "startTime" : "20150203T073320-0500",
      "endTime" : "20150203T073525-0500",
      "duration" : 125.0,
      "distance" : 98.0,
      "steps" : 130
    }, {
      "activity" : "walking",
      "group" : "walking",
      "manual" : false,
      "startTime" : "20150203T080134-0500",
      "endTime" : "20150203T080403-0500",
      "duration" : 149.0,
      "distance" : 136.0,
      "steps" : 182
    } ],
    "lastUpdate" : "20150203T153309Z"
  }, {
    "type" : "move",
    "startTime" : "20150203T081332-0500",
    "endTime" : "20150203T082358-0500",
    "activities" : [ {
      "activity" : "cycling",
      "group" : "cycling",
      "manual" : false,
      "startTime" : "20150203T081332-0500",
      "endTime" : "20150203T082359-0500",
      "duration" : 627.0,
      "distance" : 4198.0
    } ],
    "lastUpdate" : "20150203T153309Z"
  }, {
    "type" : "place",
    "startTime" : "20150203T082358-0500",
    "endTime" : "20150203T113134-0500",
    "activities" : [ {
      "activity" : "walking",
      "group" : "walking",
      "manual" : false,
      "startTime" : "20150203T082501-0500",
      "endTime" : "20150203T082635-0500",
      "duration" : 94.0,
      "distance" : 59.0,
      "steps" : 118
    }, {
      "activity" : "walking",
      "group" : "walking",
      "manual" : false,
      "startTime" : "20150203T092801-0500",
      "endTime" : "20150203T092821-0500",
      "duration" : 20.0,
      "distance" : 19.0,
      "steps" : 37
    }, {
      "activity" : "walking",
      "group" : "walking",
      "manual" : false,
      "startTime" : "20150203T112131-0500",
      "endTime" : "20150203T112558-0500",
      "duration" : 267.0,
      "distance" : 330.0,
      "steps" : 440
    } ],
    "lastUpdate" : "20150203T183554Z"
  }, {
    "type" : "move",
    "startTime" : "20150203T113134-0500",
    "endTime" : "20150203T114537-0500",
    "activities" : [ {
      "activity" : "cycling",
      "group" : "cycling",
      "manual" : false,
      "startTime" : "20150203T113134-0500",
      "endTime" : "20150203T114537-0500",
      "duration" : 843.0,
      "distance" : 4003.0
    } ],
    "lastUpdate" : "20150203T183554Z"
  }, {
    "type" : "place",
    "startTime" : "20150203T114537-0500",
    "endTime" : "20150203T121729-0500",
    "activities" : [ {
      "activity" : "walking",
      "group" : "walking",
      "manual" : false,
      "startTime" : "20150203T114537-0500",
      "endTime" : "20150203T114635-0500",
      "duration" : 58.0,
      "distance" : 30.0,
      "steps" : 60
    }, {
      "activity" : "walking",
      "group" : "walking",
      "manual" : false,
      "startTime" : "20150203T120324-0500",
      "endTime" : "20150203T120343-0500",
      "duration" : 19.0,
      "distance" : 12.0,
      "steps" : 23
    } ],
    "lastUpdate" : "20150203T183554Z"
  }, {
    "type" : "move",
    "startTime" : "20150203T121729-0500",
    "endTime" : "20150203T122923-0500",
    "activities" : [ {
      "activity" : "cycling",
      "group" : "cycling",
      "manual" : false,
      "startTime" : "20150203T121729-0500",
      "endTime" : "20150203T122922-0500",
      "duration" : 713.0,
      "distance" : 3869.0
    } ],
    "lastUpdate" : "20150203T183554Z"
  }, {
    "type" : "place",
    "startTime" : "20150203T122923-0500",
    "endTime" : "20150203T163330-0500",
    "activities" : [ {
      "activity" : "walking",
      "group" : "walking",
      "manual" : false,
      "startTime" : "20150203T122923-0500",
      "endTime" : "20150203T123044-0500",
      "duration" : 81.0,
      "distance" : 46.0,
      "steps" : 92
    }, {
      "activity" : "walking",
      "group" : "walking",
      "manual" : false,
      "startTime" : "20150203T142845-0500",
      "endTime" : "20150203T142911-0500",
      "duration" : 26.0,
      "distance" : 15.0,
      "steps" : 30
    } ],
    "lastUpdate" : "20150204T051204Z"
  }, {
    "type" : "move",
    "startTime" : "20150203T163330-0500",
    "endTime" : "20150203T203137-0500",
    "activities" : [ {
      "activity" : "walking",
      "group" : "walking",
      "manual" : false,
      "startTime" : "20150203T163330-0500",
      "endTime" : "20150203T164347-0500",
      "duration" : 617.0,
      "distance" : 324.0,
      "steps" : 648
    }, {
      "activity" : "transport",
      "group" : "transport",
      "manual" : false,
      "startTime" : "20150203T164346-0500",
      "endTime" : "20150203T192956-0500",
      "duration" : 9970.0,
      "distance" : 2376.0
    }, {
      "activity" : "cycling",
      "group" : "cycling",
      "manual" : false,
      "startTime" : "20150203T192955-0500",
      "endTime" : "20150203T194258-0500",
      "duration" : 783.0,
      "distance" : 75.0
    }, {
      "activity" : "transport",
      "group" : "transport",
      "manual" : false,
      "startTime" : "20150203T194258-0500",
      "endTime" : "20150203T203138-0500",
      "duration" : 2920.0,
      "distance" : 821.0
    } ],
    "lastUpdate" : "20150204T051204Z"
  }, {
    "type" : "place",
    "startTime" : "20150203T203138-0500",
    "endTime" : "20150203T230624-0500",
    "activities" : [ {
      "activity" : "walking",
      "group" : "walking",
      "manual" : false,
      "startTime" : "20150203T215140-0500",
      "endTime" : "20150203T215210-0500",
      "duration" : 30.0,
      "distance" : 15.0,
      "steps" : 31
    }, {
      "activity" : "walking",
      "group" : "walking",
      "manual" : false,
      "startTime" : "20150203T220557-0500",
      "endTime" : "20150203T220901-0500",
      "duration" : 184.0,
      "distance" : 138.0,
      "steps" : 139
    }, {
      "activity" : "walking",
      "group" : "walking",
      "manual" : false,
      "startTime" : "20150203T230248-0500",
      "endTime" : "20150203T230318-0500",
      "duration" : 30.0,
      "distance" : 15.0,
      "steps" : 30
    } ],
    "lastUpdate" : "20150204T051204Z"
  }, {
    "type" : "move",
    "startTime" : "20150203T230624-0500",
    "endTime" : "20150203T231630-0500",
    "activities" : [ {
      "activity" : "transport",
      "group" : "transport",
      "manual" : false,
      "startTime" : "20150203T230624-0500",
      "endTime" : "20150203T231630-0500",
      "duration" : 606.0,
      "distance" : 495.0
    } ],
    "lastUpdate" : "20150204T051204Z"
  } ],
  "lastUpdate" : "20150204T125748Z"
}, {
  "date" : "20150204",
  "summary" : [ {
    "activity" : "running",
    "group" : "running",
    "duration" : 280.0,
    "distance" : 688.0,
    "steps" : 714
  }, {
    "activity" : "walking",
    "group" : "walking",
    "duration" : 1505.0,
    "distance" : 1437.0,
    "steps" : 2060
  }, {
    "activity" : "cycling",
    "group" : "cycling",
    "duration" : 1290.0,
    "distance" : 7091.0
  } ],
  "segments" : [ {
    "type" : "move",
    "startTime" : "20150204T051221-0500",
    "endTime" : "20150204T051700-0500",
    "activities" : [ {
      "activity" : "running",
      "group" : "running",
      "manual" : false,
      "startTime" : "20150204T051221-0500",
      "endTime" : "20150204T051701-0500",
      "duration" : 280.0,
      "distance" : 688.0,
      "steps" : 714
    } ],
    "lastUpdate" : "20150204T124702Z"
  }, {
    "type" : "place",
    "startTime" : "20150204T051700-0500",
    "endTime" : "20150204T081314-0500",
    "activities" : [ {
      "activity" : "walking",
      "group" : "walking",
      "manual" : false,
      "startTime" : "20150204T071628-0500",
      "endTime" : "20150204T071858-0500",
      "duration" : 150.0,
      "distance" : 133.0,
      "steps" : 177
    }, {
      "activity" : "walking",
      "group" : "walking",
      "manual" : false,
      "startTime" : "20150204T080016-0500",
      "endTime" : "20150204T080249-0500",
      "duration" : 153.0,
      "distance" : 145.0,
      "steps" : 194
    } ],
    "lastUpdate" : "20150204T141804Z"
  }, {
    "type" : "move",
    "startTime" : "20150204T081314-0500",
    "endTime" : "20150204T082204-0500",
    "activities" : [ {
      "activity" : "cycling",
      "group" : "cycling",
      "manual" : false,
      "startTime" : "20150204T081314-0500",
      "endTime" : "20150204T082204-0500",
      "duration" : 530.0,
      "distance" : 3457.0
    } ],
    "lastUpdate" : "20150204T141804Z"
  }, {
    "type" : "place",
    "startTime" : "20150204T082204-0500",
    "endTime" : "20150204T114623-0500",
    "activities" : [ {
      "activity" : "walking",
      "group" : "walking",
      "manual" : false,
      "startTime" : "20150204T082350-0500",
      "endTime" : "20150204T082915-0500",
      "duration" : 325.0,
      "distance" : 420.0,
      "steps" : 560
    }, {
      "activity" : "walking",
      "group" : "walking",
      "manual" : false,
      "startTime" : "20150204T095115-0500",
      "endTime" : "20150204T095145-0500",
      "duration" : 30.0,
      "distance" : 30.0,
      "steps" : 61
    }, {
      "activity" : "walking",
      "group" : "walking",
      "manual" : false,
      "startTime" : "20150204T110022-0500",
      "endTime" : "20150204T110351-0500",
      "duration" : 209.0,
      "distance" : 230.0,
      "steps" : 307
    } ],
    "lastUpdate" : "20150204T185103Z"
  }, {
    "type" : "move",
    "startTime" : "20150204T114623-0500",
    "endTime" : "20150204T115903-0500",
    "activities" : [ {
      "activity" : "cycling",
      "group" : "cycling",
      "manual" : false,
      "startTime" : "20150204T114623-0500",
      "endTime" : "20150204T115903-0500",
      "duration" : 760.0,
      "distance" : 3634.0
    } ],
    "lastUpdate" : "20150204T185103Z"
  }, {
    "type" : "place",
    "startTime" : "20150204T115903-0500",
    "endTime" : "20150205T071149-0500",
    "activities" : [ {
      "activity" : "walking",
      "group" : "walking",
      "manual" : false,
      "startTime" : "20150204T115927-0500",
      "endTime" : "20150204T115957-0500",
      "duration" : 30.0,
      "distance" : 31.0,
      "steps" : 61
    }, {
      "activity" : "walking",
      "group" : "walking",
      "manual" : false,
      "startTime" : "20150204T120026-0500",
      "endTime" : "20150204T120256-0500",
      "duration" : 150.0,
      "distance" : 144.0,
      "steps" : 192
    }, {
      "activity" : "walking",
      "group" : "walking",
      "manual" : false,
      "startTime" : "20150204T152157-0500",
      "endTime" : "20150204T152335-0500",
      "duration" : 98.0,
      "distance" : 49.0,
      "steps" : 81
    }, {
      "activity" : "walking",
      "group" : "walking",
      "manual" : false,
      "startTime" : "20150204T165424-0500",
      "endTime" : "20150204T165454-0500",
      "duration" : 30.0,
      "distance" : 30.0,
      "steps" : 60
    }, {
      "activity" : "walking",
      "group" : "walking",
      "manual" : false,
      "startTime" : "20150204T173131-0500",
      "endTime" : "20150204T173201-0500",
      "duration" : 30.0,
      "distance" : 15.0,
      "steps" : 30
    }, {
      "activity" : "walking",
      "group" : "walking",
      "manual" : false,
      "startTime" : "20150204T202052-0500",
      "endTime" : "20150204T202152-0500",
      "duration" : 60.0,
      "distance" : 30.0,
      "steps" : 55
    }, {
      "activity" : "walking",
      "group" : "walking",
      "manual" : false,
      "startTime" : "20150204T211141-0500",
      "endTime" : "20150204T211311-0500",
      "duration" : 90.0,
      "distance" : 63.0,
      "steps" : 126
    }, {
      "activity" : "walking",
      "group" : "walking",
      "manual" : false,
      "startTime" : "20150204T222651-0500",
      "endTime" : "20150204T222921-0500",
      "duration" : 150.0,
      "distance" : 117.0,
      "steps" : 156
    } ],
    "lastUpdate" : "20150205T130306Z"
  } ],
  "lastUpdate" : "20150205T130306Z"
}, {
  "date" : "20150205",
  "summary" : [ {
    "activity" : "running",
    "group" : "running",
    "duration" : 295.0,
    "distance" : 681.0,
    "steps" : 537
  }, {
    "activity" : "walking",
    "group" : "walking",
    "duration" : 2131.0,
    "distance" : 1948.0,
    "steps" : 2746
  }, {
    "activity" : "cycling",
    "group" : "cycling",
    "duration" : 2003.0,
    "distance" : 10902.0
  }, {
    "activity" : "transport",
    "group" : "transport",
    "duration" : 548.0,
    "distance" : 1373.0
  } ],
  "segments" : [ {
    "type" : "move",
    "startTime" : "20150205T071149-0500",
    "endTime" : "20150205T071644-0500",
    "activities" : [ {
      "activity" : "running",
      "group" : "running",
      "manual" : false,
      "startTime" : "20150205T071149-0500",
      "endTime" : "20150205T071644-0500",
      "duration" : 295.0,
      "distance" : 681.0,
      "steps" : 537
    } ],
    "lastUpdate" : "20150205T130306Z"
  }, {
    "type" : "place",
    "startTime" : "20150205T071644-0500",
    "endTime" : "20150205T121553-0500",
    "activities" : [ {
      "activity" : "walking",
      "group" : "walking",
      "manual" : false,
      "startTime" : "20150205T072946-0500",
      "endTime" : "20150205T073346-0500",
      "duration" : 240.0,
      "distance" : 180.0,
      "steps" : 193
    }, {
      "activity" : "walking",
      "group" : "walking",
      "manual" : false,
      "startTime" : "20150205T080252-0500",
      "endTime" : "20150205T080352-0500",
      "duration" : 60.0,
      "distance" : 30.0,
      "steps" : 51
    } ],
    "lastUpdate" : "20150205T184227Z"
  }, {
    "type" : "move",
    "startTime" : "20150205T121553-0500",
    "endTime" : "20150205T122640-0500",
    "activities" : [ {
      "activity" : "cycling",
      "group" : "cycling",
      "manual" : false,
      "startTime" : "20150205T121553-0500",
      "endTime" : "20150205T122640-0500",
      "duration" : 647.0,
      "distance" : 4018.0
    } ],
    "lastUpdate" : "20150205T184227Z"
  }, {
    "type" : "place",
    "startTime" : "20150205T122640-0500",
    "endTime" : "20150205T125747-0500",
    "activities" : [ {
      "activity" : "walking",
      "group" : "walking",
      "manual" : false,
      "startTime" : "20150205T122740-0500",
      "endTime" : "20150205T123128-0500",
      "duration" : 228.0,
      "distance" : 296.0,
      "steps" : 395
    } ],
    "lastUpdate" : "20150205T184227Z"
  }, {
    "type" : "move",
    "startTime" : "20150205T125747-0500",
    "endTime" : "20150205T125854-0500",
    "activities" : [ {
      "activity" : "transport",
      "group" : "transport",
      "manual" : false,
      "startTime" : "20150205T125747-0500",
      "endTime" : "20150205T125854-0500",
      "duration" : 67.0,
      "distance" : 423.0
    } ],
    "lastUpdate" : "20150205T184227Z"
  }, {
    "type" : "place",
    "startTime" : "20150205T125854-0500",
    "endTime" : "20150205T133639-0500",
    "activities" : [ {
      "activity" : "walking",
      "group" : "walking",
      "manual" : false,
      "startTime" : "20150205T125924-0500",
      "endTime" : "20150205T130326-0500",
      "duration" : 242.0,
      "distance" : 248.0,
      "steps" : 350
    } ],
    "lastUpdate" : "20150205T203803Z"
  }, {
    "type" : "move",
    "startTime" : "20150205T133639-0500",
    "endTime" : "20150205T134557-0500",
    "activities" : [ {
      "activity" : "cycling",
      "group" : "cycling",
      "manual" : false,
      "startTime" : "20150205T133639-0500",
      "endTime" : "20150205T134132-0500",
      "duration" : 293.0,
      "distance" : 1169.0
    }, {
      "activity" : "walking",
      "group" : "walking",
      "manual" : false,
      "startTime" : "20150205T134132-0500",
      "endTime" : "20150205T134556-0500",
      "duration" : 264.0,
      "distance" : 282.0,
      "steps" : 235
    } ],
    "lastUpdate" : "20150205T203803Z"
  }, {
    "type" : "place",
    "startTime" : "20150205T134557-0500",
    "endTime" : "20150205T145812-0500",
    "activities" : [ {
      "activity" : "walking",
      "group" : "walking",
      "manual" : false,
      "startTime" : "20150205T135404-0500",
      "endTime" : "20150205T135434-0500",
      "duration" : 30.0,
      "distance" : 25.0,
      "steps" : 50
    } ],
    "lastUpdate" : "20150205T234003Z"
  }, {
    "type" : "move",
    "startTime" : "20150205T145812-0500",
    "endTime" : "20150205T150700-0500",
    "activities" : [ {
      "activity" : "walking",
      "group" : "walking",
      "manual" : false,
      "startTime" : "20150205T145812-0500",
      "endTime" : "20150205T150113-0500",
      "duration" : 181.0,
      "distance" : 156.0,
      "steps" : 256
    }, {
      "activity" : "cycling",
      "group" : "cycling",
      "manual" : false,
      "startTime" : "20150205T150414-0500",
      "endTime" : "20150205T150700-0500",
      "duration" : 166.0,
      "distance" : 983.0
    } ],
    "lastUpdate" : "20150205T234003Z"
  }, {
    "type" : "place",
    "startTime" : "20150205T150700-0500",
    "endTime" : "20150205T155312-0500",
    "activities" : [ {
      "activity" : "walking",
      "group" : "walking",
      "manual" : false,
      "startTime" : "20150205T150713-0500",
      "endTime" : "20150205T150913-0500",
      "duration" : 120.0,
      "distance" : 145.0,
      "steps" : 193
    } ],
    "lastUpdate" : "20150205T234003Z"
  }, {
    "type" : "move",
    "startTime" : "20150205T155312-0500",
    "endTime" : "20150205T160321-0500",
    "activities" : [ {
      "activity" : "walking",
      "group" : "walking",
      "manual" : false,
      "startTime" : "20150205T155312-0500",
      "endTime" : "20150205T155540-0500",
      "duration" : 148.0,
      "distance" : 100.0,
      "steps" : 200
    }, {
      "activity" : "transport",
      "group" : "transport",
      "manual" : false,
      "startTime" : "20150205T155540-0500",
      "endTime" : "20150205T160108-0500",
      "duration" : 328.0,
      "distance" : 454.0
    }, {
      "activity" : "cycling",
      "group" : "cycling",
      "manual" : false,
      "startTime" : "20150205T160108-0500",
      "endTime" : "20150205T160321-0500",
      "duration" : 133.0,
      "distance" : 636.0
    } ],
    "lastUpdate" : "20150205T234003Z"
  }, {
    "type" : "place",
    "startTime" : "20150205T160321-0500",
    "endTime" : "20150205T180112-0500",
    "activities" : [ {
      "activity" : "walking",
      "group" : "walking",
      "manual" : false,
      "startTime" : "20150205T160508-0500",
      "endTime" : "20150205T160746-0500",
      "duration" : 158.0,
      "distance" : 201.0,
      "steps" : 268
    }, {
      "activity" : "walking",
      "group" : "walking",
      "manual" : false,
      "startTime" : "20150205T175749-0500",
      "endTime" : "20150205T175849-0500",
      "duration" : 60.0,
      "distance" : 36.0,
      "steps" : 71
    } ],
    "lastUpdate" : "20150206T011110Z"
  }, {
    "type" : "place",
    "startTime" : "20150205T180112-0500",
    "endTime" : "20150205T200626-0500",
    "activities" : [ {
      "activity" : "walking",
      "group" : "walking",
      "manual" : false,
      "startTime" : "20150205T180115-0500",
      "endTime" : "20150205T180215-0500",
      "duration" : 60.0,
      "distance" : 46.0,
      "steps" : 91
    }, {
      "activity" : "walking",
      "group" : "walking",
      "manual" : false,
      "startTime" : "20150205T190609-0500",
      "endTime" : "20150205T190711-0500",
      "duration" : 62.0,
      "distance" : 38.0,
      "steps" : 75
    }, {
      "activity" : "walking",
      "group" : "walking",
      "manual" : false,
      "startTime" : "20150205T200000-0500",
      "endTime" : "20150205T200156-0500",
      "duration" : 116.0,
      "distance" : 64.0,
      "steps" : 127
    } ],
    "lastUpdate" : "20150206T041341Z"
  }, {
    "type" : "move",
    "startTime" : "20150205T200626-0500",
    "endTime" : "20150205T201910-0500",
    "activities" : [ {
      "activity" : "cycling",
      "group" : "cycling",
      "manual" : false,
      "startTime" : "20150205T200626-0500",
      "endTime" : "20150205T201910-0500",
      "duration" : 764.0,
      "distance" : 4096.0
    } ],
    "lastUpdate" : "20150206T041341Z"
  }, {
    "type" : "place",
    "startTime" : "20150205T201910-0500",
    "endTime" : "20150205T220544-0500",
    "activities" : [ {
      "activity" : "walking",
      "group" : "walking",
      "manual" : false,
      "startTime" : "20150205T201922-0500",
      "endTime" : "20150205T202039-0500",
      "duration" : 77.0,
      "distance" : 39.0,
      "steps" : 66
    }, {
      "activity" : "walking",
      "group" : "walking",
      "manual" : false,
      "startTime" : "20150205T220244-0500",
      "endTime" : "20150205T220314-0500",
      "duration" : 30.0,
      "distance" : 25.0,
      "steps" : 50
    } ],
    "lastUpdate" : "20150206T041341Z"
  }, {
    "type" : "move",
    "startTime" : "20150205T220544-0500",
    "endTime" : "20150205T220817-0500",
    "activities" : [ {
      "activity" : "transport",
      "group" : "transport",
      "manual" : false,
      "startTime" : "20150205T220544-0500",
      "endTime" : "20150205T220817-0500",
      "duration" : 153.0,
      "distance" : 496.0
    } ],
    "lastUpdate" : "20150206T041341Z"
  }, {
    "type" : "place",
    "startTime" : "20150205T220817-0500",
    "endTime" : "20150206T051657-0500",
    "activities" : [ {
      "activity" : "walking",
      "group" : "walking",
      "manual" : false,
      "startTime" : "20150205T220948-0500",
      "endTime" : "20150205T221043-0500",
      "duration" : 55.0,
      "distance" : 37.0,
      "steps" : 75
    } ],
    "lastUpdate" : "20150206T141341Z"
  } ],
  "lastUpdate" : "20150206T141341Z"
}, {
  "date" : "20150206",
  "summary" : [ {
    "activity" : "walking",
    "group" : "walking",
    "duration" : 5501.0,
    "distance" : 6693.0,
    "steps" : 8862
  }, {
    "activity" : "running",
    "group" : "running",
    "duration" : 205.0,
    "distance" : 633.0,
    "steps" : 425
  } ],
  "segments" : [ {
    "type" : "place",
    "startTime" : "20150205T220817-0500",
    "endTime" : "20150206T051657-0500",
    "activities" : [ {
      "activity" : "walking",
      "group" : "walking",
      "manual" : false,
      "startTime" : "20150206T050941-0500",
      "endTime" : "20150206T051836-0500",
      "duration" : 535.0,
      "distance" : 787.0,
      "steps" : 1049
    } ],
    "lastUpdate" : "20150206T141341Z"
  }, {
    "type" : "move",
    "startTime" : "20150206T051657-0500",
    "endTime" : "20150206T052022-0500",
    "activities" : [ {
      "activity" : "running",
      "group" : "running",
      "manual" : false,
      "startTime" : "20150206T051657-0500",
      "endTime" : "20150206T052022-0500",
      "duration" : 205.0,
      "distance" : 633.0,
      "steps" : 425
    } ],
    "lastUpdate" : "20150206T141341Z"
  }, {
    "type" : "place",
    "startTime" : "20150206T052022-0500",
    "endTime" : "20150206T091054-0500",
    "activities" : [ {
      "activity" : "walking",
      "group" : "walking",
      "manual" : false,
      "startTime" : "20150206T052022-0500",
      "endTime" : "20150206T052114-0500",
      "duration" : 52.0,
      "distance" : 26.0,
      "steps" : 46
    }, {
      "activity" : "walking",
      "group" : "walking",
      "manual" : false,
      "startTime" : "20150206T085108-0500",
      "endTime" : "20150206T085208-0500",
      "duration" : 60.0,
      "distance" : 35.0,
      "steps" : 71
    }, {
      "activity" : "walking",
      "group" : "walking",
      "manual" : false,
      "startTime" : "20150206T090248-0500",
      "endTime" : "20150206T090348-0500",
      "duration" : 60.0,
      "distance" : 46.0,
      "steps" : 91
    } ],
    "lastUpdate" : "20150206T192319Z"
  }, {
    "type" : "move",
    "startTime" : "20150206T091054-0500",
    "endTime" : "20150206T092503-0500",
    "activities" : [ {
      "activity" : "walking",
      "group" : "walking",
      "manual" : false,
      "startTime" : "20150206T091054-0500",
      "endTime" : "20150206T092504-0500",
      "duration" : 850.0,
      "distance" : 1193.0,
      "steps" : 1339
    } ],
    "lastUpdate" : "20150206T192319Z"
  }, {
    "type" : "place",
    "startTime" : "20150206T092503-0500",
    "endTime" : "20150206T115035-0500",
    "activities" : [ {
      "activity" : "walking",
      "group" : "walking",
      "manual" : false,
      "startTime" : "20150206T092649-0500",
      "endTime" : "20150206T092748-0500",
      "duration" : 59.0,
      "distance" : 55.0,
      "steps" : 109
    }, {
      "activity" : "walking",
      "group" : "walking",
      "manual" : false,
      "startTime" : "20150206T105045-0500",
      "endTime" : "20150206T105115-0500",
      "duration" : 30.0,
      "distance" : 20.0,
      "steps" : 41
    } ],
    "lastUpdate" : "20150206T192319Z"
  }, {
    "type" : "move",
    "startTime" : "20150206T115035-0500",
    "endTime" : "20150206T120503-0500",
    "activities" : [ {
      "activity" : "walking",
      "group" : "walking",
      "manual" : false,
      "startTime" : "20150206T115035-0500",
      "endTime" : "20150206T120504-0500",
      "duration" : 869.0,
      "distance" : 1127.0,
      "steps" : 1275
    } ],
    "lastUpdate" : "20150206T192319Z"
  }, {
    "type" : "place",
    "startTime" : "20150206T120503-0500",
    "endTime" : "20150206T200503-0500",
    "activities" : [ {
      "activity" : "walking",
      "group" : "walking",
      "manual" : false,
      "startTime" : "20150206T120533-0500",
      "endTime" : "20150206T120603-0500",
      "duration" : 30.0,
      "distance" : 15.0,
      "steps" : 31
    }, {
      "activity" : "walking",
      "group" : "walking",
      "manual" : false,
      "startTime" : "20150206T171943-0500",
      "endTime" : "20150206T172013-0500",
      "duration" : 30.0,
      "distance" : 20.0,
      "steps" : 40
    }, {
      "activity" : "walking",
      "group" : "walking",
      "manual" : false,
      "startTime" : "20150206T200235-0500",
      "endTime" : "20150206T200335-0500",
      "duration" : 60.0,
      "distance" : 46.0,
      "steps" : 91
    } ],
    "lastUpdate" : "20150207T025751Z"
  }, {
    "type" : "move",
    "startTime" : "20150206T200503-0500",
    "endTime" : "20150206T202305-0500",
    "activities" : [ {
      "activity" : "walking",
      "group" : "walking",
      "manual" : false,
      "startTime" : "20150206T200503-0500",
      "endTime" : "20150206T202305-0500",
      "duration" : 1082.0,
      "distance" : 1358.0,
      "steps" : 1737
    } ],
    "lastUpdate" : "20150207T025751Z"
  }, {
    "type" : "place",
    "startTime" : "20150206T202305-0500",
    "endTime" : "20150206T211805-0500",
    "activities" : [ {
      "activity" : "walking",
      "group" : "walking",
      "manual" : false,
      "startTime" : "20150206T211413-0500",
      "endTime" : "20150206T211443-0500",
      "duration" : 30.0,
      "distance" : 35.0,
      "steps" : 70
    } ],
    "lastUpdate" : "20150207T041052Z"
  }, {
    "type" : "move",
    "startTime" : "20150206T211805-0500",
    "endTime" : "20150206T213720-0500",
    "activities" : [ {
      "activity" : "walking",
      "group" : "walking",
      "manual" : false,
      "startTime" : "20150206T211805-0500",
      "endTime" : "20150206T213719-0500",
      "duration" : 1154.0,
      "distance" : 1414.0,
      "steps" : 1920
    } ],
    "lastUpdate" : "20150207T041052Z"
  }, {
    "type" : "place",
    "startTime" : "20150206T213720-0500",
    "endTime" : "20150206T230326-0500",
    "activities" : [ {
      "activity" : "walking",
      "group" : "walking",
      "manual" : false,
      "startTime" : "20150206T214739-0500",
      "endTime" : "20150206T214839-0500",
      "duration" : 60.0,
      "distance" : 36.0,
      "steps" : 71
    } ],
    "lastUpdate" : "20150207T060001Z"
  }, {
    "type" : "move",
    "startTime" : "20150206T230326-0500",
    "endTime" : "20150206T231124-0500",
    "activities" : [ {
      "activity" : "walking",
      "group" : "walking",
      "manual" : false,
      "startTime" : "20150206T230326-0500",
      "endTime" : "20150206T231124-0500",
      "duration" : 478.0,
      "distance" : 449.0,
      "steps" : 818
    } ],
    "lastUpdate" : "20150207T060001Z"
  }, {
    "type" : "place",
    "startTime" : "20150206T231124-0500",
    "endTime" : "20150207T083918-0500",
    "activities" : [ {
      "activity" : "walking",
      "group" : "walking",
      "manual" : false,
      "startTime" : "20150206T231124-0500",
      "endTime" : "20150206T231226-0500",
      "duration" : 62.0,
      "distance" : 31.0,
      "steps" : 63
    } ],
    "lastUpdate" : "20150207T170937Z"
  } ],
  "lastUpdate" : "20150207T170937Z"
}, {
  "date" : "20150207",
  "summary" : [ {
    "activity" : "walking",
    "group" : "walking",
    "duration" : 5452.0,
    "distance" : 5222.0,
    "steps" : 7272
  }, {
    "activity" : "cycling",
    "group" : "cycling",
    "duration" : 1780.0,
    "distance" : 7342.0
  } ],
  "segments" : [ {
    "type" : "place",
    "startTime" : "20150206T231124-0500",
    "endTime" : "20150207T083918-0500",
    "activities" : [ {
      "activity" : "walking",
      "group" : "walking",
      "manual" : false,
      "startTime" : "20150207T055956-0500",
      "endTime" : "20150207T060056-0500",
      "duration" : 60.0,
      "distance" : 30.0,
      "steps" : 46
    }, {
      "activity" : "walking",
      "group" : "walking",
      "manual" : false,
      "startTime" : "20150207T083633-0500",
      "endTime" : "20150207T083733-0500",
      "duration" : 60.0,
      "distance" : 38.0,
      "steps" : 76
    } ],
    "lastUpdate" : "20150207T170937Z"
  }, {
    "type" : "move",
    "startTime" : "20150207T083918-0500",
    "endTime" : "20150207T084940-0500",
    "activities" : [ {
      "activity" : "cycling",
      "group" : "cycling",
      "manual" : false,
      "startTime" : "20150207T083918-0500",
      "endTime" : "20150207T084940-0500",
      "duration" : 622.0,
      "distance" : 3571.0
    } ],
    "lastUpdate" : "20150207T170937Z"
  }, {
    "type" : "place",
    "startTime" : "20150207T084940-0500",
    "endTime" : "20150207T085916-0500",
    "activities" : [ {
      "activity" : "walking",
      "group" : "walking",
      "manual" : false,
      "startTime" : "20150207T085115-0500",
      "endTime" : "20150207T085645-0500",
      "duration" : 330.0,
      "distance" : 433.0,
      "steps" : 577
    } ],
    "lastUpdate" : "20150207T170937Z"
  }, {
    "type" : "move",
    "startTime" : "20150207T085916-0500",
    "endTime" : "20150207T090255-0500",
    "activities" : [ {
      "activity" : "walking",
      "group" : "walking",
      "manual" : false,
      "startTime" : "20150207T085916-0500",
      "endTime" : "20150207T090256-0500",
      "duration" : 220.0,
      "distance" : 211.0,
      "steps" : 293
    } ],
    "lastUpdate" : "20150207T170937Z"
  }, {
    "type" : "place",
    "startTime" : "20150207T090256-0500",
    "endTime" : "20150207T120818-0500",
    "activities" : [ {
      "activity" : "walking",
      "group" : "walking",
      "manual" : false,
      "startTime" : "20150207T090445-0500",
      "endTime" : "20150207T090515-0500",
      "duration" : 30.0,
      "distance" : 15.0,
      "steps" : 30
    }, {
      "activity" : "walking",
      "group" : "walking",
      "manual" : false,
      "startTime" : "20150207T101620-0500",
      "endTime" : "20150207T101751-0500",
      "duration" : 91.0,
      "distance" : 72.0,
      "steps" : 145
    }, {
      "activity" : "walking",
      "group" : "walking",
      "manual" : false,
      "startTime" : "20150207T111238-0500",
      "endTime" : "20150207T111338-0500",
      "duration" : 60.0,
      "distance" : 41.0,
      "steps" : 81
    }, {
      "activity" : "walking",
      "group" : "walking",
      "manual" : false,
      "startTime" : "20150207T120114-0500",
      "endTime" : "20150207T120622-0500",
      "duration" : 308.0,
      "distance" : 247.0,
      "steps" : 329
    } ],
    "lastUpdate" : "20150207T191721Z"
  }, {
    "type" : "move",
    "startTime" : "20150207T120818-0500",
    "endTime" : "20150207T122038-0500",
    "activities" : [ {
      "activity" : "walking",
      "group" : "walking",
      "manual" : false,
      "startTime" : "20150207T120818-0500",
      "endTime" : "20150207T122038-0500",
      "duration" : 740.0,
      "distance" : 954.0,
      "steps" : 1173
    } ],
    "lastUpdate" : "20150207T191721Z"
  }, {
    "type" : "place",
    "startTime" : "20150207T122038-0500",
    "endTime" : "20150207T130345-0500",
    "activities" : [ {
      "activity" : "walking",
      "group" : "walking",
      "manual" : false,
      "startTime" : "20150207T122824-0500",
      "endTime" : "20150207T123649-0500",
      "duration" : 505.0,
      "distance" : 437.0,
      "steps" : 583
    }, {
      "activity" : "walking",
      "group" : "walking",
      "manual" : false,
      "startTime" : "20150207T130327-0500",
      "endTime" : "20150207T130445-0500",
      "duration" : 78.0,
      "distance" : 53.0,
      "steps" : 106
    } ],
    "lastUpdate" : "20150207T191721Z"
  }, {
    "type" : "place",
    "startTime" : "20150207T130345-0500",
    "endTime" : "20150207T130423-0500",
    "activities" : [ {
      "activity" : "walking",
      "group" : "walking",
      "manual" : false,
      "startTime" : "20150207T130345-0500",
      "endTime" : "20150207T130423-0500",
      "duration" : 38.0,
      "distance" : 32.0,
      "steps" : 64
    } ],
    "lastUpdate" : "20150207T202127Z"
  }, {
    "type" : "place",
    "startTime" : "20150207T130423-0500",
    "endTime" : "20150207T132656-0500",
    "activities" : [ {
      "activity" : "walking",
      "group" : "walking",
      "manual" : false,
      "startTime" : "20150207T132107-0500",
      "endTime" : "20150207T132345-0500",
      "duration" : 158.0,
      "distance" : 118.0,
      "steps" : 138
    } ],
    "lastUpdate" : "20150207T202127Z"
  }, {
    "type" : "move",
    "startTime" : "20150207T132656-0500",
    "endTime" : "20150207T133116-0500",
    "activities" : [ {
      "activity" : "walking",
      "group" : "walking",
      "manual" : false,
      "startTime" : "20150207T132656-0500",
      "endTime" : "20150207T133116-0500",
      "duration" : 260.0,
      "distance" : 229.0,
      "steps" : 253
    } ],
    "lastUpdate" : "20150207T202127Z"
  }, {
    "type" : "place",
    "startTime" : "20150207T133116-0500",
    "endTime" : "20150207T142706-0500",
    "activities" : [ {
      "activity" : "walking",
      "group" : "walking",
      "manual" : false,
      "startTime" : "20150207T142302-0500",
      "endTime" : "20150207T142402-0500",
      "duration" : 60.0,
      "distance" : 46.0,
      "steps" : 91
    } ],
    "lastUpdate" : "20150207T224044Z"
  }, {
    "type" : "move",
    "startTime" : "20150207T142706-0500",
    "endTime" : "20150207T143145-0500",
    "activities" : [ {
      "activity" : "walking",
      "group" : "walking",
      "manual" : false,
      "startTime" : "20150207T142706-0500",
      "endTime" : "20150207T143145-0500",
      "duration" : 279.0,
      "distance" : 287.0,
      "steps" : 398
    } ],
    "lastUpdate" : "20150207T224044Z"
  }, {
    "type" : "move",
    "startTime" : "20150207T143402-0500",
    "endTime" : "20150207T145012-0500",
    "activities" : [ {
      "activity" : "cycling",
      "group" : "cycling",
      "manual" : false,
      "startTime" : "20150207T143402-0500",
      "endTime" : "20150207T145011-0500",
      "duration" : 969.0,
      "distance" : 3077.0
    } ],
    "lastUpdate" : "20150207T224044Z"
  }, {
    "type" : "move",
    "startTime" : "20150207T145458-0500",
    "endTime" : "20150207T145807-0500",
    "activities" : [ {
      "activity" : "cycling",
      "group" : "cycling",
      "manual" : false,
      "startTime" : "20150207T145458-0500",
      "endTime" : "20150207T145807-0500",
      "duration" : 189.0,
      "distance" : 694.0
    } ],
    "lastUpdate" : "20150207T224044Z"
  }, {
    "type" : "place",
    "startTime" : "20150207T145807-0500",
    "endTime" : "20150207T152006-0500",
    "activities" : [ {
      "activity" : "walking",
      "group" : "walking",
      "manual" : false,
      "startTime" : "20150207T145831-0500",
      "endTime" : "20150207T145901-0500",
      "duration" : 30.0,
      "distance" : 15.0,
      "steps" : 25
    }, {
      "activity" : "walking",
      "group" : "walking",
      "manual" : false,
      "startTime" : "20150207T150035-0500",
      "endTime" : "20150207T150105-0500",
      "duration" : 30.0,
      "distance" : 25.0,
      "steps" : 50
    } ],
    "lastUpdate" : "20150207T224044Z"
  }, {
    "type" : "move",
    "startTime" : "20150207T152006-0500",
    "endTime" : "20150207T152947-0500",
    "activities" : [ {
      "activity" : "walking",
      "group" : "walking",
      "manual" : false,
      "startTime" : "20150207T152006-0500",
      "endTime" : "20150207T152948-0500",
      "duration" : 582.0,
      "distance" : 553.0,
      "steps" : 951
    } ],
    "lastUpdate" : "20150207T224044Z"
  }, {
    "type" : "place",
    "startTime" : "20150207T152947-0500",
    "endTime" : "20150207T185444-0500",
    "activities" : [ {
      "activity" : "walking",
      "group" : "walking",
      "manual" : false,
      "startTime" : "20150207T153411-0500",
      "endTime" : "20150207T154146-0500",
      "duration" : 455.0,
      "distance" : 422.0,
      "steps" : 563
    }, {
      "activity" : "walking",
      "group" : "walking",
      "manual" : false,
      "startTime" : "20150207T182829-0500",
      "endTime" : "20150207T183445-0500",
      "duration" : 376.0,
      "distance" : 321.0,
      "steps" : 428
    } ],
    "lastUpdate" : "20150208T014339Z"
  }, {
    "type" : "move",
    "startTime" : "20150207T185444-0500",
    "endTime" : "20150207T190355-0500",
    "activities" : [ {
      "activity" : "walking",
      "group" : "walking",
      "manual" : false,
      "startTime" : "20150207T185444-0500",
      "endTime" : "20150207T190356-0500",
      "duration" : 552.0,
      "distance" : 545.0,
      "steps" : 674
    } ],
    "lastUpdate" : "20150208T014339Z"
  }, {
    "type" : "place",
    "startTime" : "20150207T190355-0500",
    "endTime" : "20150208T102406-0500",
    "activities" : [ {
      "activity" : "walking",
      "group" : "walking",
      "manual" : false,
      "startTime" : "20150207T190520-0500",
      "endTime" : "20150207T190650-0500",
      "duration" : 90.0,
      "distance" : 58.0,
      "steps" : 117
    }, {
      "activity" : "walking",
      "group" : "walking",
      "manual" : false,
      "startTime" : "20150207T214301-0500",
      "endTime" : "20150207T214401-0500",
      "duration" : 60.0,
      "distance" : 40.0,
      "steps" : 81
    } ],
    "lastUpdate" : "20150208T181247Z"
  } ],
  "lastUpdate" : "20150208T181247Z"
}, {
  "date" : "20150208",
  "summary" : [ {
    "activity" : "walking",
    "group" : "walking",
    "duration" : 6987.0,
    "distance" : 7168.0,
    "steps" : 9536
  }, {
    "activity" : "transport",
    "group" : "transport",
    "duration" : 75.0,
    "distance" : 584.0
  } ],
  "segments" : [ {
    "type" : "place",
    "startTime" : "20150207T190355-0500",
    "endTime" : "20150208T102406-0500",
    "activities" : [ {
      "activity" : "walking",
      "group" : "walking",
      "manual" : false,
      "startTime" : "20150208T083755-0500",
      "endTime" : "20150208T083825-0500",
      "duration" : 30.0,
      "distance" : 15.0,
      "steps" : 25
    }, {
      "activity" : "walking",
      "group" : "walking",
      "manual" : false,
      "startTime" : "20150208T102210-0500",
      "endTime" : "20150208T102240-0500",
      "duration" : 30.0,
      "distance" : 30.0,
      "steps" : 61
    } ],
    "lastUpdate" : "20150208T181247Z"
  }, {
    "type" : "move",
    "startTime" : "20150208T102406-0500",
    "endTime" : "20150208T103751-0500",
    "activities" : [ {
      "activity" : "walking",
      "group" : "walking",
      "manual" : false,
      "startTime" : "20150208T102406-0500",
      "endTime" : "20150208T103751-0500",
      "duration" : 825.0,
      "distance" : 850.0,
      "steps" : 1177
    } ],
    "lastUpdate" : "20150208T181247Z"
  }, {
    "type" : "place",
    "startTime" : "20150208T103751-0500",
    "endTime" : "20150208T130956-0500",
    "activities" : [ {
      "activity" : "walking",
      "group" : "walking",
      "manual" : false,
      "startTime" : "20150208T104544-0500",
      "endTime" : "20150208T104644-0500",
      "duration" : 60.0,
      "distance" : 30.0,
      "steps" : 51
    }, {
      "activity" : "walking",
      "group" : "walking",
      "manual" : false,
      "startTime" : "20150208T113238-0500",
      "endTime" : "20150208T113408-0500",
      "duration" : 90.0,
      "distance" : 45.0,
      "steps" : 77
    }, {
      "activity" : "walking",
      "group" : "walking",
      "manual" : false,
      "startTime" : "20150208T120700-0500",
      "endTime" : "20150208T121112-0500",
      "duration" : 252.0,
      "distance" : 235.0,
      "steps" : 314
    }, {
      "activity" : "walking",
      "group" : "walking",
      "manual" : false,
      "startTime" : "20150208T130431-0500",
      "endTime" : "20150208T130501-0500",
      "duration" : 30.0,
      "distance" : 15.0,
      "steps" : 15
    } ],
    "lastUpdate" : "20150208T212545Z"
  }, {
    "type" : "move",
    "startTime" : "20150208T130956-0500",
    "endTime" : "20150208T133206-0500",
    "activities" : [ {
      "activity" : "walking",
      "group" : "walking",
      "manual" : false,
      "startTime" : "20150208T130956-0500",
      "endTime" : "20150208T133207-0500",
      "duration" : 1331.0,
      "distance" : 1672.0,
      "steps" : 2101
    } ],
    "lastUpdate" : "20150208T212545Z"
  }, {
    "type" : "place",
    "startTime" : "20150208T133206-0500",
    "endTime" : "20150208T173321-0500",
    "activities" : [ {
      "activity" : "walking",
      "group" : "walking",
      "manual" : false,
      "startTime" : "20150208T135352-0500",
      "endTime" : "20150208T135422-0500",
      "duration" : 30.0,
      "distance" : 15.0,
      "steps" : 25
    }, {
      "activity" : "walking",
      "group" : "walking",
      "manual" : false,
      "startTime" : "20150208T143424-0500",
      "endTime" : "20150208T143454-0500",
      "duration" : 30.0,
      "distance" : 15.0,
      "steps" : 25
    }, {
      "activity" : "walking",
      "group" : "walking",
      "manual" : false,
      "startTime" : "20150208T150014-0500",
      "endTime" : "20150208T150144-0500",
      "duration" : 90.0,
      "distance" : 46.0,
      "steps" : 91
    }, {
      "activity" : "walking",
      "group" : "walking",
      "manual" : false,
      "startTime" : "20150208T172750-0500",
      "endTime" : "20150208T172920-0500",
      "duration" : 90.0,
      "distance" : 45.0,
      "steps" : 81
    } ],
    "lastUpdate" : "20150208T231337Z"
  }, {
    "type" : "move",
    "startTime" : "20150208T173321-0500",
    "endTime" : "20150208T174213-0500",
    "activities" : [ {
      "activity" : "walking",
      "group" : "walking",
      "manual" : false,
      "startTime" : "20150208T173321-0500",
      "endTime" : "20150208T174213-0500",
      "duration" : 532.0,
      "distance" : 464.0,
      "steps" : 928
    } ],
    "lastUpdate" : "20150208T231337Z"
  }, {
    "type" : "place",
    "startTime" : "20150208T174213-0500",
    "endTime" : "20150208T175605-0500",
    "activities" : [ {
      "activity" : "walking",
      "group" : "walking",
      "manual" : false,
      "startTime" : "20150208T174213-0500",
      "endTime" : "20150208T174240-0500",
      "duration" : 27.0,
      "distance" : 14.0,
      "steps" : 27
    } ],
    "lastUpdate" : "20150208T234307Z"
  }, {
    "type" : "place",
    "startTime" : "20150208T175605-0500",
    "endTime" : "20150208T180629-0500",
    "activities" : [ {
      "activity" : "walking",
      "group" : "walking",
      "manual" : false,
      "startTime" : "20150208T175605-0500",
      "endTime" : "20150208T175626-0500",
      "duration" : 21.0,
      "distance" : 18.0,
      "steps" : 36
    } ],
    "lastUpdate" : "20150208T234307Z"
  }, {
    "type" : "move",
    "startTime" : "20150208T180629-0500",
    "endTime" : "20150208T182154-0500",
    "activities" : [ {
      "activity" : "walking",
      "group" : "walking",
      "manual" : false,
      "startTime" : "20150208T180629-0500",
      "endTime" : "20150208T182155-0500",
      "duration" : 926.0,
      "distance" : 954.0,
      "steps" : 774
    } ],
    "lastUpdate" : "20150208T234307Z"
  }, {
    "type" : "place",
    "startTime" : "20150208T182154-0500",
    "endTime" : "20150208T190045-0500",
    "activities" : [ {
      "activity" : "walking",
      "group" : "walking",
      "manual" : false,
      "startTime" : "20150208T182154-0500",
      "endTime" : "20150208T184927-0500",
      "duration" : 1653.0,
      "distance" : 1828.0,
      "steps" : 2437
    } ],
    "lastUpdate" : "20150209T015857Z"
  }, {
    "type" : "move",
    "startTime" : "20150208T190045-0500",
    "endTime" : "20150208T190200-0500",
    "activities" : [ {
      "activity" : "transport",
      "group" : "transport",
      "manual" : false,
      "startTime" : "20150208T190045-0500",
      "endTime" : "20150208T190200-0500",
      "duration" : 75.0,
      "distance" : 584.0
    } ],
    "lastUpdate" : "20150209T015857Z"
  }, {
    "type" : "place",
    "startTime" : "20150208T190200-0500",
    "endTime" : "20150208T212952-0500",
    "activities" : [ {
      "activity" : "walking",
      "group" : "walking",
      "manual" : false,
      "startTime" : "20150208T190243-0500",
      "endTime" : "20150208T190446-0500",
      "duration" : 123.0,
      "distance" : 124.0,
      "steps" : 166
    }, {
      "activity" : "walking",
      "group" : "walking",
      "manual" : false,
      "startTime" : "20150208T205750-0500",
      "endTime" : "20150208T205820-0500",
      "duration" : 30.0,
      "distance" : 15.0,
      "steps" : 30
    }, {
      "activity" : "walking",
      "group" : "walking",
      "manual" : false,
      "startTime" : "20150208T210947-0500",
      "endTime" : "20150208T211152-0500",
      "duration" : 125.0,
      "distance" : 94.0,
      "steps" : 116
    } ],
    "lastUpdate" : "20150209T050102Z"
  }, {
    "type" : "move",
    "startTime" : "20150208T212952-0500",
    "endTime" : "20150208T213853-0500",
    "activities" : [ {
      "activity" : "walking",
      "group" : "walking",
      "manual" : false,
      "startTime" : "20150208T212952-0500",
      "endTime" : "20150208T213854-0500",
      "duration" : 542.0,
      "distance" : 552.0,
      "steps" : 794
    } ],
    "lastUpdate" : "20150209T050102Z"
  }, {
    "type" : "place",
    "startTime" : "20150208T213853-0500",
    "endTime" : "20150209T055704-0500",
    "activities" : [ {
      "activity" : "walking",
      "group" : "walking",
      "manual" : false,
      "startTime" : "20150208T215431-0500",
      "endTime" : "20150208T215501-0500",
      "duration" : 30.0,
      "distance" : 20.0,
      "steps" : 41
    }, {
      "activity" : "walking",
      "group" : "walking",
      "manual" : false,
      "startTime" : "20150208T231101-0500",
      "endTime" : "20150208T231231-0500",
      "duration" : 90.0,
      "distance" : 72.0,
      "steps" : 144
    } ],
    "lastUpdate" : "20150209T123545Z"
  } ],
  "lastUpdate" : "20150209T123545Z"
} ]