[ {
  "date" : "20150216",
  "summary" : [ {
    "activity" : "walking",
    "group" : "walking",
    "duration" : 1486.0,
    "distance" : 1336.0,
    "steps" : 2034
  }, {
    "activity" : "cycling",
    "group" : "cycling",
    "duration" : 1637.0,
    "distance" : 8728.0
  }, {
    "activity" : "transport",
    "group" : "transport",
    "duration" : 558.0,
    "distance" : 955.0
  } ],
  "segments" : [ {
    "type" : "place",
    "startTime" : "20150215T204850-0500",
    "endTime" : "20150216T154233-0500",
    "activities" : [ {
      "activity" : "walking",
      "group" : "walking",
      "manual" : false,
      "startTime" : "20150216T045858-0500",
      "endTime" : "20150216T045928-0500",
      "duration" : 30.0,
      "distance" : 20.0,
      "steps" : 41
    }, {
      "activity" : "walking",
      "group" : "walking",
      "manual" : false,
      "startTime" : "20150216T051003-0500",
      "endTime" : "20150216T051033-0500",
      "duration" : 30.0,
      "distance" : 15.0,
      "steps" : 20
    }, {
      "activity" : "walking",
      "group" : "walking",
      "manual" : false,
      "startTime" : "20150216T083331-0500",
      "endTime" : "20150216T083602-0500",
      "duration" : 151.0,
      "distance" : 113.0,
      "steps" : 92
    }, {
      "activity" : "walking",
      "group" : "walking",
      "manual" : false,
      "startTime" : "20150216T095539-0500",
      "endTime" : "20150216T095609-0500",
      "duration" : 30.0,
      "distance" : 15.0,
      "steps" : 25
    }, {
      "activity" : "walking",
      "group" : "walking",
      "manual" : false,
      "startTime" : "20150216T133107-0500",
      "endTime" : "20150216T133137-0500",
      "duration" : 30.0,
      "distance" : 15.0,
      "steps" : 27
    }, {
      "activity" : "walking",
      "group" : "walking",
      "manual" : false,
      "startTime" : "20150216T143418-0500",
      "endTime" : "20150216T143518-0500",
      "duration" : 60.0,
      "distance" : 46.0,
      "steps" : 91
    }, {
      "activity" : "walking",
      "group" : "walking",
      "manual" : false,
      "startTime" : "20150216T154003-0500",
      "endTime" : "20150216T154103-0500",
      "duration" : 60.0,
      "distance" : 50.0,
      "steps" : 101
    } ],
    "lastUpdate" : "20150216T235341Z"
  }, {
    "type" : "move",
    "startTime" : "20150216T154234-0500",
    "endTime" : "20150216T155558-0500",
    "activities" : [ {
      "activity" : "cycling",
      "group" : "cycling",
      "manual" : false,
      "startTime" : "20150216T154234-0500",
      "endTime" : "20150216T155558-0500",
      "duration" : 804.0,
      "distance" : 4004.0
    } ],
    "lastUpdate" : "20150216T235341Z"
  }, {
    "type" : "place",
    "startTime" : "20150216T155558-0500",
    "endTime" : "20150216T184009-0500",
    "activities" : [ {
      "activity" : "walking",
      "group" : "walking",
      "manual" : false,
      "startTime" : "20150216T155642-0500",
      "endTime" : "20150216T155726-0500",
      "duration" : 44.0,
      "distance" : 44.0,
      "steps" : 87
    }, {
      "activity" : "walking",
      "group" : "walking",
      "manual" : false,
      "startTime" : "20150216T160000-0500",
      "endTime" : "20150216T160205-0500",
      "duration" : 125.0,
      "distance" : 159.0,
      "steps" : 211
    }, {
      "activity" : "walking",
      "group" : "walking",
      "manual" : false,
      "startTime" : "20150216T174340-0500",
      "endTime" : "20150216T174536-0500",
      "duration" : 116.0,
      "distance" : 82.0,
      "steps" : 164
    }, {
      "activity" : "walking",
      "group" : "walking",
      "manual" : false,
      "startTime" : "20150216T183111-0500",
      "endTime" : "20150216T183941-0500",
      "duration" : 510.0,
      "distance" : 567.0,
      "steps" : 756
    } ],
    "lastUpdate" : "20150217T012729Z"
  }, {
    "type" : "move",
    "startTime" : "20150216T184009-0500",
    "endTime" : "20150216T185401-0500",
    "activities" : [ {
      "activity" : "cycling",
      "group" : "cycling",
      "manual" : false,
      "startTime" : "20150216T184009-0500",
      "endTime" : "20150216T185402-0500",
      "duration" : 833.0,
      "distance" : 4724.0
    } ],
    "lastUpdate" : "20150217T012729Z"
  }, {
    "type" : "place",
    "startTime" : "20150216T185401-0500",
    "endTime" : "20150216T210800-0500",
    "activities" : [ {
      "activity" : "walking",
      "group" : "walking",
      "manual" : false,
      "startTime" : "20150216T185612-0500",
      "endTime" : "20150216T185712-0500",
      "duration" : 60.0,
      "distance" : 51.0,
      "steps" : 101
    }, {
      "activity" : "walking",
      "group" : "walking",
      "manual" : false,
      "startTime" : "20150216T191512-0500",
      "endTime" : "20150216T191712-0500",
      "duration" : 120.0,
      "distance" : 66.0,
      "steps" : 132
    }, {
      "activity" : "walking",
      "group" : "walking",
      "manual" : false,
      "startTime" : "20150216T200820-0500",
      "endTime" : "20150216T200920-0500",
      "duration" : 60.0,
      "distance" : 33.0,
      "steps" : 65
    } ],
    "lastUpdate" : "20150217T042918Z"
  }, {
    "type" : "move",
    "startTime" : "20150216T210800-0500",
    "endTime" : "20150216T211718-0500",
    "activities" : [ {
      "activity" : "transport",
      "group" : "transport",
      "manual" : false,
      "startTime" : "20150216T210800-0500",
      "endTime" : "20150216T211718-0500",
      "duration" : 558.0,
      "distance" : 955.0
    } ],
    "lastUpdate" : "20150217T042918Z"
  }, {
    "type" : "place",
    "startTime" : "20150216T211718-0500",
    "endTime" : "20150217T091017-0500",
    "activities" : [ {
      "activity" : "walking",
      "group" : "walking",
      "manual" : false,
      "startTime" : "20150216T211859-0500",
      "endTime" : "20150216T211959-0500",
      "duration" : 60.0,
      "distance" : 60.0,
      "steps" : 121
    } ],
    "lastUpdate" : "20150217T163721Z"
  } ],
  "lastUpdate" : "20150217T163721Z"
}, {
  "date" : "20150217",
  "summary" : [ {
    "activity" : "walking",
    "group" : "walking",
    "duration" : 2352.0,
    "distance" : 2292.0,
    "steps" : 3446
  }, {
    "activity" : "cycling",
    "group" : "cycling",
    "duration" : 2056.0,
    "distance" : 8229.0
  } ],
  "segments" : [ {
    "type" : "place",
    "startTime" : "20150216T211718-0500",
    "endTime" : "20150217T091017-0500",
    "activities" : [ {
      "activity" : "walking",
      "group" : "walking",
      "manual" : false,
      "startTime" : "20150217T001837-0500",
      "endTime" : "20150217T001907-0500",
      "duration" : 30.0,
      "distance" : 20.0,
      "steps" : 41
    }, {
      "activity" : "walking",
      "group" : "walking",
      "manual" : false,
      "startTime" : "20150217T055459-0500",
      "endTime" : "20150217T055529-0500",
      "duration" : 30.0,
      "distance" : 15.0,
      "steps" : 30
    }, {
      "activity" : "walking",
      "group" : "walking",
      "manual" : false,
      "startTime" : "20150217T073245-0500",
      "endTime" : "20150217T073415-0500",
      "duration" : 90.0,
      "distance" : 56.0,
      "steps" : 111
    }, {
      "activity" : "walking",
      "group" : "walking",
      "manual" : false,
      "startTime" : "20150217T090117-0500",
      "endTime" : "20150217T091659-0500",
      "duration" : 942.0,
      "distance" : 1189.0,
      "steps" : 1585
    } ],
    "lastUpdate" : "20150217T163721Z"
  }, {
    "type" : "move",
    "startTime" : "20150217T091017-0500",
    "endTime" : "20150217T092401-0500",
    "activities" : [ {
      "activity" : "cycling",
      "group" : "cycling",
      "manual" : false,
      "startTime" : "20150217T091017-0500",
      "endTime" : "20150217T092402-0500",
      "duration" : 825.0,
      "distance" : 3940.0
    } ],
    "lastUpdate" : "20150217T163721Z"
  }, {
    "type" : "place",
    "startTime" : "20150217T092402-0500",
    "endTime" : "20150217T114646-0500",
    "activities" : [ {
      "activity" : "walking",
      "group" : "walking",
      "manual" : false,
      "startTime" : "20150217T092421-0500",
      "endTime" : "20150217T092621-0500",
      "duration" : 120.0,
      "distance" : 116.0,
      "steps" : 232
    }, {
      "activity" : "walking",
      "group" : "walking",
      "manual" : false,
      "startTime" : "20150217T113754-0500",
      "endTime" : "20150217T113924-0500",
      "duration" : 90.0,
      "distance" : 66.0,
      "steps" : 132
    } ],
    "lastUpdate" : "20150217T193933Z"
  }, {
    "type" : "move",
    "startTime" : "20150217T114646-0500",
    "endTime" : "20150217T120716-0500",
    "activities" : [ {
      "activity" : "cycling",
      "group" : "cycling",
      "manual" : false,
      "startTime" : "20150217T114646-0500",
      "endTime" : "20150217T120717-0500",
      "duration" : 1231.0,
      "distance" : 4289.0
    } ],
    "lastUpdate" : "20150217T193933Z"
  }, {
    "type" : "place",
    "startTime" : "20150217T120716-0500",
    "endTime" : "20150218T183057-0500",
    "activities" : [ {
      "activity" : "walking",
      "group" : "walking",
      "manual" : false,
      "startTime" : "20150217T120822-0500",
      "endTime" : "20150217T121022-0500",
      "duration" : 120.0,
      "distance" : 76.0,
      "steps" : 152
    }, {
      "activity" : "walking",
      "group" : "walking",
      "manual" : false,
      "startTime" : "20150217T152300-0500",
      "endTime" : "20150217T152330-0500",
      "duration" : 30.0,
      "distance" : 15.0,
      "steps" : 20
    }, {
      "activity" : "walking",
      "group" : "walking",
      "manual" : false,
      "startTime" : "20150217T161652-0500",
      "endTime" : "20150217T161829-0500",
      "duration" : 97.0,
      "distance" : 58.0,
      "steps" : 116
    }, {
      "activity" : "walking",
      "group" : "walking",
      "manual" : false,
      "startTime" : "20150217T174230-0500",
      "endTime" : "20150217T174300-0500",
      "duration" : 30.0,
      "distance" : 15.0,
      "steps" : 30
    }, {
      "activity" : "walking",
      "group" : "walking",
      "manual" : false,
      "startTime" : "20150217T180153-0500",
      "endTime" : "20150217T180353-0500",
      "duration" : 120.0,
      "distance" : 73.0,
      "steps" : 147
    }, {
      "activity" : "walking",
      "group" : "walking",
      "manual" : false,
      "startTime" : "20150217T190509-0500",
      "endTime" : "20150217T191402-0500",
      "duration" : 533.0,
      "distance" : 507.0,
      "steps" : 676
    }, {
      "activity" : "walking",
      "group" : "walking",
      "manual" : false,
      "startTime" : "20150217T204838-0500",
      "endTime" : "20150217T204938-0500",
      "duration" : 60.0,
      "distance" : 51.0,
      "steps" : 102
    }, {
      "activity" : "walking",
      "group" : "walking",
      "manual" : false,
      "startTime" : "20150217T213925-0500",
      "endTime" : "20150217T213955-0500",
      "duration" : 30.0,
      "distance" : 15.0,
      "steps" : 31
    }, {
      "activity" : "walking",
      "group" : "walking",
      "manual" : false,
      "startTime" : "20150217T220048-0500",
      "endTime" : "20150217T220118-0500",
      "duration" : 30.0,
      "distance" : 20.0,
      "steps" : 41
    } ],
    "lastUpdate" : "20150219T015923Z"
  } ],
  "lastUpdate" : "20150219T015923Z"
}, {
  "date" : "20150218",
  "summary" : [ {
    "activity" : "walking",
    "group" : "walking",
    "duration" : 3113.0,
    "distance" : 2911.0,
    "steps" : 4301
  }, {
    "activity" : "transport",
    "group" : "transport",
    "duration" : 191.0,
    "distance" : 905.0
  } ],
  "segments" : [ {
    "type" : "place",
    "startTime" : "20150217T120716-0500",
    "endTime" : "20150218T183057-0500",
    "activities" : [ {
      "activity" : "walking",
      "group" : "walking",
      "manual" : false,
      "startTime" : "20150218T073100-0500",
      "endTime" : "20150218T073309-0500",
      "duration" : 129.0,
      "distance" : 128.0,
      "steps" : 170
    }, {
      "activity" : "walking",
      "group" : "walking",
      "manual" : false,
      "startTime" : "20150218T124636-0500",
      "endTime" : "20150218T124706-0500",
      "duration" : 30.0,
      "distance" : 15.0,
      "steps" : 30
    }, {
      "activity" : "walking",
      "group" : "walking",
      "manual" : false,
      "startTime" : "20150218T182518-0500",
      "endTime" : "20150218T182548-0500",
      "duration" : 30.0,
      "distance" : 15.0,
      "steps" : 25
    } ],
    "lastUpdate" : "20150219T015923Z"
  }, {
    "type" : "move",
    "startTime" : "20150218T183057-0500",
    "endTime" : "20150218T184309-0500",
    "activities" : [ {
      "activity" : "walking",
      "group" : "walking",
      "manual" : false,
      "startTime" : "20150218T183057-0500",
      "endTime" : "20150218T184309-0500",
      "duration" : 732.0,
      "distance" : 741.0,
      "steps" : 1165
    } ],
    "lastUpdate" : "20150219T015923Z"
  }, {
    "type" : "place",
    "startTime" : "20150218T184309-0500",
    "endTime" : "20150218T185657-0500",
    "activities" : [ {
      "activity" : "walking",
      "group" : "walking",
      "manual" : false,
      "startTime" : "20150218T184502-0500",
      "endTime" : "20150218T184632-0500",
      "duration" : 90.0,
      "distance" : 51.0,
      "steps" : 101
    } ],
    "lastUpdate" : "20150219T015923Z"
  }, {
    "type" : "move",
    "startTime" : "20150218T185657-0500",
    "endTime" : "20150218T190302-0500",
    "activities" : [ {
      "activity" : "walking",
      "group" : "walking",
      "manual" : false,
      "startTime" : "20150218T185657-0500",
      "endTime" : "20150218T190302-0500",
      "duration" : 365.0,
      "distance" : 343.0,
      "steps" : 493
    } ],
    "lastUpdate" : "20150219T015923Z"
  }, {
    "type" : "place",
    "startTime" : "20150218T190302-0500",
    "endTime" : "20150218T204530-0500",
    "activities" : [ {
      "activity" : "walking",
      "group" : "walking",
      "manual" : false,
      "startTime" : "20150218T190302-0500",
      "endTime" : "20150218T190505-0500",
      "duration" : 123.0,
      "distance" : 156.0,
      "steps" : 208
    } ],
    "lastUpdate" : "20150219T033102Z"
  }, {
    "type" : "move",
    "startTime" : "20150218T204530-0500",
    "endTime" : "20150218T211049-0500",
    "activities" : [ {
      "activity" : "walking",
      "group" : "walking",
      "manual" : false,
      "startTime" : "20150218T204530-0500",
      "endTime" : "20150218T211050-0500",
      "duration" : 1520.0,
      "distance" : 1372.0,
      "steps" : 1929
    } ],
    "lastUpdate" : "20150219T033102Z"
  }, {
    "type" : "place",
    "startTime" : "20150218T211050-0500",
    "endTime" : "20150218T213623-0500",
    "activities" : [ {
      "activity" : "walking",
      "group" : "walking",
      "manual" : false,
      "startTime" : "20150218T213343-0500",
      "endTime" : "20150218T213413-0500",
      "duration" : 30.0,
      "distance" : 30.0,
      "steps" : 61
    } ],
    "lastUpdate" : "20150219T033102Z"
  }, {
    "type" : "move",
    "startTime" : "20150218T213623-0500",
    "endTime" : "20150218T213934-0500",
    "activities" : [ {
      "activity" : "transport",
      "group" : "transport",
      "manual" : false,
      "startTime" : "20150218T213623-0500",
      "endTime" : "20150218T213934-0500",
      "duration" : 191.0,
      "distance" : 905.0
    } ],
    "lastUpdate" : "20150219T033102Z"
  }, {
    "type" : "place",
    "startTime" : "20150218T213934-0500",
    "endTime" : "20150219T092240-0500",
    "activities" : [ {
      "activity" : "walking",
      "group" : "walking",
      "manual" : false,
      "startTime" : "20150218T214013-0500",
      "endTime" : "20150218T214117-0500",
      "duration" : 64.0,
      "distance" : 60.0,
      "steps" : 119
    } ],
    "lastUpdate" : "20150219T170916Z"
  } ],
  "lastUpdate" : "20150219T170916Z"
}, {
  "date" : "20150219",
  "summary" : [ {
    "activity" : "walking",
    "group" : "walking",
    "duration" : 1713.0,
    "distance" : 1574.0,
    "steps" : 2233
  }, {
    "activity" : "transport",
    "group" : "transport",
    "duration" : 13002.0,
    "distance" : 267204.0
  }, {
    "activity" : "cycling",
    "group" : "cycling",
    "duration" : 1235.0,
    "distance" : 7392.0
  } ],
  "segments" : [ {
    "type" : "place",
    "startTime" : "20150218T213934-0500",
    "endTime" : "20150219T092240-0500",
    "activities" : [ {
      "activity" : "walking",
      "group" : "walking",
      "manual" : false,
      "startTime" : "20150219T090106-0500",
      "endTime" : "20150219T090403-0500",
      "duration" : 177.0,
      "distance" : 201.0,
      "steps" : 268
    } ],
    "lastUpdate" : "20150219T170916Z"
  }, {
    "type" : "move",
    "startTime" : "20150219T092240-0500",
    "endTime" : "20150219T110318-0500",
    "activities" : [ {
      "activity" : "transport",
      "group" : "transport",
      "manual" : false,
      "startTime" : "20150219T092240-0500",
      "endTime" : "20150219T110319-0500",
      "duration" : 6039.0,
      "distance" : 140568.0
    } ],
    "lastUpdate" : "20150219T170916Z"
  }, {
    "type" : "place",
    "startTime" : "20150219T110318-0500",
    "endTime" : "20150219T125132-0500",
    "activities" : [ {
      "activity" : "walking",
      "group" : "walking",
      "manual" : false,
      "startTime" : "20150219T111105-0500",
      "endTime" : "20150219T111135-0500",
      "duration" : 30.0,
      "distance" : 25.0,
      "steps" : 51
    }, {
      "activity" : "walking",
      "group" : "walking",
      "manual" : false,
      "startTime" : "20150219T120600-0500",
      "endTime" : "20150219T121121-0500",
      "duration" : 321.0,
      "distance" : 241.0,
      "steps" : 286
    } ],
    "lastUpdate" : "20150219T214232Z"
  }, {
    "type" : "move",
    "startTime" : "20150219T125132-0500",
    "endTime" : "20150219T130424-0500",
    "activities" : [ {
      "activity" : "transport",
      "group" : "transport",
      "manual" : false,
      "startTime" : "20150219T125132-0500",
      "endTime" : "20150219T130425-0500",
      "duration" : 773.0,
      "distance" : 6048.0
    } ],
    "lastUpdate" : "20150219T214232Z"
  }, {
    "type" : "place",
    "startTime" : "20150219T130424-0500",
    "endTime" : "20150219T134412-0500",
    "activities" : [ {
      "activity" : "walking",
      "group" : "walking",
      "manual" : false,
      "startTime" : "20150219T130530-0500",
      "endTime" : "20150219T130700-0500",
      "duration" : 90.0,
      "distance" : 66.0,
      "steps" : 132
    } ],
    "lastUpdate" : "20150219T214232Z"
  }, {
    "type" : "move",
    "startTime" : "20150219T134412-0500",
    "endTime" : "20150219T152609-0500",
    "activities" : [ {
      "activity" : "transport",
      "group" : "transport",
      "manual" : false,
      "startTime" : "20150219T134412-0500",
      "endTime" : "20150219T152609-0500",
      "duration" : 6117.0,
      "distance" : 120068.0
    } ],
    "lastUpdate" : "20150219T214232Z"
  }, {
    "type" : "place",
    "startTime" : "20150219T152609-0500",
    "endTime" : "20150219T174713-0500",
    "activities" : [ {
      "activity" : "walking",
      "group" : "walking",
      "manual" : false,
      "startTime" : "20150219T152609-0500",
      "endTime" : "20150219T152733-0500",
      "duration" : 84.0,
      "distance" : 57.0,
      "steps" : 114
    }, {
      "activity" : "walking",
      "group" : "walking",
      "manual" : false,
      "startTime" : "20150219T172610-0500",
      "endTime" : "20150219T173043-0500",
      "duration" : 273.0,
      "distance" : 233.0,
      "steps" : 311
    } ],
    "lastUpdate" : "20150220T004453Z"
  }, {
    "type" : "move",
    "startTime" : "20150219T174713-0500",
    "endTime" : "20150219T175552-0500",
    "activities" : [ {
      "activity" : "cycling",
      "group" : "cycling",
      "manual" : false,
      "startTime" : "20150219T174713-0500",
      "endTime" : "20150219T175552-0500",
      "duration" : 519.0,
      "distance" : 3199.0
    } ],
    "lastUpdate" : "20150220T004453Z"
  }, {
    "type" : "place",
    "startTime" : "20150219T175552-0500",
    "endTime" : "20150219T201216-0500",
    "activities" : [ {
      "activity" : "walking",
      "group" : "walking",
      "manual" : false,
      "startTime" : "20150219T175635-0500",
      "endTime" : "20150219T175904-0500",
      "duration" : 149.0,
      "distance" : 144.0,
      "steps" : 191
    }, {
      "activity" : "walking",
      "group" : "walking",
      "manual" : false,
      "startTime" : "20150219T200622-0500",
      "endTime" : "20150219T201126-0500",
      "duration" : 304.0,
      "distance" : 303.0,
      "steps" : 405
    } ],
    "lastUpdate" : "20150220T021518Z"
  }, {
    "type" : "move",
    "startTime" : "20150219T201216-0500",
    "endTime" : "20150219T202413-0500",
    "activities" : [ {
      "activity" : "cycling",
      "group" : "cycling",
      "manual" : false,
      "startTime" : "20150219T201216-0500",
      "endTime" : "20150219T202412-0500",
      "duration" : 716.0,
      "distance" : 4193.0
    } ],
    "lastUpdate" : "20150220T021518Z"
  }, {
    "type" : "place",
    "startTime" : "20150219T202413-0500",
    "endTime" : "20150219T213224-0500",
    "activities" : [ {
      "activity" : "walking",
      "group" : "walking",
      "manual" : false,
      "startTime" : "20150219T202601-0500",
      "endTime" : "20150219T202701-0500",
      "duration" : 60.0,
      "distance" : 40.0,
      "steps" : 81
    }, {
      "activity" : "walking",
      "group" : "walking",
      "manual" : false,
      "startTime" : "20150219T213210-0500",
      "endTime" : "20150219T213425-0500",
      "duration" : 135.0,
      "distance" : 204.0,
      "steps" : 272
    } ],
    "lastUpdate" : "20150220T034614Z"
  }, {
    "type" : "move",
    "startTime" : "20150219T213224-0500",
    "endTime" : "20150219T213336-0500",
    "activities" : [ {
      "activity" : "transport",
      "group" : "transport",
      "manual" : false,
      "startTime" : "20150219T213224-0500",
      "endTime" : "20150219T213337-0500",
      "duration" : 73.0,
      "distance" : 520.0
    } ],
    "lastUpdate" : "20150220T034614Z"
  }, {
    "type" : "place",
    "startTime" : "20150219T213336-0500",
    "endTime" : "20150220T083153-0500",
    "activities" : [ {
      "activity" : "walking",
      "group" : "walking",
      "manual" : false,
      "startTime" : "20150219T214209-0500",
      "endTime" : "20150219T214309-0500",
      "duration" : 60.0,
      "distance" : 35.0,
      "steps" : 71
    }, {
      "activity" : "walking",
      "group" : "walking",
      "manual" : false,
      "startTime" : "20150219T222246-0500",
      "endTime" : "20150219T222316-0500",
      "duration" : 30.0,
      "distance" : 25.0,
      "steps" : 51
    } ],
    "lastUpdate" : "20150220T133156Z"
  } ],
  "lastUpdate" : "20150220T133156Z"
}, {
  "date" : "20150220",
  "summary" : [ {
    "activity" : "walking",
    "group" : "walking",
    "duration" : 208.0,
    "distance" : 159.0,
    "steps" : 193
  } ],
  "segments" : [ {
    "type" : "place",
    "startTime" : "20150219T213336-0500",
    "endTime" : "20150220T083153-0500",
    "activities" : [ {
      "activity" : "walking",
      "group" : "walking",
      "manual" : false,
      "startTime" : "20150220T073408-0500",
      "endTime" : "20150220T073714-0500",
      "duration" : 186.0,
      "distance" : 140.0,
      "steps" : 156
    }, {
      "activity" : "walking",
      "group" : "walking",
      "manual" : false,
      "startTime" : "20150220T083128-0500",
      "endTime" : "20150220T083150-0500",
      "duration" : 22.0,
      "distance" : 19.0,
      "steps" : 37
    } ],
    "lastUpdate" : "20150220T133156Z"
  } ],
  "lastUpdate" : "20150220T133156Z"
} ]