[ {
  "date" : "20150209",
  "summary" : [ {
    "activity" : "walking",
    "group" : "walking",
    "duration" : 3125.0,
    "distance" : 3599.0,
    "steps" : 4489
  }, {
    "activity" : "running",
    "group" : "running",
    "duration" : 334.0,
    "distance" : 665.0,
    "steps" : 826
  }, {
    "activity" : "cycling",
    "group" : "cycling",
    "duration" : 1406.0,
    "distance" : 6313.0
  } ],
  "segments" : [ {
    "type" : "place",
    "startTime" : "20150208T213853-0500",
    "endTime" : "20150209T055704-0500",
    "activities" : [ {
      "activity" : "walking",
      "group" : "walking",
      "manual" : false,
      "startTime" : "20150209T055218-0500",
      "endTime" : "20150209T055318-0500",
      "duration" : 60.0,
      "distance" : 35.0,
      "steps" : 71
    } ],
    "lastUpdate" : "20150209T123545Z"
  }, {
    "type" : "move",
    "startTime" : "20150209T055704-0500",
    "endTime" : "20150209T060237-0500",
    "activities" : [ {
      "activity" : "running",
      "group" : "running",
      "manual" : false,
      "startTime" : "20150209T055704-0500",
      "endTime" : "20150209T060238-0500",
      "duration" : 334.0,
      "distance" : 665.0,
      "steps" : 826
    } ],
    "lastUpdate" : "20150209T123545Z"
  }, {
    "type" : "place",
    "startTime" : "20150209T060238-0500",
    "endTime" : "20150209T184227-0500",
    "activities" : [ {
      "activity" : "walking",
      "group" : "walking",
      "manual" : false,
      "startTime" : "20150209T072111-0500",
      "endTime" : "20150209T072301-0500",
      "duration" : 110.0,
      "distance" : 55.0,
      "steps" : 106
    }, {
      "activity" : "walking",
      "group" : "walking",
      "manual" : false,
      "startTime" : "20150209T080321-0500",
      "endTime" : "20150209T080351-0500",
      "duration" : 30.0,
      "distance" : 15.0,
      "steps" : 20
    }, {
      "activity" : "walking",
      "group" : "walking",
      "manual" : false,
      "startTime" : "20150209T094053-0500",
      "endTime" : "20150209T094123-0500",
      "duration" : 30.0,
      "distance" : 15.0,
      "steps" : 20
    }, {
      "activity" : "walking",
      "group" : "walking",
      "manual" : false,
      "startTime" : "20150209T104950-0500",
      "endTime" : "20150209T105020-0500",
      "duration" : 30.0,
      "distance" : 30.0,
      "steps" : 61
    }, {
      "activity" : "walking",
      "group" : "walking",
      "manual" : false,
      "startTime" : "20150209T183643-0500",
      "endTime" : "20150209T183843-0500",
      "duration" : 120.0,
      "distance" : 99.0,
      "steps" : 132
    } ],
    "lastUpdate" : "20150210T003449Z"
  }, {
    "type" : "move",
    "startTime" : "20150209T184227-0500",
    "endTime" : "20150209T184936-0500",
    "activities" : [ {
      "activity" : "cycling",
      "group" : "cycling",
      "manual" : false,
      "startTime" : "20150209T184227-0500",
      "endTime" : "20150209T184936-0500",
      "duration" : 429.0,
      "distance" : 1994.0
    } ],
    "lastUpdate" : "20150210T003449Z"
  }, {
    "type" : "place",
    "startTime" : "20150209T184937-0500",
    "endTime" : "20150209T190154-0500",
    "activities" : [ {
      "activity" : "walking",
      "group" : "walking",
      "manual" : false,
      "startTime" : "20150209T185018-0500",
      "endTime" : "20150209T185118-0500",
      "duration" : 60.0,
      "distance" : 46.0,
      "steps" : 92
    } ],
    "lastUpdate" : "20150210T003449Z"
  }, {
    "type" : "move",
    "startTime" : "20150209T190154-0500",
    "endTime" : "20150209T191129-0500",
    "activities" : [ {
      "activity" : "cycling",
      "group" : "cycling",
      "manual" : false,
      "startTime" : "20150209T190154-0500",
      "endTime" : "20150209T190727-0500",
      "duration" : 333.0,
      "distance" : 1254.0
    }, {
      "activity" : "walking",
      "group" : "walking",
      "manual" : false,
      "startTime" : "20150209T190727-0500",
      "endTime" : "20150209T191129-0500",
      "duration" : 242.0,
      "distance" : 209.0,
      "steps" : 306
    } ],
    "lastUpdate" : "20150210T003449Z"
  }, {
    "type" : "place",
    "startTime" : "20150209T191129-0500",
    "endTime" : "20150209T195020-0500",
    "activities" : [ {
      "activity" : "walking",
      "group" : "walking",
      "manual" : false,
      "startTime" : "20150209T191321-0500",
      "endTime" : "20150209T192012-0500",
      "duration" : 411.0,
      "distance" : 419.0,
      "steps" : 559
    } ],
    "lastUpdate" : "20150210T021443Z"
  }, {
    "type" : "move",
    "startTime" : "20150209T195020-0500",
    "endTime" : "20150209T200611-0500",
    "activities" : [ {
      "activity" : "walking",
      "group" : "walking",
      "manual" : false,
      "startTime" : "20150209T195020-0500",
      "endTime" : "20150209T200611-0500",
      "duration" : 951.0,
      "distance" : 1141.0,
      "steps" : 1475
    } ],
    "lastUpdate" : "20150210T021443Z"
  }, {
    "type" : "place",
    "startTime" : "20150209T200611-0500",
    "endTime" : "20150209T201601-0500",
    "activities" : [ {
      "activity" : "walking",
      "group" : "walking",
      "manual" : false,
      "startTime" : "20150209T200611-0500",
      "endTime" : "20150209T200630-0500",
      "duration" : 19.0,
      "distance" : 16.0,
      "steps" : 32
    } ],
    "lastUpdate" : "20150210T021443Z"
  }, {
    "type" : "move",
    "startTime" : "20150209T201601-0500",
    "endTime" : "20150209T202455-0500",
    "activities" : [ {
      "activity" : "walking",
      "group" : "walking",
      "manual" : false,
      "startTime" : "20150209T201601-0500",
      "endTime" : "20150209T202455-0500",
      "duration" : 534.0,
      "distance" : 931.0,
      "steps" : 776
    } ],
    "lastUpdate" : "20150210T021443Z"
  }, {
    "type" : "place",
    "startTime" : "20150209T202456-0500",
    "endTime" : "20150209T204432-0500",
    "activities" : [ {
      "activity" : "walking",
      "group" : "walking",
      "manual" : false,
      "startTime" : "20150209T203459-0500",
      "endTime" : "20150209T204116-0500",
      "duration" : 377.0,
      "distance" : 492.0,
      "steps" : 656
    } ],
    "lastUpdate" : "20150210T034542Z"
  }, {
    "type" : "move",
    "startTime" : "20150209T204432-0500",
    "endTime" : "20150209T205515-0500",
    "activities" : [ {
      "activity" : "cycling",
      "group" : "cycling",
      "manual" : false,
      "startTime" : "20150209T204432-0500",
      "endTime" : "20150209T205516-0500",
      "duration" : 644.0,
      "distance" : 3065.0
    } ],
    "lastUpdate" : "20150210T034542Z"
  }, {
    "type" : "place",
    "startTime" : "20150209T205515-0500",
    "endTime" : "20150210T092241-0500",
    "activities" : [ {
      "activity" : "walking",
      "group" : "walking",
      "manual" : false,
      "startTime" : "20150209T205858-0500",
      "endTime" : "20150209T205959-0500",
      "duration" : 61.0,
      "distance" : 30.0,
      "steps" : 51
    }, {
      "activity" : "walking",
      "group" : "walking",
      "manual" : false,
      "startTime" : "20150209T220953-0500",
      "endTime" : "20150209T221123-0500",
      "duration" : 90.0,
      "distance" : 66.0,
      "steps" : 132
    } ],
    "lastUpdate" : "20150210T155424Z"
  } ],
  "lastUpdate" : "20150210T155424Z"
}, {
  "date" : "20150210",
  "summary" : [ {
    "activity" : "walking",
    "group" : "walking",
    "duration" : 2113.0,
    "distance" : 2351.0,
    "steps" : 3056
  }, {
    "activity" : "cycling",
    "group" : "cycling",
    "duration" : 997.0,
    "distance" : 6221.0
  }, {
    "activity" : "transport",
    "group" : "transport",
    "duration" : 386.0,
    "distance" : 2443.0
  } ],
  "segments" : [ {
    "type" : "place",
    "startTime" : "20150209T205515-0500",
    "endTime" : "20150210T092241-0500",
    "activities" : [ {
      "activity" : "walking",
      "group" : "walking",
      "manual" : false,
      "startTime" : "20150210T091928-0500",
      "endTime" : "20150210T092032-0500",
      "duration" : 64.0,
      "distance" : 40.0,
      "steps" : 79
    } ],
    "lastUpdate" : "20150210T155424Z"
  }, {
    "type" : "move",
    "startTime" : "20150210T092241-0500",
    "endTime" : "20150210T093057-0500",
    "activities" : [ {
      "activity" : "transport",
      "group" : "transport",
      "manual" : false,
      "startTime" : "20150210T092241-0500",
      "endTime" : "20150210T092529-0500",
      "duration" : 168.0,
      "distance" : 1337.0
    }, {
      "activity" : "cycling",
      "group" : "cycling",
      "manual" : false,
      "startTime" : "20150210T092529-0500",
      "endTime" : "20150210T093057-0500",
      "duration" : 328.0,
      "distance" : 2514.0
    } ],
    "lastUpdate" : "20150210T155424Z"
  }, {
    "type" : "place",
    "startTime" : "20150210T093057-0500",
    "endTime" : "20150210T115717-0500",
    "activities" : [ {
      "activity" : "walking",
      "group" : "walking",
      "manual" : false,
      "startTime" : "20150210T093200-0500",
      "endTime" : "20150210T093359-0500",
      "duration" : 119.0,
      "distance" : 80.0,
      "steps" : 160
    }, {
      "activity" : "walking",
      "group" : "walking",
      "manual" : false,
      "startTime" : "20150210T112545-0500",
      "endTime" : "20150210T113215-0500",
      "duration" : 390.0,
      "distance" : 494.0,
      "steps" : 659
    } ],
    "lastUpdate" : "20150210T185550Z"
  }, {
    "type" : "move",
    "startTime" : "20150210T115717-0500",
    "endTime" : "20150210T115926-0500",
    "activities" : [ {
      "activity" : "transport",
      "group" : "transport",
      "manual" : false,
      "startTime" : "20150210T115717-0500",
      "endTime" : "20150210T115926-0500",
      "duration" : 129.0,
      "distance" : 527.0
    } ],
    "lastUpdate" : "20150210T185550Z"
  }, {
    "type" : "place",
    "startTime" : "20150210T115926-0500",
    "endTime" : "20150210T132549-0500",
    "activities" : [ {
      "activity" : "walking",
      "group" : "walking",
      "manual" : false,
      "startTime" : "20150210T115949-0500",
      "endTime" : "20150210T120218-0500",
      "duration" : 149.0,
      "distance" : 198.0,
      "steps" : 271
    }, {
      "activity" : "walking",
      "group" : "walking",
      "manual" : false,
      "startTime" : "20150210T132231-0500",
      "endTime" : "20150210T132419-0500",
      "duration" : 108.0,
      "distance" : 109.0,
      "steps" : 218
    } ],
    "lastUpdate" : "20150210T202642Z"
  }, {
    "type" : "move",
    "startTime" : "20150210T132549-0500",
    "endTime" : "20150210T132956-0500",
    "activities" : [ {
      "activity" : "transport",
      "group" : "transport",
      "manual" : false,
      "startTime" : "20150210T132549-0500",
      "endTime" : "20150210T132718-0500",
      "duration" : 89.0,
      "distance" : 579.0
    }, {
      "activity" : "walking",
      "group" : "walking",
      "manual" : false,
      "startTime" : "20150210T132718-0500",
      "endTime" : "20150210T132956-0500",
      "duration" : 158.0,
      "distance" : 267.0,
      "steps" : 223
    } ],
    "lastUpdate" : "20150210T202642Z"
  }, {
    "type" : "place",
    "startTime" : "20150210T132956-0500",
    "endTime" : "20150210T140654-0500",
    "activities" : [ {
      "activity" : "walking",
      "group" : "walking",
      "manual" : false,
      "startTime" : "20150210T135310-0500",
      "endTime" : "20150210T135340-0500",
      "duration" : 30.0,
      "distance" : 15.0,
      "steps" : 20
    }, {
      "activity" : "walking",
      "group" : "walking",
      "manual" : false,
      "startTime" : "20150210T140011-0500",
      "endTime" : "20150210T140311-0500",
      "duration" : 180.0,
      "distance" : 159.0,
      "steps" : 212
    } ],
    "lastUpdate" : "20150210T202642Z"
  }, {
    "type" : "move",
    "startTime" : "20150210T140654-0500",
    "endTime" : "20150210T142228-0500",
    "activities" : [ {
      "activity" : "cycling",
      "group" : "cycling",
      "manual" : false,
      "startTime" : "20150210T140654-0500",
      "endTime" : "20150210T141803-0500",
      "duration" : 669.0,
      "distance" : 3707.0
    }, {
      "activity" : "walking",
      "group" : "walking",
      "manual" : false,
      "startTime" : "20150210T141803-0500",
      "endTime" : "20150210T142228-0500",
      "duration" : 265.0,
      "distance" : 428.0,
      "steps" : 357
    } ],
    "lastUpdate" : "20150210T202642Z"
  }, {
    "type" : "place",
    "startTime" : "20150210T142228-0500",
    "endTime" : "20150211T183327-0500",
    "activities" : [ {
      "activity" : "walking",
      "group" : "walking",
      "manual" : false,
      "startTime" : "20150210T160028-0500",
      "endTime" : "20150210T160128-0500",
      "duration" : 60.0,
      "distance" : 40.0,
      "steps" : 81
    }, {
      "activity" : "walking",
      "group" : "walking",
      "manual" : false,
      "startTime" : "20150210T190228-0500",
      "endTime" : "20150210T190948-0500",
      "duration" : 440.0,
      "distance" : 399.0,
      "steps" : 532
    }, {
      "activity" : "walking",
      "group" : "walking",
      "manual" : false,
      "startTime" : "20150210T210016-0500",
      "endTime" : "20150210T210146-0500",
      "duration" : 90.0,
      "distance" : 66.0,
      "steps" : 132
    }, {
      "activity" : "walking",
      "group" : "walking",
      "manual" : false,
      "startTime" : "20150210T230003-0500",
      "endTime" : "20150210T230103-0500",
      "duration" : 60.0,
      "distance" : 56.0,
      "steps" : 112
    } ],
    "lastUpdate" : "20150212T015702Z"
  } ],
  "lastUpdate" : "20150212T015702Z"
}, {
  "date" : "20150211",
  "summary" : [ {
    "activity" : "walking",
    "group" : "walking",
    "duration" : 4215.0,
    "distance" : 3774.0,
    "steps" : 4309
  } ],
  "segments" : [ {
    "type" : "place",
    "startTime" : "20150210T142228-0500",
    "endTime" : "20150211T183327-0500",
    "activities" : [ {
      "activity" : "walking",
      "group" : "walking",
      "manual" : false,
      "startTime" : "20150211T045808-0500",
      "endTime" : "20150211T045838-0500",
      "duration" : 30.0,
      "distance" : 15.0,
      "steps" : 30
    }, {
      "activity" : "walking",
      "group" : "walking",
      "manual" : false,
      "startTime" : "20150211T065544-0500",
      "endTime" : "20150211T065555-0500",
      "duration" : 11.0,
      "distance" : 8.0,
      "steps" : 15
    }, {
      "activity" : "walking",
      "group" : "walking",
      "manual" : false,
      "startTime" : "20150211T084757-0500",
      "endTime" : "20150211T084812-0500",
      "duration" : 15.0,
      "distance" : 9.0,
      "steps" : 18
    }, {
      "activity" : "walking",
      "group" : "walking",
      "manual" : false,
      "startTime" : "20150211T092842-0500",
      "endTime" : "20150211T092853-0500",
      "duration" : 11.0,
      "distance" : 9.0,
      "steps" : 18
    }, {
      "activity" : "walking",
      "group" : "walking",
      "manual" : false,
      "startTime" : "20150211T102750-0500",
      "endTime" : "20150211T102807-0500",
      "duration" : 17.0,
      "distance" : 10.0,
      "steps" : 19
    }, {
      "activity" : "walking",
      "group" : "walking",
      "manual" : false,
      "startTime" : "20150211T111145-0500",
      "endTime" : "20150211T111257-0500",
      "duration" : 72.0,
      "distance" : 36.0,
      "steps" : 69
    }, {
      "activity" : "walking",
      "group" : "walking",
      "manual" : false,
      "startTime" : "20150211T124812-0500",
      "endTime" : "20150211T124831-0500",
      "duration" : 19.0,
      "distance" : 13.0,
      "steps" : 25
    }, {
      "activity" : "walking",
      "group" : "walking",
      "manual" : false,
      "startTime" : "20150211T135816-0500",
      "endTime" : "20150211T135823-0500",
      "duration" : 7.0,
      "distance" : 5.0,
      "steps" : 9
    }, {
      "activity" : "walking",
      "group" : "walking",
      "manual" : false,
      "startTime" : "20150211T144028-0500",
      "endTime" : "20150211T144046-0500",
      "duration" : 18.0,
      "distance" : 12.0,
      "steps" : 23
    }, {
      "activity" : "walking",
      "group" : "walking",
      "manual" : false,
      "startTime" : "20150211T153026-0500",
      "endTime" : "20150211T153102-0500",
      "duration" : 36.0,
      "distance" : 19.0,
      "steps" : 38
    }, {
      "activity" : "walking",
      "group" : "walking",
      "manual" : false,
      "startTime" : "20150211T161548-0500",
      "endTime" : "20150211T161557-0500",
      "duration" : 9.0,
      "distance" : 5.0,
      "steps" : 8
    }, {
      "activity" : "walking",
      "group" : "walking",
      "manual" : false,
      "startTime" : "20150211T183323-0500",
      "endTime" : "20150211T190017-0500",
      "duration" : 1614.0,
      "distance" : 1207.0,
      "steps" : 1614
    } ],
    "lastUpdate" : "20150212T015702Z"
  }, {
    "type" : "move",
    "startTime" : "20150211T183327-0500",
    "endTime" : "20150211T184321-0500",
    "activities" : [ {
      "activity" : "walking",
      "group" : "walking",
      "manual" : false,
      "startTime" : "20150211T183327-0500",
      "endTime" : "20150211T184320-0500",
      "duration" : 593.0,
      "distance" : 729.0,
      "steps" : 662
    } ],
    "lastUpdate" : "20150212T015702Z"
  }, {
    "type" : "place",
    "startTime" : "20150211T184321-0500",
    "endTime" : "20150211T190035-0500",
    "activities" : [ {
      "activity" : "walking",
      "group" : "walking",
      "manual" : false,
      "startTime" : "20150211T184653-0500",
      "endTime" : "20150211T184752-0500",
      "duration" : 59.0,
      "distance" : 30.0,
      "steps" : 48
    } ],
    "lastUpdate" : "20150212T015702Z"
  }, {
    "type" : "move",
    "startTime" : "20150211T190035-0500",
    "endTime" : "20150211T190646-0500",
    "activities" : [ {
      "activity" : "walking",
      "group" : "walking",
      "manual" : false,
      "startTime" : "20150211T190035-0500",
      "endTime" : "20150211T190646-0500",
      "duration" : 371.0,
      "distance" : 315.0,
      "steps" : 371
    } ],
    "lastUpdate" : "20150212T015702Z"
  }, {
    "type" : "place",
    "startTime" : "20150211T190646-0500",
    "endTime" : "20150211T204442-0500",
    "activities" : [ {
      "activity" : "walking",
      "group" : "walking",
      "manual" : false,
      "startTime" : "20150211T190809-0500",
      "endTime" : "20150211T190822-0500",
      "duration" : 13.0,
      "distance" : 9.0,
      "steps" : 17
    }, {
      "activity" : "walking",
      "group" : "walking",
      "manual" : false,
      "startTime" : "20150211T204118-0500",
      "endTime" : "20150211T204226-0500",
      "duration" : 68.0,
      "distance" : 36.0,
      "steps" : 72
    } ],
    "lastUpdate" : "20150212T032824Z"
  }, {
    "type" : "move",
    "startTime" : "20150211T204442-0500",
    "endTime" : "20150211T210517-0500",
    "activities" : [ {
      "activity" : "walking",
      "group" : "walking",
      "manual" : false,
      "startTime" : "20150211T204442-0500",
      "endTime" : "20150211T210518-0500",
      "duration" : 1236.0,
      "distance" : 1298.0,
      "steps" : 1236
    } ],
    "lastUpdate" : "20150212T032824Z"
  }, {
    "type" : "place",
    "startTime" : "20150211T210517-0500",
    "endTime" : "20150212T164441-0500",
    "activities" : [ {
      "activity" : "walking",
      "group" : "walking",
      "manual" : false,
      "startTime" : "20150211T210517-0500",
      "endTime" : "20150211T210526-0500",
      "duration" : 9.0,
      "distance" : 4.0,
      "steps" : 8
    }, {
      "activity" : "walking",
      "group" : "walking",
      "manual" : false,
      "startTime" : "20150211T231233-0500",
      "endTime" : "20150211T231240-0500",
      "duration" : 7.0,
      "distance" : 5.0,
      "steps" : 9
    } ],
    "lastUpdate" : "20150213T004210Z"
  } ],
  "lastUpdate" : "20150213T004210Z"
}, {
  "date" : "20150212",
  "summary" : [ {
    "activity" : "walking",
    "group" : "walking",
    "duration" : 725.0,
    "distance" : 496.0,
    "steps" : 792
  }, {
    "activity" : "cycling",
    "group" : "cycling",
    "duration" : 1266.0,
    "distance" : 7528.0
  }, {
    "activity" : "transport",
    "group" : "transport",
    "duration" : 129.0,
    "distance" : 971.0
  } ],
  "segments" : [ {
    "type" : "place",
    "startTime" : "20150211T210517-0500",
    "endTime" : "20150212T164441-0500",
    "activities" : [ {
      "activity" : "walking",
      "group" : "walking",
      "manual" : false,
      "startTime" : "20150212T052752-0500",
      "endTime" : "20150212T052814-0500",
      "duration" : 22.0,
      "distance" : 16.0,
      "steps" : 33
    }, {
      "activity" : "walking",
      "group" : "walking",
      "manual" : false,
      "startTime" : "20150212T060121-0500",
      "endTime" : "20150212T060137-0500",
      "duration" : 16.0,
      "distance" : 8.0,
      "steps" : 14
    }, {
      "activity" : "walking",
      "group" : "walking",
      "manual" : false,
      "startTime" : "20150212T072048-0500",
      "endTime" : "20150212T072151-0500",
      "duration" : 63.0,
      "distance" : 36.0,
      "steps" : 73
    }, {
      "activity" : "walking",
      "group" : "walking",
      "manual" : false,
      "startTime" : "20150212T080426-0500",
      "endTime" : "20150212T080444-0500",
      "duration" : 18.0,
      "distance" : 11.0,
      "steps" : 22
    }, {
      "activity" : "walking",
      "group" : "walking",
      "manual" : false,
      "startTime" : "20150212T150753-0500",
      "endTime" : "20150212T151121-0500",
      "duration" : 208.0,
      "distance" : 196.0,
      "steps" : 261
    }, {
      "activity" : "walking",
      "group" : "walking",
      "manual" : false,
      "startTime" : "20150212T160334-0500",
      "endTime" : "20150212T160434-0500",
      "duration" : 60.0,
      "distance" : 30.0,
      "steps" : 51
    } ],
    "lastUpdate" : "20150213T004210Z"
  }, {
    "type" : "move",
    "startTime" : "20150212T164441-0500",
    "endTime" : "20150212T165743-0500",
    "activities" : [ {
      "activity" : "cycling",
      "group" : "cycling",
      "manual" : false,
      "startTime" : "20150212T164441-0500",
      "endTime" : "20150212T165454-0500",
      "duration" : 613.0,
      "distance" : 4059.0
    }, {
      "activity" : "walking",
      "group" : "walking",
      "manual" : false,
      "startTime" : "20150212T165454-0500",
      "endTime" : "20150212T165743-0500",
      "duration" : 169.0,
      "distance" : 85.0,
      "steps" : 113
    } ],
    "lastUpdate" : "20150213T004210Z"
  }, {
    "type" : "place",
    "startTime" : "20150212T165743-0500",
    "endTime" : "20150212T180022-0500",
    "activities" : [ {
      "activity" : "walking",
      "group" : "walking",
      "manual" : false,
      "startTime" : "20150212T175757-0500",
      "endTime" : "20150212T175827-0500",
      "duration" : 30.0,
      "distance" : 20.0,
      "steps" : 40
    } ],
    "lastUpdate" : "20150213T004210Z"
  }, {
    "type" : "move",
    "startTime" : "20150212T180022-0500",
    "endTime" : "20150212T180231-0500",
    "activities" : [ {
      "activity" : "transport",
      "group" : "transport",
      "manual" : false,
      "startTime" : "20150212T180022-0500",
      "endTime" : "20150212T180231-0500",
      "duration" : 129.0,
      "distance" : 971.0
    } ],
    "lastUpdate" : "20150213T004210Z"
  }, {
    "type" : "place",
    "startTime" : "20150212T180231-0500",
    "endTime" : "20150212T201828-0500",
    "activities" : [ {
      "activity" : "walking",
      "group" : "walking",
      "manual" : false,
      "startTime" : "20150212T180252-0500",
      "endTime" : "20150212T180306-0500",
      "duration" : 14.0,
      "distance" : 10.0,
      "steps" : 19
    }, {
      "activity" : "walking",
      "group" : "walking",
      "manual" : false,
      "startTime" : "20150212T193012-0500",
      "endTime" : "20150212T193034-0500",
      "duration" : 22.0,
      "distance" : 14.0,
      "steps" : 27
    }, {
      "activity" : "walking",
      "group" : "walking",
      "manual" : false,
      "startTime" : "20150212T201245-0500",
      "endTime" : "20150212T201338-0500",
      "duration" : 53.0,
      "distance" : 34.0,
      "steps" : 68
    } ],
    "lastUpdate" : "20150213T021257Z"
  }, {
    "type" : "move",
    "startTime" : "20150212T201828-0500",
    "endTime" : "20150212T202922-0500",
    "activities" : [ {
      "activity" : "cycling",
      "group" : "cycling",
      "manual" : false,
      "startTime" : "20150212T201828-0500",
      "endTime" : "20150212T202921-0500",
      "duration" : 653.0,
      "distance" : 3469.0
    } ],
    "lastUpdate" : "20150213T021257Z"
  }, {
    "type" : "place",
    "startTime" : "20150212T202922-0500",
    "endTime" : "20150213T072735-0500",
    "activities" : [ {
      "activity" : "walking",
      "group" : "walking",
      "manual" : false,
      "startTime" : "20150212T203033-0500",
      "endTime" : "20150212T203103-0500",
      "duration" : 30.0,
      "distance" : 25.0,
      "steps" : 50
    }, {
      "activity" : "walking",
      "group" : "walking",
      "manual" : false,
      "startTime" : "20150212T210955-0500",
      "endTime" : "20150212T211009-0500",
      "duration" : 14.0,
      "distance" : 7.0,
      "steps" : 14
    }, {
      "activity" : "walking",
      "group" : "walking",
      "manual" : false,
      "startTime" : "20150212T220000-0500",
      "endTime" : "20150212T220006-0500",
      "duration" : 6.0,
      "distance" : 4.0,
      "steps" : 7
    } ],
    "lastUpdate" : "20150213T140235Z"
  } ],
  "lastUpdate" : "20150213T140235Z"
}, {
  "date" : "20150213",
  "summary" : [ {
    "activity" : "walking",
    "group" : "walking",
    "duration" : 2247.0,
    "distance" : 2025.0,
    "steps" : 2945
  }, {
    "activity" : "cycling",
    "group" : "cycling",
    "duration" : 1981.0,
    "distance" : 8721.0
  } ],
  "segments" : [ {
    "type" : "place",
    "startTime" : "20150212T202922-0500",
    "endTime" : "20150213T072735-0500",
    "activities" : [ {
      "activity" : "walking",
      "group" : "walking",
      "manual" : false,
      "startTime" : "20150213T053301-0500",
      "endTime" : "20150213T053335-0500",
      "duration" : 34.0,
      "distance" : 17.0,
      "steps" : 25
    }, {
      "activity" : "walking",
      "group" : "walking",
      "manual" : false,
      "startTime" : "20150213T071029-0500",
      "endTime" : "20150213T071356-0500",
      "duration" : 207.0,
      "distance" : 194.0,
      "steps" : 259
    } ],
    "lastUpdate" : "20150213T140235Z"
  }, {
    "type" : "move",
    "startTime" : "20150213T072735-0500",
    "endTime" : "20150213T074328-0500",
    "activities" : [ {
      "activity" : "cycling",
      "group" : "cycling",
      "manual" : false,
      "startTime" : "20150213T072735-0500",
      "endTime" : "20150213T074328-0500",
      "duration" : 953.0,
      "distance" : 4010.0
    } ],
    "lastUpdate" : "20150213T140235Z"
  }, {
    "type" : "place",
    "startTime" : "20150213T074329-0500",
    "endTime" : "20150213T092443-0500",
    "activities" : [ {
      "activity" : "walking",
      "group" : "walking",
      "manual" : false,
      "startTime" : "20150213T074542-0500",
      "endTime" : "20150213T074626-0500",
      "duration" : 44.0,
      "distance" : 28.0,
      "steps" : 55
    }, {
      "activity" : "walking",
      "group" : "walking",
      "manual" : false,
      "startTime" : "20150213T080232-0500",
      "endTime" : "20150213T080450-0500",
      "duration" : 138.0,
      "distance" : 149.0,
      "steps" : 199
    }, {
      "activity" : "walking",
      "group" : "walking",
      "manual" : false,
      "startTime" : "20150213T090421-0500",
      "endTime" : "20150213T090911-0500",
      "duration" : 290.0,
      "distance" : 346.0,
      "steps" : 462
    } ],
    "lastUpdate" : "20150213T153345Z"
  }, {
    "type" : "move",
    "startTime" : "20150213T092443-0500",
    "endTime" : "20150213T092725-0500",
    "activities" : [ {
      "activity" : "cycling",
      "group" : "cycling",
      "manual" : false,
      "startTime" : "20150213T092443-0500",
      "endTime" : "20150213T092725-0500",
      "duration" : 162.0,
      "distance" : 968.0
    } ],
    "lastUpdate" : "20150213T153345Z"
  }, {
    "type" : "place",
    "startTime" : "20150213T092725-0500",
    "endTime" : "20150213T124228-0500",
    "activities" : [ {
      "activity" : "walking",
      "group" : "walking",
      "manual" : false,
      "startTime" : "20150213T092746-0500",
      "endTime" : "20150213T093015-0500",
      "duration" : 149.0,
      "distance" : 137.0,
      "steps" : 183
    }, {
      "activity" : "walking",
      "group" : "walking",
      "manual" : false,
      "startTime" : "20150213T102849-0500",
      "endTime" : "20150213T102919-0500",
      "duration" : 30.0,
      "distance" : 15.0,
      "steps" : 25
    }, {
      "activity" : "walking",
      "group" : "walking",
      "manual" : false,
      "startTime" : "20150213T123730-0500",
      "endTime" : "20150213T123851-0500",
      "duration" : 81.0,
      "distance" : 63.0,
      "steps" : 126
    } ],
    "lastUpdate" : "20150213T183537Z"
  }, {
    "type" : "move",
    "startTime" : "20150213T124228-0500",
    "endTime" : "20150213T125655-0500",
    "activities" : [ {
      "activity" : "cycling",
      "group" : "cycling",
      "manual" : false,
      "startTime" : "20150213T124228-0500",
      "endTime" : "20150213T125654-0500",
      "duration" : 866.0,
      "distance" : 3743.0
    } ],
    "lastUpdate" : "20150213T183537Z"
  }, {
    "type" : "place",
    "startTime" : "20150213T125655-0500",
    "endTime" : "20150214T073430-0500",
    "activities" : [ {
      "activity" : "walking",
      "group" : "walking",
      "manual" : false,
      "startTime" : "20150213T125758-0500",
      "endTime" : "20150213T125903-0500",
      "duration" : 65.0,
      "distance" : 55.0,
      "steps" : 110
    }, {
      "activity" : "walking",
      "group" : "walking",
      "manual" : false,
      "startTime" : "20150213T135518-0500",
      "endTime" : "20150213T135625-0500",
      "duration" : 67.0,
      "distance" : 39.0,
      "steps" : 78
    }, {
      "activity" : "walking",
      "group" : "walking",
      "manual" : false,
      "startTime" : "20150213T140155-0500",
      "endTime" : "20150213T141118-0500",
      "duration" : 563.0,
      "distance" : 486.0,
      "steps" : 648
    }, {
      "activity" : "walking",
      "group" : "walking",
      "manual" : false,
      "startTime" : "20150213T161150-0500",
      "endTime" : "20150213T161250-0500",
      "duration" : 60.0,
      "distance" : 56.0,
      "steps" : 111
    }, {
      "activity" : "walking",
      "group" : "walking",
      "manual" : false,
      "startTime" : "20150213T172753-0500",
      "endTime" : "20150213T172953-0500",
      "duration" : 120.0,
      "distance" : 60.0,
      "steps" : 107
    }, {
      "activity" : "walking",
      "group" : "walking",
      "manual" : false,
      "startTime" : "20150213T182739-0500",
      "endTime" : "20150213T183018-0500",
      "duration" : 159.0,
      "distance" : 156.0,
      "steps" : 208
    }, {
      "activity" : "walking",
      "group" : "walking",
      "manual" : false,
      "startTime" : "20150213T204553-0500",
      "endTime" : "20150213T204823-0500",
      "duration" : 150.0,
      "distance" : 148.0,
      "steps" : 197
    }, {
      "activity" : "walking",
      "group" : "walking",
      "manual" : false,
      "startTime" : "20150213T210528-0500",
      "endTime" : "20150213T210658-0500",
      "duration" : 90.0,
      "distance" : 76.0,
      "steps" : 152
    } ],
    "lastUpdate" : "20150214T141828Z"
  } ],
  "lastUpdate" : "20150214T141828Z"
}, {
  "date" : "20150214",
  "summary" : [ {
    "activity" : "walking",
    "group" : "walking",
    "duration" : 5048.0,
    "distance" : 4948.0,
    "steps" : 7022
  }, {
    "activity" : "cycling",
    "group" : "cycling",
    "duration" : 353.0,
    "distance" : 1889.0
  } ],
  "segments" : [ {
    "type" : "place",
    "startTime" : "20150213T125655-0500",
    "endTime" : "20150214T073430-0500",
    "activities" : [ {
      "activity" : "walking",
      "group" : "walking",
      "manual" : false,
      "startTime" : "20150214T072549-0500",
      "endTime" : "20150214T072853-0500",
      "duration" : 184.0,
      "distance" : 138.0,
      "steps" : 166
    } ],
    "lastUpdate" : "20150214T141828Z"
  }, {
    "type" : "move",
    "startTime" : "20150214T073430-0500",
    "endTime" : "20150214T073714-0500",
    "activities" : [ {
      "activity" : "cycling",
      "group" : "cycling",
      "manual" : false,
      "startTime" : "20150214T073430-0500",
      "endTime" : "20150214T073714-0500",
      "duration" : 164.0,
      "distance" : 945.0
    } ],
    "lastUpdate" : "20150214T141828Z"
  }, {
    "type" : "place",
    "startTime" : "20150214T073714-0500",
    "endTime" : "20150214T075423-0500",
    "activities" : [ {
      "activity" : "walking",
      "group" : "walking",
      "manual" : false,
      "startTime" : "20150214T073758-0500",
      "endTime" : "20150214T074245-0500",
      "duration" : 287.0,
      "distance" : 269.0,
      "steps" : 359
    } ],
    "lastUpdate" : "20150214T141828Z"
  }, {
    "type" : "move",
    "startTime" : "20150214T075423-0500",
    "endTime" : "20150214T075733-0500",
    "activities" : [ {
      "activity" : "cycling",
      "group" : "cycling",
      "manual" : false,
      "startTime" : "20150214T075423-0500",
      "endTime" : "20150214T075732-0500",
      "duration" : 189.0,
      "distance" : 944.0
    } ],
    "lastUpdate" : "20150214T141828Z"
  }, {
    "type" : "place",
    "startTime" : "20150214T075733-0500",
    "endTime" : "20150214T161341-0500",
    "activities" : [ {
      "activity" : "walking",
      "group" : "walking",
      "manual" : false,
      "startTime" : "20150214T075804-0500",
      "endTime" : "20150214T075859-0500",
      "duration" : 55.0,
      "distance" : 27.0,
      "steps" : 46
    }, {
      "activity" : "walking",
      "group" : "walking",
      "manual" : false,
      "startTime" : "20150214T080038-0500",
      "endTime" : "20150214T080208-0500",
      "duration" : 90.0,
      "distance" : 46.0,
      "steps" : 91
    }, {
      "activity" : "walking",
      "group" : "walking",
      "manual" : false,
      "startTime" : "20150214T103158-0500",
      "endTime" : "20150214T105148-0500",
      "duration" : 1190.0,
      "distance" : 1471.0,
      "steps" : 1961
    }, {
      "activity" : "walking",
      "group" : "walking",
      "manual" : false,
      "startTime" : "20150214T114102-0500",
      "endTime" : "20150214T114210-0500",
      "duration" : 68.0,
      "distance" : 34.0,
      "steps" : 53
    }, {
      "activity" : "walking",
      "group" : "walking",
      "manual" : false,
      "startTime" : "20150214T120051-0500",
      "endTime" : "20150214T120153-0500",
      "duration" : 62.0,
      "distance" : 42.0,
      "steps" : 84
    }, {
      "activity" : "walking",
      "group" : "walking",
      "manual" : false,
      "startTime" : "20150214T145253-0500",
      "endTime" : "20150214T145323-0500",
      "duration" : 30.0,
      "distance" : 15.0,
      "steps" : 30
    } ],
    "lastUpdate" : "20150214T230811Z"
  }, {
    "type" : "move",
    "startTime" : "20150214T161341-0500",
    "endTime" : "20150214T162719-0500",
    "activities" : [ {
      "activity" : "walking",
      "group" : "walking",
      "manual" : false,
      "startTime" : "20150214T161341-0500",
      "endTime" : "20150214T162719-0500",
      "duration" : 818.0,
      "distance" : 856.0,
      "steps" : 1197
    } ],
    "lastUpdate" : "20150214T230811Z"
  }, {
    "type" : "place",
    "startTime" : "20150214T162719-0500",
    "endTime" : "20150214T165057-0500",
    "activities" : [ {
      "activity" : "walking",
      "group" : "walking",
      "manual" : false,
      "startTime" : "20150214T164751-0500",
      "endTime" : "20150214T164821-0500",
      "duration" : 30.0,
      "distance" : 31.0,
      "steps" : 61
    } ],
    "lastUpdate" : "20150214T230811Z"
  }, {
    "type" : "move",
    "startTime" : "20150214T165057-0500",
    "endTime" : "20150214T170147-0500",
    "activities" : [ {
      "activity" : "walking",
      "group" : "walking",
      "manual" : false,
      "startTime" : "20150214T165057-0500",
      "endTime" : "20150214T170147-0500",
      "duration" : 650.0,
      "distance" : 574.0,
      "steps" : 938
    } ],
    "lastUpdate" : "20150214T230811Z"
  }, {
    "type" : "place",
    "startTime" : "20150214T170147-0500",
    "endTime" : "20150214T173832-0500",
    "activities" : [ {
      "activity" : "walking",
      "group" : "walking",
      "manual" : false,
      "startTime" : "20150214T172556-0500",
      "endTime" : "20150214T173355-0500",
      "duration" : 479.0,
      "distance" : 359.0,
      "steps" : 422
    } ],
    "lastUpdate" : "20150215T005608Z"
  }, {
    "type" : "move",
    "startTime" : "20150214T173832-0500",
    "endTime" : "20150214T174405-0500",
    "activities" : [ {
      "activity" : "walking",
      "group" : "walking",
      "manual" : false,
      "startTime" : "20150214T173832-0500",
      "endTime" : "20150214T174405-0500",
      "duration" : 333.0,
      "distance" : 274.0,
      "steps" : 449
    } ],
    "lastUpdate" : "20150215T005608Z"
  }, {
    "type" : "place",
    "startTime" : "20150214T174405-0500",
    "endTime" : "20150214T180245-0500",
    "activities" : [ {
      "activity" : "walking",
      "group" : "walking",
      "manual" : false,
      "startTime" : "20150214T174958-0500",
      "endTime" : "20150214T175028-0500",
      "duration" : 30.0,
      "distance" : 20.0,
      "steps" : 41
    }, {
      "activity" : "walking",
      "group" : "walking",
      "manual" : false,
      "startTime" : "20150214T180244-0500",
      "endTime" : "20150214T180321-0500",
      "duration" : 37.0,
      "distance" : 19.0,
      "steps" : 37
    } ],
    "lastUpdate" : "20150215T005608Z"
  }, {
    "type" : "move",
    "startTime" : "20150214T180245-0500",
    "endTime" : "20150214T180829-0500",
    "activities" : [ {
      "activity" : "walking",
      "group" : "walking",
      "manual" : false,
      "startTime" : "20150214T180245-0500",
      "endTime" : "20150214T180830-0500",
      "duration" : 345.0,
      "distance" : 495.0,
      "steps" : 636
    } ],
    "lastUpdate" : "20150215T005608Z"
  }, {
    "type" : "place",
    "startTime" : "20150214T180829-0500",
    "endTime" : "20150215T182006-0500",
    "activities" : [ {
      "activity" : "walking",
      "group" : "walking",
      "manual" : false,
      "startTime" : "20150214T181320-0500",
      "endTime" : "20150214T181620-0500",
      "duration" : 180.0,
      "distance" : 159.0,
      "steps" : 212
    }, {
      "activity" : "walking",
      "group" : "walking",
      "manual" : false,
      "startTime" : "20150214T190303-0500",
      "endTime" : "20150214T190403-0500",
      "duration" : 60.0,
      "distance" : 33.0,
      "steps" : 66
    }, {
      "activity" : "walking",
      "group" : "walking",
      "manual" : false,
      "startTime" : "20150214T223758-0500",
      "endTime" : "20150214T223828-0500",
      "duration" : 30.0,
      "distance" : 20.0,
      "steps" : 41
    }, {
      "activity" : "walking",
      "group" : "walking",
      "manual" : false,
      "startTime" : "20150214T230010-0500",
      "endTime" : "20150214T230140-0500",
      "duration" : 90.0,
      "distance" : 66.0,
      "steps" : 132
    } ],
    "lastUpdate" : "20150216T011132Z"
  } ],
  "lastUpdate" : "20150216T011132Z"
}, {
  "date" : "20150215",
  "summary" : [ {
    "activity" : "walking",
    "group" : "walking",
    "duration" : 1298.0,
    "distance" : 1131.0,
    "steps" : 1830
  }, {
    "activity" : "transport",
    "group" : "transport",
    "duration" : 1031.0,
    "distance" : 2598.0
  }, {
    "activity" : "cycling",
    "group" : "cycling",
    "duration" : 163.0,
    "distance" : 657.0
  } ],
  "segments" : [ {
    "type" : "place",
    "startTime" : "20150214T180829-0500",
    "endTime" : "20150215T182006-0500",
    "activities" : [ {
      "activity" : "walking",
      "group" : "walking",
      "manual" : false,
      "startTime" : "20150215T074918-0500",
      "endTime" : "20150215T075017-0500",
      "duration" : 59.0,
      "distance" : 50.0,
      "steps" : 100
    }, {
      "activity" : "walking",
      "group" : "walking",
      "manual" : false,
      "startTime" : "20150215T094419-0500",
      "endTime" : "20150215T094449-0500",
      "duration" : 30.0,
      "distance" : 20.0,
      "steps" : 40
    }, {
      "activity" : "walking",
      "group" : "walking",
      "manual" : false,
      "startTime" : "20150215T102236-0500",
      "endTime" : "20150215T102624-0500",
      "duration" : 228.0,
      "distance" : 246.0,
      "steps" : 328
    }, {
      "activity" : "walking",
      "group" : "walking",
      "manual" : false,
      "startTime" : "20150215T115606-0500",
      "endTime" : "20150215T115706-0500",
      "duration" : 60.0,
      "distance" : 36.0,
      "steps" : 71
    }, {
      "activity" : "walking",
      "group" : "walking",
      "manual" : false,
      "startTime" : "20150215T132109-0500",
      "endTime" : "20150215T132301-0500",
      "duration" : 112.0,
      "distance" : 66.0,
      "steps" : 132
    }, {
      "activity" : "walking",
      "group" : "walking",
      "manual" : false,
      "startTime" : "20150215T163207-0500",
      "endTime" : "20150215T163337-0500",
      "duration" : 90.0,
      "distance" : 63.0,
      "steps" : 127
    }, {
      "activity" : "walking",
      "group" : "walking",
      "manual" : false,
      "startTime" : "20150215T170023-0500",
      "endTime" : "20150215T170323-0500",
      "duration" : 180.0,
      "distance" : 175.0,
      "steps" : 233
    }, {
      "activity" : "walking",
      "group" : "walking",
      "manual" : false,
      "startTime" : "20150215T180412-0500",
      "endTime" : "20150215T180811-0500",
      "duration" : 239.0,
      "distance" : 226.0,
      "steps" : 301
    } ],
    "lastUpdate" : "20150216T011132Z"
  }, {
    "type" : "move",
    "startTime" : "20150215T182006-0500",
    "endTime" : "20150215T182948-0500",
    "activities" : [ {
      "activity" : "transport",
      "group" : "transport",
      "manual" : false,
      "startTime" : "20150215T182006-0500",
      "endTime" : "20150215T182948-0500",
      "duration" : 582.0,
      "distance" : 1574.0
    } ],
    "lastUpdate" : "20150216T011132Z"
  }, {
    "type" : "place",
    "startTime" : "20150215T182948-0500",
    "endTime" : "20150215T202229-0500",
    "activities" : [ {
      "activity" : "walking",
      "group" : "walking",
      "manual" : false,
      "startTime" : "20150215T182951-0500",
      "endTime" : "20150215T183121-0500",
      "duration" : 90.0,
      "distance" : 86.0,
      "steps" : 173
    }, {
      "activity" : "walking",
      "group" : "walking",
      "manual" : false,
      "startTime" : "20150215T190232-0500",
      "endTime" : "20150215T190302-0500",
      "duration" : 30.0,
      "distance" : 20.0,
      "steps" : 41
    }, {
      "activity" : "walking",
      "group" : "walking",
      "manual" : false,
      "startTime" : "20150215T200019-0500",
      "endTime" : "20150215T200149-0500",
      "duration" : 90.0,
      "distance" : 76.0,
      "steps" : 152
    } ],
    "lastUpdate" : "20150216T024223Z"
  }, {
    "type" : "move",
    "startTime" : "20150215T202229-0500",
    "endTime" : "20150215T202512-0500",
    "activities" : [ {
      "activity" : "cycling",
      "group" : "cycling",
      "manual" : false,
      "startTime" : "20150215T202229-0500",
      "endTime" : "20150215T202512-0500",
      "duration" : 163.0,
      "distance" : 657.0
    } ],
    "lastUpdate" : "20150216T024223Z"
  }, {
    "type" : "place",
    "startTime" : "20150215T202512-0500",
    "endTime" : "20150215T204121-0500",
    "activities" : [ {
      "activity" : "walking",
      "group" : "walking",
      "manual" : false,
      "startTime" : "20150215T202631-0500",
      "endTime" : "20150215T202701-0500",
      "duration" : 30.0,
      "distance" : 31.0,
      "steps" : 61
    } ],
    "lastUpdate" : "20150216T041336Z"
  }, {
    "type" : "move",
    "startTime" : "20150215T204121-0500",
    "endTime" : "20150215T204850-0500",
    "activities" : [ {
      "activity" : "transport",
      "group" : "transport",
      "manual" : false,
      "startTime" : "20150215T204121-0500",
      "endTime" : "20150215T204850-0500",
      "duration" : 449.0,
      "distance" : 1024.0
    } ],
    "lastUpdate" : "20150216T041336Z"
  }, {
    "type" : "place",
    "startTime" : "20150215T204850-0500",
    "endTime" : "20150216T154233-0500",
    "activities" : [ {
      "activity" : "walking",
      "group" : "walking",
      "manual" : false,
      "startTime" : "20150215T220750-0500",
      "endTime" : "20150215T220850-0500",
      "duration" : 60.0,
      "distance" : 36.0,
      "steps" : 71
    } ],
    "lastUpdate" : "20150216T235341Z"
  } ],
  "lastUpdate" : "20150216T235341Z"
} ]