[ {
  "date" : "20150218",
  "summary" : [ {
    "activity" : "walking",
    "group" : "walking",
    "duration" : 3113.0,
    "distance" : 2911.0,
    "steps" : 4301
  }, {
    "activity" : "transport",
    "group" : "transport",
    "duration" : 191.0,
    "distance" : 905.0
  } ],
  "segments" : [ {
    "type" : "place",
    "startTime" : "20150217T120716-0500",
    "endTime" : "20150218T183057-0500",
    "activities" : [ {
      "activity" : "walking",
      "group" : "walking",
      "manual" : false,
      "startTime" : "20150218T073100-0500",
      "endTime" : "20150218T073309-0500",
      "duration" : 129.0,
      "distance" : 128.0,
      "steps" : 170
    }, {
      "activity" : "walking",
      "group" : "walking",
      "manual" : false,
      "startTime" : "20150218T124636-0500",
      "endTime" : "20150218T124706-0500",
      "duration" : 30.0,
      "distance" : 15.0,
      "steps" : 30
    }, {
      "activity" : "walking",
      "group" : "walking",
      "manual" : false,
      "startTime" : "20150218T182518-0500",
      "endTime" : "20150218T182548-0500",
      "duration" : 30.0,
      "distance" : 15.0,
      "steps" : 25
    } ],
    "lastUpdate" : "20150219T015923Z"
  }, {
    "type" : "move",
    "startTime" : "20150218T183057-0500",
    "endTime" : "20150218T184309-0500",
    "activities" : [ {
      "activity" : "walking",
      "group" : "walking",
      "manual" : false,
      "startTime" : "20150218T183057-0500",
      "endTime" : "20150218T184309-0500",
      "duration" : 732.0,
      "distance" : 741.0,
      "steps" : 1165
    } ],
    "lastUpdate" : "20150219T015923Z"
  }, {
    "type" : "place",
    "startTime" : "20150218T184309-0500",
    "endTime" : "20150218T185657-0500",
    "activities" : [ {
      "activity" : "walking",
      "group" : "walking",
      "manual" : false,
      "startTime" : "20150218T184502-0500",
      "endTime" : "20150218T184632-0500",
      "duration" : 90.0,
      "distance" : 51.0,
      "steps" : 101
    } ],
    "lastUpdate" : "20150219T015923Z"
  }, {
    "type" : "move",
    "startTime" : "20150218T185657-0500",
    "endTime" : "20150218T190302-0500",
    "activities" : [ {
      "activity" : "walking",
      "group" : "walking",
      "manual" : false,
      "startTime" : "20150218T185657-0500",
      "endTime" : "20150218T190302-0500",
      "duration" : 365.0,
      "distance" : 343.0,
      "steps" : 493
    } ],
    "lastUpdate" : "20150219T015923Z"
  }, {
    "type" : "place",
    "startTime" : "20150218T190302-0500",
    "endTime" : "20150218T204530-0500",
    "activities" : [ {
      "activity" : "walking",
      "group" : "walking",
      "manual" : false,
      "startTime" : "20150218T190302-0500",
      "endTime" : "20150218T190505-0500",
      "duration" : 123.0,
      "distance" : 156.0,
      "steps" : 208
    } ],
    "lastUpdate" : "20150219T033102Z"
  }, {
    "type" : "move",
    "startTime" : "20150218T204530-0500",
    "endTime" : "20150218T211049-0500",
    "activities" : [ {
      "activity" : "walking",
      "group" : "walking",
      "manual" : false,
      "startTime" : "20150218T204530-0500",
      "endTime" : "20150218T211050-0500",
      "duration" : 1520.0,
      "distance" : 1372.0,
      "steps" : 1929
    } ],
    "lastUpdate" : "20150219T033102Z"
  }, {
    "type" : "place",
    "startTime" : "20150218T211050-0500",
    "endTime" : "20150218T213623-0500",
    "activities" : [ {
      "activity" : "walking",
      "group" : "walking",
      "manual" : false,
      "startTime" : "20150218T213343-0500",
      "endTime" : "20150218T213413-0500",
      "duration" : 30.0,
      "distance" : 30.0,
      "steps" : 61
    } ],
    "lastUpdate" : "20150219T033102Z"
  }, {
    "type" : "move",
    "startTime" : "20150218T213623-0500",
    "endTime" : "20150218T213934-0500",
    "activities" : [ {
      "activity" : "transport",
      "group" : "transport",
      "manual" : false,
      "startTime" : "20150218T213623-0500",
      "endTime" : "20150218T213934-0500",
      "duration" : 191.0,
      "distance" : 905.0
    } ],
    "lastUpdate" : "20150219T033102Z"
  }, {
    "type" : "place",
    "startTime" : "20150218T213934-0500",
    "endTime" : "20150219T092240-0500",
    "activities" : [ {
      "activity" : "walking",
      "group" : "walking",
      "manual" : false,
      "startTime" : "20150218T214013-0500",
      "endTime" : "20150218T214117-0500",
      "duration" : 64.0,
      "distance" : 60.0,
      "steps" : 119
    } ],
    "lastUpdate" : "20150219T170916Z"
  } ],
  "lastUpdate" : "20150219T170916Z"
} ]