[ {
  "date" : "20150130",
  "summary" : [ {
    "activity" : "walking",
    "group" : "walking",
    "duration" : 3331.0,
    "distance" : 3293.0,
    "steps" : 3962
  }, {
    "activity" : "cycling",
    "group" : "cycling",
    "duration" : 2338.0,
    "distance" : 13402.0
  }, {
    "activity" : "transport",
    "group" : "transport",
    "duration" : 219.0,
    "distance" : 937.0
  } ],
  "segments" : [ {
    "type" : "place",
    "startTime" : "20150129T203236-0500",
    "endTime" : "20150130T091715-0500",
    "activities" : [ {
      "activity" : "walking",
      "group" : "walking",
      "manual" : false,
      "startTime" : "20150130T054403-0500",
      "endTime" : "20150130T054433-0500",
      "duration" : 30.0,
      "distance" : 15.0,
      "steps" : 20
    }, {
      "activity" : "walking",
      "group" : "walking",
      "manual" : false,
      "startTime" : "20150130T062041-0500",
      "endTime" : "20150130T062111-0500",
      "duration" : 30.0,
      "distance" : 15.0,
      "steps" : 30
    }, {
      "activity" : "walking",
      "group" : "walking",
      "manual" : false,
      "startTime" : "20150130T091302-0500",
      "endTime" : "20150130T091402-0500",
      "duration" : 60.0,
      "distance" : 30.0,
      "steps" : 50
    } ],
    "lastUpdate" : "20150130T170701Z"
  }, {
    "type" : "move",
    "startTime" : "20150130T091715-0500",
    "endTime" : "20150130T092643-0500",
    "activities" : [ {
      "activity" : "cycling",
      "group" : "cycling",
      "manual" : false,
      "startTime" : "20150130T091715-0500",
      "endTime" : "20150130T092643-0500",
      "duration" : 568.0,
      "distance" : 3480.0
    } ],
    "lastUpdate" : "20150130T170701Z"
  }, {
    "type" : "place",
    "startTime" : "20150130T092643-0500",
    "endTime" : "20150130T123711-0500",
    "activities" : [ {
      "activity" : "walking",
      "group" : "walking",
      "manual" : false,
      "startTime" : "20150130T092808-0500",
      "endTime" : "20150130T093337-0500",
      "duration" : 329.0,
      "distance" : 393.0,
      "steps" : 523
    }, {
      "activity" : "walking",
      "group" : "walking",
      "manual" : false,
      "startTime" : "20150130T110725-0500",
      "endTime" : "20150130T111457-0500",
      "duration" : 452.0,
      "distance" : 447.0,
      "steps" : 596
    }, {
      "activity" : "walking",
      "group" : "walking",
      "manual" : false,
      "startTime" : "20150130T123350-0500",
      "endTime" : "20150130T123437-0500",
      "duration" : 47.0,
      "distance" : 43.0,
      "steps" : 86
    } ],
    "lastUpdate" : "20150130T185831Z"
  }, {
    "type" : "move",
    "startTime" : "20150130T123711-0500",
    "endTime" : "20150130T125317-0500",
    "activities" : [ {
      "activity" : "cycling",
      "group" : "cycling",
      "manual" : false,
      "startTime" : "20150130T123711-0500",
      "endTime" : "20150130T125318-0500",
      "duration" : 967.0,
      "distance" : 5827.0
    } ],
    "lastUpdate" : "20150130T185831Z"
  }, {
    "type" : "place",
    "startTime" : "20150130T125317-0500",
    "endTime" : "20150130T133427-0500",
    "activities" : [ {
      "activity" : "walking",
      "group" : "walking",
      "manual" : false,
      "startTime" : "20150130T125412-0500",
      "endTime" : "20150130T125511-0500",
      "duration" : 59.0,
      "distance" : 49.0,
      "steps" : 99
    } ],
    "lastUpdate" : "20150130T214036Z"
  }, {
    "type" : "move",
    "startTime" : "20150130T133428-0500",
    "endTime" : "20150130T134056-0500",
    "activities" : [ {
      "activity" : "walking",
      "group" : "walking",
      "manual" : false,
      "startTime" : "20150130T133428-0500",
      "endTime" : "20150130T133759-0500",
      "duration" : 211.0,
      "distance" : 112.0,
      "steps" : 224
    }, {
      "activity" : "transport",
      "group" : "transport",
      "manual" : false,
      "startTime" : "20150130T133758-0500",
      "endTime" : "20150130T134056-0500",
      "duration" : 178.0,
      "distance" : 455.0
    } ],
    "lastUpdate" : "20150130T214036Z"
  }, {
    "type" : "place",
    "startTime" : "20150130T134056-0500",
    "endTime" : "20150130T134849-0500",
    "activities" : [ {
      "activity" : "walking",
      "group" : "walking",
      "manual" : false,
      "startTime" : "20150130T134532-0500",
      "endTime" : "20150130T134602-0500",
      "duration" : 30.0,
      "distance" : 25.0,
      "steps" : 51
    } ],
    "lastUpdate" : "20150130T214036Z"
  }, {
    "type" : "move",
    "startTime" : "20150130T134849-0500",
    "endTime" : "20150130T134930-0500",
    "activities" : [ {
      "activity" : "transport",
      "group" : "transport",
      "manual" : false,
      "startTime" : "20150130T134849-0500",
      "endTime" : "20150130T134930-0500",
      "duration" : 41.0,
      "distance" : 482.0
    } ],
    "lastUpdate" : "20150130T214036Z"
  }, {
    "type" : "place",
    "startTime" : "20150130T134930-0500",
    "endTime" : "20150130T170936-0500",
    "activities" : [ {
      "activity" : "walking",
      "group" : "walking",
      "manual" : false,
      "startTime" : "20150130T134930-0500",
      "endTime" : "20150130T135025-0500",
      "duration" : 55.0,
      "distance" : 47.0,
      "steps" : 93
    }, {
      "activity" : "walking",
      "group" : "walking",
      "manual" : false,
      "startTime" : "20150130T143357-0500",
      "endTime" : "20150130T143427-0500",
      "duration" : 30.0,
      "distance" : 30.0,
      "steps" : 60
    }, {
      "activity" : "walking",
      "group" : "walking",
      "manual" : false,
      "startTime" : "20150130T165637-0500",
      "endTime" : "20150130T165820-0500",
      "duration" : 103.0,
      "distance" : 89.0,
      "steps" : 177
    }, {
      "activity" : "walking",
      "group" : "walking",
      "manual" : false,
      "startTime" : "20150130T170648-0500",
      "endTime" : "20150130T170748-0500",
      "duration" : 60.0,
      "distance" : 56.0,
      "steps" : 112
    } ],
    "lastUpdate" : "20150131T004125Z"
  }, {
    "type" : "move",
    "startTime" : "20150130T170936-0500",
    "endTime" : "20150130T172259-0500",
    "activities" : [ {
      "activity" : "cycling",
      "group" : "cycling",
      "manual" : false,
      "startTime" : "20150130T170936-0500",
      "endTime" : "20150130T172259-0500",
      "duration" : 803.0,
      "distance" : 4095.0
    } ],
    "lastUpdate" : "20150131T004125Z"
  }, {
    "type" : "place",
    "startTime" : "20150130T172259-0500",
    "endTime" : "20150130T214228-0500",
    "activities" : [ {
      "activity" : "walking",
      "group" : "walking",
      "manual" : false,
      "startTime" : "20150130T172448-0500",
      "endTime" : "20150130T172518-0500",
      "duration" : 30.0,
      "distance" : 15.0,
      "steps" : 20
    } ],
    "lastUpdate" : "20150131T051437Z"
  }, {
    "type" : "move",
    "startTime" : "20150130T214228-0500",
    "endTime" : "20150130T221132-0500",
    "activities" : [ {
      "activity" : "walking",
      "group" : "walking",
      "manual" : false,
      "startTime" : "20150130T214228-0500",
      "endTime" : "20150130T221133-0500",
      "duration" : 1745.0,
      "distance" : 1897.0,
      "steps" : 1791
    } ],
    "lastUpdate" : "20150131T051437Z"
  }, {
    "type" : "place",
    "startTime" : "20150130T221132-0500",
    "endTime" : "20150131T151335-0500",
    "activities" : [ {
      "activity" : "walking",
      "group" : "walking",
      "manual" : false,
      "startTime" : "20150130T223108-0500",
      "endTime" : "20150130T223138-0500",
      "duration" : 30.0,
      "distance" : 15.0,
      "steps" : 15
    }, {
      "activity" : "walking",
      "group" : "walking",
      "manual" : false,
      "startTime" : "20150130T231837-0500",
      "endTime" : "20150130T231907-0500",
      "duration" : 30.0,
      "distance" : 15.0,
      "steps" : 15
    } ],
    "lastUpdate" : "20150131T215550Z"
  } ],
  "lastUpdate" : "20150131T215550Z"
} ]