[ {
  "date" : "20150208",
  "summary" : [ {
    "activity" : "walking",
    "group" : "walking",
    "duration" : 6987.0,
    "distance" : 7168.0,
    "steps" : 9536
  }, {
    "activity" : "transport",
    "group" : "transport",
    "duration" : 75.0,
    "distance" : 584.0
  } ],
  "segments" : [ {
    "type" : "place",
    "startTime" : "20150207T190355-0500",
    "endTime" : "20150208T102406-0500",
    "activities" : [ {
      "activity" : "walking",
      "group" : "walking",
      "manual" : false,
      "startTime" : "20150208T083755-0500",
      "endTime" : "20150208T083825-0500",
      "duration" : 30.0,
      "distance" : 15.0,
      "steps" : 25
    }, {
      "activity" : "walking",
      "group" : "walking",
      "manual" : false,
      "startTime" : "20150208T102210-0500",
      "endTime" : "20150208T102240-0500",
      "duration" : 30.0,
      "distance" : 30.0,
      "steps" : 61
    } ],
    "lastUpdate" : "20150208T181247Z"
  }, {
    "type" : "move",
    "startTime" : "20150208T102406-0500",
    "endTime" : "20150208T103751-0500",
    "activities" : [ {
      "activity" : "walking",
      "group" : "walking",
      "manual" : false,
      "startTime" : "20150208T102406-0500",
      "endTime" : "20150208T103751-0500",
      "duration" : 825.0,
      "distance" : 850.0,
      "steps" : 1177
    } ],
    "lastUpdate" : "20150208T181247Z"
  }, {
    "type" : "place",
    "startTime" : "20150208T103751-0500",
    "endTime" : "20150208T130956-0500",
    "activities" : [ {
      "activity" : "walking",
      "group" : "walking",
      "manual" : false,
      "startTime" : "20150208T104544-0500",
      "endTime" : "20150208T104644-0500",
      "duration" : 60.0,
      "distance" : 30.0,
      "steps" : 51
    }, {
      "activity" : "walking",
      "group" : "walking",
      "manual" : false,
      "startTime" : "20150208T113238-0500",
      "endTime" : "20150208T113408-0500",
      "duration" : 90.0,
      "distance" : 45.0,
      "steps" : 77
    }, {
      "activity" : "walking",
      "group" : "walking",
      "manual" : false,
      "startTime" : "20150208T120700-0500",
      "endTime" : "20150208T121112-0500",
      "duration" : 252.0,
      "distance" : 235.0,
      "steps" : 314
    }, {
      "activity" : "walking",
      "group" : "walking",
      "manual" : false,
      "startTime" : "20150208T130431-0500",
      "endTime" : "20150208T130501-0500",
      "duration" : 30.0,
      "distance" : 15.0,
      "steps" : 15
    } ],
    "lastUpdate" : "20150208T212545Z"
  }, {
    "type" : "move",
    "startTime" : "20150208T130956-0500",
    "endTime" : "20150208T133206-0500",
    "activities" : [ {
      "activity" : "walking",
      "group" : "walking",
      "manual" : false,
      "startTime" : "20150208T130956-0500",
      "endTime" : "20150208T133207-0500",
      "duration" : 1331.0,
      "distance" : 1672.0,
      "steps" : 2101
    } ],
    "lastUpdate" : "20150208T212545Z"
  }, {
    "type" : "place",
    "startTime" : "20150208T133206-0500",
    "endTime" : "20150208T173321-0500",
    "activities" : [ {
      "activity" : "walking",
      "group" : "walking",
      "manual" : false,
      "startTime" : "20150208T135352-0500",
      "endTime" : "20150208T135422-0500",
      "duration" : 30.0,
      "distance" : 15.0,
      "steps" : 25
    }, {
      "activity" : "walking",
      "group" : "walking",
      "manual" : false,
      "startTime" : "20150208T143424-0500",
      "endTime" : "20150208T143454-0500",
      "duration" : 30.0,
      "distance" : 15.0,
      "steps" : 25
    }, {
      "activity" : "walking",
      "group" : "walking",
      "manual" : false,
      "startTime" : "20150208T150014-0500",
      "endTime" : "20150208T150144-0500",
      "duration" : 90.0,
      "distance" : 46.0,
      "steps" : 91
    }, {
      "activity" : "walking",
      "group" : "walking",
      "manual" : false,
      "startTime" : "20150208T172750-0500",
      "endTime" : "20150208T172920-0500",
      "duration" : 90.0,
      "distance" : 45.0,
      "steps" : 81
    } ],
    "lastUpdate" : "20150208T231337Z"
  }, {
    "type" : "move",
    "startTime" : "20150208T173321-0500",
    "endTime" : "20150208T174213-0500",
    "activities" : [ {
      "activity" : "walking",
      "group" : "walking",
      "manual" : false,
      "startTime" : "20150208T173321-0500",
      "endTime" : "20150208T174213-0500",
      "duration" : 532.0,
      "distance" : 464.0,
      "steps" : 928
    } ],
    "lastUpdate" : "20150208T231337Z"
  }, {
    "type" : "place",
    "startTime" : "20150208T174213-0500",
    "endTime" : "20150208T175605-0500",
    "activities" : [ {
      "activity" : "walking",
      "group" : "walking",
      "manual" : false,
      "startTime" : "20150208T174213-0500",
      "endTime" : "20150208T174240-0500",
      "duration" : 27.0,
      "distance" : 14.0,
      "steps" : 27
    } ],
    "lastUpdate" : "20150208T234307Z"
  }, {
    "type" : "place",
    "startTime" : "20150208T175605-0500",
    "endTime" : "20150208T180629-0500",
    "activities" : [ {
      "activity" : "walking",
      "group" : "walking",
      "manual" : false,
      "startTime" : "20150208T175605-0500",
      "endTime" : "20150208T175626-0500",
      "duration" : 21.0,
      "distance" : 18.0,
      "steps" : 36
    } ],
    "lastUpdate" : "20150208T234307Z"
  }, {
    "type" : "move",
    "startTime" : "20150208T180629-0500",
    "endTime" : "20150208T182154-0500",
    "activities" : [ {
      "activity" : "walking",
      "group" : "walking",
      "manual" : false,
      "startTime" : "20150208T180629-0500",
      "endTime" : "20150208T182155-0500",
      "duration" : 926.0,
      "distance" : 954.0,
      "steps" : 774
    } ],
    "lastUpdate" : "20150208T234307Z"
  }, {
    "type" : "place",
    "startTime" : "20150208T182154-0500",
    "endTime" : "20150208T190045-0500",
    "activities" : [ {
      "activity" : "walking",
      "group" : "walking",
      "manual" : false,
      "startTime" : "20150208T182154-0500",
      "endTime" : "20150208T184927-0500",
      "duration" : 1653.0,
      "distance" : 1828.0,
      "steps" : 2437
    } ],
    "lastUpdate" : "20150209T015857Z"
  }, {
    "type" : "move",
    "startTime" : "20150208T190045-0500",
    "endTime" : "20150208T190200-0500",
    "activities" : [ {
      "activity" : "transport",
      "group" : "transport",
      "manual" : false,
      "startTime" : "20150208T190045-0500",
      "endTime" : "20150208T190200-0500",
      "duration" : 75.0,
      "distance" : 584.0
    } ],
    "lastUpdate" : "20150209T015857Z"
  }, {
    "type" : "place",
    "startTime" : "20150208T190200-0500",
    "endTime" : "20150208T212952-0500",
    "activities" : [ {
      "activity" : "walking",
      "group" : "walking",
      "manual" : false,
      "startTime" : "20150208T190243-0500",
      "endTime" : "20150208T190446-0500",
      "duration" : 123.0,
      "distance" : 124.0,
      "steps" : 166
    }, {
      "activity" : "walking",
      "group" : "walking",
      "manual" : false,
      "startTime" : "20150208T205750-0500",
      "endTime" : "20150208T205820-0500",
      "duration" : 30.0,
      "distance" : 15.0,
      "steps" : 30
    }, {
      "activity" : "walking",
      "group" : "walking",
      "manual" : false,
      "startTime" : "20150208T210947-0500",
      "endTime" : "20150208T211152-0500",
      "duration" : 125.0,
      "distance" : 94.0,
      "steps" : 116
    } ],
    "lastUpdate" : "20150209T050102Z"
  }, {
    "type" : "move",
    "startTime" : "20150208T212952-0500",
    "endTime" : "20150208T213853-0500",
    "activities" : [ {
      "activity" : "walking",
      "group" : "walking",
      "manual" : false,
      "startTime" : "20150208T212952-0500",
      "endTime" : "20150208T213854-0500",
      "duration" : 542.0,
      "distance" : 552.0,
      "steps" : 794
    } ],
    "lastUpdate" : "20150209T050102Z"
  }, {
    "type" : "place",
    "startTime" : "20150208T213853-0500",
    "endTime" : "20150209T055704-0500",
    "activities" : [ {
      "activity" : "walking",
      "group" : "walking",
      "manual" : false,
      "startTime" : "20150208T215431-0500",
      "endTime" : "20150208T215501-0500",
      "duration" : 30.0,
      "distance" : 20.0,
      "steps" : 41
    }, {
      "activity" : "walking",
      "group" : "walking",
      "manual" : false,
      "startTime" : "20150208T231101-0500",
      "endTime" : "20150208T231231-0500",
      "duration" : 90.0,
      "distance" : 72.0,
      "steps" : 144
    } ],
    "lastUpdate" : "20150209T123545Z"
  } ],
  "lastUpdate" : "20150209T123545Z"
} ]