[ {
  "date" : "20150207",
  "summary" : [ {
    "activity" : "walking",
    "group" : "walking",
    "duration" : 5452.0,
    "distance" : 5222.0,
    "steps" : 7272
  }, {
    "activity" : "cycling",
    "group" : "cycling",
    "duration" : 1780.0,
    "distance" : 7342.0
  } ],
  "segments" : [ {
    "type" : "place",
    "startTime" : "20150206T231124-0500",
    "endTime" : "20150207T083918-0500",
    "activities" : [ {
      "activity" : "walking",
      "group" : "walking",
      "manual" : false,
      "startTime" : "20150207T055956-0500",
      "endTime" : "20150207T060056-0500",
      "duration" : 60.0,
      "distance" : 30.0,
      "steps" : 46
    }, {
      "activity" : "walking",
      "group" : "walking",
      "manual" : false,
      "startTime" : "20150207T083633-0500",
      "endTime" : "20150207T083733-0500",
      "duration" : 60.0,
      "distance" : 38.0,
      "steps" : 76
    } ],
    "lastUpdate" : "20150207T170937Z"
  }, {
    "type" : "move",
    "startTime" : "20150207T083918-0500",
    "endTime" : "20150207T084940-0500",
    "activities" : [ {
      "activity" : "cycling",
      "group" : "cycling",
      "manual" : false,
      "startTime" : "20150207T083918-0500",
      "endTime" : "20150207T084940-0500",
      "duration" : 622.0,
      "distance" : 3571.0
    } ],
    "lastUpdate" : "20150207T170937Z"
  }, {
    "type" : "place",
    "startTime" : "20150207T084940-0500",
    "endTime" : "20150207T085916-0500",
    "activities" : [ {
      "activity" : "walking",
      "group" : "walking",
      "manual" : false,
      "startTime" : "20150207T085115-0500",
      "endTime" : "20150207T085645-0500",
      "duration" : 330.0,
      "distance" : 433.0,
      "steps" : 577
    } ],
    "lastUpdate" : "20150207T170937Z"
  }, {
    "type" : "move",
    "startTime" : "20150207T085916-0500",
    "endTime" : "20150207T090255-0500",
    "activities" : [ {
      "activity" : "walking",
      "group" : "walking",
      "manual" : false,
      "startTime" : "20150207T085916-0500",
      "endTime" : "20150207T090256-0500",
      "duration" : 220.0,
      "distance" : 211.0,
      "steps" : 293
    } ],
    "lastUpdate" : "20150207T170937Z"
  }, {
    "type" : "place",
    "startTime" : "20150207T090256-0500",
    "endTime" : "20150207T120818-0500",
    "activities" : [ {
      "activity" : "walking",
      "group" : "walking",
      "manual" : false,
      "startTime" : "20150207T090445-0500",
      "endTime" : "20150207T090515-0500",
      "duration" : 30.0,
      "distance" : 15.0,
      "steps" : 30
    }, {
      "activity" : "walking",
      "group" : "walking",
      "manual" : false,
      "startTime" : "20150207T101620-0500",
      "endTime" : "20150207T101751-0500",
      "duration" : 91.0,
      "distance" : 72.0,
      "steps" : 145
    }, {
      "activity" : "walking",
      "group" : "walking",
      "manual" : false,
      "startTime" : "20150207T111238-0500",
      "endTime" : "20150207T111338-0500",
      "duration" : 60.0,
      "distance" : 41.0,
      "steps" : 81
    }, {
      "activity" : "walking",
      "group" : "walking",
      "manual" : false,
      "startTime" : "20150207T120114-0500",
      "endTime" : "20150207T120622-0500",
      "duration" : 308.0,
      "distance" : 247.0,
      "steps" : 329
    } ],
    "lastUpdate" : "20150207T191721Z"
  }, {
    "type" : "move",
    "startTime" : "20150207T120818-0500",
    "endTime" : "20150207T122038-0500",
    "activities" : [ {
      "activity" : "walking",
      "group" : "walking",
      "manual" : false,
      "startTime" : "20150207T120818-0500",
      "endTime" : "20150207T122038-0500",
      "duration" : 740.0,
      "distance" : 954.0,
      "steps" : 1173
    } ],
    "lastUpdate" : "20150207T191721Z"
  }, {
    "type" : "place",
    "startTime" : "20150207T122038-0500",
    "endTime" : "20150207T130345-0500",
    "activities" : [ {
      "activity" : "walking",
      "group" : "walking",
      "manual" : false,
      "startTime" : "20150207T122824-0500",
      "endTime" : "20150207T123649-0500",
      "duration" : 505.0,
      "distance" : 437.0,
      "steps" : 583
    }, {
      "activity" : "walking",
      "group" : "walking",
      "manual" : false,
      "startTime" : "20150207T130327-0500",
      "endTime" : "20150207T130445-0500",
      "duration" : 78.0,
      "distance" : 53.0,
      "steps" : 106
    } ],
    "lastUpdate" : "20150207T191721Z"
  }, {
    "type" : "place",
    "startTime" : "20150207T130345-0500",
    "endTime" : "20150207T130423-0500",
    "activities" : [ {
      "activity" : "walking",
      "group" : "walking",
      "manual" : false,
      "startTime" : "20150207T130345-0500",
      "endTime" : "20150207T130423-0500",
      "duration" : 38.0,
      "distance" : 32.0,
      "steps" : 64
    } ],
    "lastUpdate" : "20150207T202127Z"
  }, {
    "type" : "place",
    "startTime" : "20150207T130423-0500",
    "endTime" : "20150207T132656-0500",
    "activities" : [ {
      "activity" : "walking",
      "group" : "walking",
      "manual" : false,
      "startTime" : "20150207T132107-0500",
      "endTime" : "20150207T132345-0500",
      "duration" : 158.0,
      "distance" : 118.0,
      "steps" : 138
    } ],
    "lastUpdate" : "20150207T202127Z"
  }, {
    "type" : "move",
    "startTime" : "20150207T132656-0500",
    "endTime" : "20150207T133116-0500",
    "activities" : [ {
      "activity" : "walking",
      "group" : "walking",
      "manual" : false,
      "startTime" : "20150207T132656-0500",
      "endTime" : "20150207T133116-0500",
      "duration" : 260.0,
      "distance" : 229.0,
      "steps" : 253
    } ],
    "lastUpdate" : "20150207T202127Z"
  }, {
    "type" : "place",
    "startTime" : "20150207T133116-0500",
    "endTime" : "20150207T142706-0500",
    "activities" : [ {
      "activity" : "walking",
      "group" : "walking",
      "manual" : false,
      "startTime" : "20150207T142302-0500",
      "endTime" : "20150207T142402-0500",
      "duration" : 60.0,
      "distance" : 46.0,
      "steps" : 91
    } ],
    "lastUpdate" : "20150207T224044Z"
  }, {
    "type" : "move",
    "startTime" : "20150207T142706-0500",
    "endTime" : "20150207T143145-0500",
    "activities" : [ {
      "activity" : "walking",
      "group" : "walking",
      "manual" : false,
      "startTime" : "20150207T142706-0500",
      "endTime" : "20150207T143145-0500",
      "duration" : 279.0,
      "distance" : 287.0,
      "steps" : 398
    } ],
    "lastUpdate" : "20150207T224044Z"
  }, {
    "type" : "move",
    "startTime" : "20150207T143402-0500",
    "endTime" : "20150207T145012-0500",
    "activities" : [ {
      "activity" : "cycling",
      "group" : "cycling",
      "manual" : false,
      "startTime" : "20150207T143402-0500",
      "endTime" : "20150207T145011-0500",
      "duration" : 969.0,
      "distance" : 3077.0
    } ],
    "lastUpdate" : "20150207T224044Z"
  }, {
    "type" : "move",
    "startTime" : "20150207T145458-0500",
    "endTime" : "20150207T145807-0500",
    "activities" : [ {
      "activity" : "cycling",
      "group" : "cycling",
      "manual" : false,
      "startTime" : "20150207T145458-0500",
      "endTime" : "20150207T145807-0500",
      "duration" : 189.0,
      "distance" : 694.0
    } ],
    "lastUpdate" : "20150207T224044Z"
  }, {
    "type" : "place",
    "startTime" : "20150207T145807-0500",
    "endTime" : "20150207T152006-0500",
    "activities" : [ {
      "activity" : "walking",
      "group" : "walking",
      "manual" : false,
      "startTime" : "20150207T145831-0500",
      "endTime" : "20150207T145901-0500",
      "duration" : 30.0,
      "distance" : 15.0,
      "steps" : 25
    }, {
      "activity" : "walking",
      "group" : "walking",
      "manual" : false,
      "startTime" : "20150207T150035-0500",
      "endTime" : "20150207T150105-0500",
      "duration" : 30.0,
      "distance" : 25.0,
      "steps" : 50
    } ],
    "lastUpdate" : "20150207T224044Z"
  }, {
    "type" : "move",
    "startTime" : "20150207T152006-0500",
    "endTime" : "20150207T152947-0500",
    "activities" : [ {
      "activity" : "walking",
      "group" : "walking",
      "manual" : false,
      "startTime" : "20150207T152006-0500",
      "endTime" : "20150207T152948-0500",
      "duration" : 582.0,
      "distance" : 553.0,
      "steps" : 951
    } ],
    "lastUpdate" : "20150207T224044Z"
  }, {
    "type" : "place",
    "startTime" : "20150207T152947-0500",
    "endTime" : "20150207T185444-0500",
    "activities" : [ {
      "activity" : "walking",
      "group" : "walking",
      "manual" : false,
      "startTime" : "20150207T153411-0500",
      "endTime" : "20150207T154146-0500",
      "duration" : 455.0,
      "distance" : 422.0,
      "steps" : 563
    }, {
      "activity" : "walking",
      "group" : "walking",
      "manual" : false,
      "startTime" : "20150207T182829-0500",
      "endTime" : "20150207T183445-0500",
      "duration" : 376.0,
      "distance" : 321.0,
      "steps" : 428
    } ],
    "lastUpdate" : "20150208T014339Z"
  }, {
    "type" : "move",
    "startTime" : "20150207T185444-0500",
    "endTime" : "20150207T190355-0500",
    "activities" : [ {
      "activity" : "walking",
      "group" : "walking",
      "manual" : false,
      "startTime" : "20150207T185444-0500",
      "endTime" : "20150207T190356-0500",
      "duration" : 552.0,
      "distance" : 545.0,
      "steps" : 674
    } ],
    "lastUpdate" : "20150208T014339Z"
  }, {
    "type" : "place",
    "startTime" : "20150207T190355-0500",
    "endTime" : "20150208T102406-0500",
    "activities" : [ {
      "activity" : "walking",
      "group" : "walking",
      "manual" : false,
      "startTime" : "20150207T190520-0500",
      "endTime" : "20150207T190650-0500",
      "duration" : 90.0,
      "distance" : 58.0,
      "steps" : 117
    }, {
      "activity" : "walking",
      "group" : "walking",
      "manual" : false,
      "startTime" : "20150207T214301-0500",
      "endTime" : "20150207T214401-0500",
      "duration" : 60.0,
      "distance" : 40.0,
      "steps" : 81
    } ],
    "lastUpdate" : "20150208T181247Z"
  } ],
  "lastUpdate" : "20150208T181247Z"
} ]