[ {
  "date" : "20150209",
  "summary" : [ {
    "activity" : "walking",
    "group" : "walking",
    "duration" : 3125.0,
    "distance" : 3599.0,
    "steps" : 4489
  }, {
    "activity" : "running",
    "group" : "running",
    "duration" : 334.0,
    "distance" : 665.0,
    "steps" : 826
  }, {
    "activity" : "cycling",
    "group" : "cycling",
    "duration" : 1406.0,
    "distance" : 6313.0
  } ],
  "segments" : [ {
    "type" : "place",
    "startTime" : "20150208T213853-0500",
    "endTime" : "20150209T055704-0500",
    "activities" : [ {
      "activity" : "walking",
      "group" : "walking",
      "manual" : false,
      "startTime" : "20150209T055218-0500",
      "endTime" : "20150209T055318-0500",
      "duration" : 60.0,
      "distance" : 35.0,
      "steps" : 71
    } ],
    "lastUpdate" : "20150209T123545Z"
  }, {
    "type" : "move",
    "startTime" : "20150209T055704-0500",
    "endTime" : "20150209T060237-0500",
    "activities" : [ {
      "activity" : "running",
      "group" : "running",
      "manual" : false,
      "startTime" : "20150209T055704-0500",
      "endTime" : "20150209T060238-0500",
      "duration" : 334.0,
      "distance" : 665.0,
      "steps" : 826
    } ],
    "lastUpdate" : "20150209T123545Z"
  }, {
    "type" : "place",
    "startTime" : "20150209T060238-0500",
    "endTime" : "20150209T184227-0500",
    "activities" : [ {
      "activity" : "walking",
      "group" : "walking",
      "manual" : false,
      "startTime" : "20150209T072111-0500",
      "endTime" : "20150209T072301-0500",
      "duration" : 110.0,
      "distance" : 55.0,
      "steps" : 106
    }, {
      "activity" : "walking",
      "group" : "walking",
      "manual" : false,
      "startTime" : "20150209T080321-0500",
      "endTime" : "20150209T080351-0500",
      "duration" : 30.0,
      "distance" : 15.0,
      "steps" : 20
    }, {
      "activity" : "walking",
      "group" : "walking",
      "manual" : false,
      "startTime" : "20150209T094053-0500",
      "endTime" : "20150209T094123-0500",
      "duration" : 30.0,
      "distance" : 15.0,
      "steps" : 20
    }, {
      "activity" : "walking",
      "group" : "walking",
      "manual" : false,
      "startTime" : "20150209T104950-0500",
      "endTime" : "20150209T105020-0500",
      "duration" : 30.0,
      "distance" : 30.0,
      "steps" : 61
    }, {
      "activity" : "walking",
      "group" : "walking",
      "manual" : false,
      "startTime" : "20150209T183643-0500",
      "endTime" : "20150209T183843-0500",
      "duration" : 120.0,
      "distance" : 99.0,
      "steps" : 132
    } ],
    "lastUpdate" : "20150210T003449Z"
  }, {
    "type" : "move",
    "startTime" : "20150209T184227-0500",
    "endTime" : "20150209T184936-0500",
    "activities" : [ {
      "activity" : "cycling",
      "group" : "cycling",
      "manual" : false,
      "startTime" : "20150209T184227-0500",
      "endTime" : "20150209T184936-0500",
      "duration" : 429.0,
      "distance" : 1994.0
    } ],
    "lastUpdate" : "20150210T003449Z"
  }, {
    "type" : "place",
    "startTime" : "20150209T184937-0500",
    "endTime" : "20150209T190154-0500",
    "activities" : [ {
      "activity" : "walking",
      "group" : "walking",
      "manual" : false,
      "startTime" : "20150209T185018-0500",
      "endTime" : "20150209T185118-0500",
      "duration" : 60.0,
      "distance" : 46.0,
      "steps" : 92
    } ],
    "lastUpdate" : "20150210T003449Z"
  }, {
    "type" : "move",
    "startTime" : "20150209T190154-0500",
    "endTime" : "20150209T191129-0500",
    "activities" : [ {
      "activity" : "cycling",
      "group" : "cycling",
      "manual" : false,
      "startTime" : "20150209T190154-0500",
      "endTime" : "20150209T190727-0500",
      "duration" : 333.0,
      "distance" : 1254.0
    }, {
      "activity" : "walking",
      "group" : "walking",
      "manual" : false,
      "startTime" : "20150209T190727-0500",
      "endTime" : "20150209T191129-0500",
      "duration" : 242.0,
      "distance" : 209.0,
      "steps" : 306
    } ],
    "lastUpdate" : "20150210T003449Z"
  }, {
    "type" : "place",
    "startTime" : "20150209T191129-0500",
    "endTime" : "20150209T195020-0500",
    "activities" : [ {
      "activity" : "walking",
      "group" : "walking",
      "manual" : false,
      "startTime" : "20150209T191321-0500",
      "endTime" : "20150209T192012-0500",
      "duration" : 411.0,
      "distance" : 419.0,
      "steps" : 559
    } ],
    "lastUpdate" : "20150210T021443Z"
  }, {
    "type" : "move",
    "startTime" : "20150209T195020-0500",
    "endTime" : "20150209T200611-0500",
    "activities" : [ {
      "activity" : "walking",
      "group" : "walking",
      "manual" : false,
      "startTime" : "20150209T195020-0500",
      "endTime" : "20150209T200611-0500",
      "duration" : 951.0,
      "distance" : 1141.0,
      "steps" : 1475
    } ],
    "lastUpdate" : "20150210T021443Z"
  }, {
    "type" : "place",
    "startTime" : "20150209T200611-0500",
    "endTime" : "20150209T201601-0500",
    "activities" : [ {
      "activity" : "walking",
      "group" : "walking",
      "manual" : false,
      "startTime" : "20150209T200611-0500",
      "endTime" : "20150209T200630-0500",
      "duration" : 19.0,
      "distance" : 16.0,
      "steps" : 32
    } ],
    "lastUpdate" : "20150210T021443Z"
  }, {
    "type" : "move",
    "startTime" : "20150209T201601-0500",
    "endTime" : "20150209T202455-0500",
    "activities" : [ {
      "activity" : "walking",
      "group" : "walking",
      "manual" : false,
      "startTime" : "20150209T201601-0500",
      "endTime" : "20150209T202455-0500",
      "duration" : 534.0,
      "distance" : 931.0,
      "steps" : 776
    } ],
    "lastUpdate" : "20150210T021443Z"
  }, {
    "type" : "place",
    "startTime" : "20150209T202456-0500",
    "endTime" : "20150209T204432-0500",
    "activities" : [ {
      "activity" : "walking",
      "group" : "walking",
      "manual" : false,
      "startTime" : "20150209T203459-0500",
      "endTime" : "20150209T204116-0500",
      "duration" : 377.0,
      "distance" : 492.0,
      "steps" : 656
    } ],
    "lastUpdate" : "20150210T034542Z"
  }, {
    "type" : "move",
    "startTime" : "20150209T204432-0500",
    "endTime" : "20150209T205515-0500",
    "activities" : [ {
      "activity" : "cycling",
      "group" : "cycling",
      "manual" : false,
      "startTime" : "20150209T204432-0500",
      "endTime" : "20150209T205516-0500",
      "duration" : 644.0,
      "distance" : 3065.0
    } ],
    "lastUpdate" : "20150210T034542Z"
  }, {
    "type" : "place",
    "startTime" : "20150209T205515-0500",
    "endTime" : "20150210T092241-0500",
    "activities" : [ {
      "activity" : "walking",
      "group" : "walking",
      "manual" : false,
      "startTime" : "20150209T205858-0500",
      "endTime" : "20150209T205959-0500",
      "duration" : 61.0,
      "distance" : 30.0,
      "steps" : 51
    }, {
      "activity" : "walking",
      "group" : "walking",
      "manual" : false,
      "startTime" : "20150209T220953-0500",
      "endTime" : "20150209T221123-0500",
      "duration" : 90.0,
      "distance" : 66.0,
      "steps" : 132
    } ],
    "lastUpdate" : "20150210T155424Z"
  } ],
  "lastUpdate" : "20150210T155424Z"
} ]