[ {
  "date" : "20150203",
  "summary" : [ {
    "activity" : "walking",
    "group" : "walking",
    "duration" : 3055.0,
    "distance" : 2621.0,
    "steps" : 3941
  }, {
    "activity" : "running",
    "group" : "running",
    "duration" : 276.0,
    "distance" : 595.0,
    "steps" : 603
  }, {
    "activity" : "cycling",
    "group" : "cycling",
    "duration" : 2966.0,
    "distance" : 12145.0
  }, {
    "activity" : "transport",
    "group" : "transport",
    "duration" : 13496.0,
    "distance" : 3692.0
  } ],
  "segments" : [ {
    "type" : "place",
    "startTime" : "20150202T224359-0500",
    "endTime" : "20150203T050141-0500",
    "activities" : [ {
      "activity" : "walking",
      "group" : "walking",
      "manual" : false,
      "startTime" : "20150203T050138-0500",
      "endTime" : "20150203T050853-0500",
      "duration" : 435.0,
      "distance" : 326.0,
      "steps" : 435
    } ],
    "lastUpdate" : "20150204T125748Z"
  }, {
    "type" : "move",
    "startTime" : "20150203T050141-0500",
    "endTime" : "20150203T050618-0500",
    "activities" : [ {
      "activity" : "running",
      "group" : "running",
      "manual" : false,
      "startTime" : "20150203T050141-0500",
      "endTime" : "20150203T050617-0500",
      "duration" : 276.0,
      "distance" : 595.0,
      "steps" : 603
    } ],
    "lastUpdate" : "20150203T104857Z"
  }, {
    "type" : "place",
    "startTime" : "20150203T050618-0500",
    "endTime" : "20150203T053733-0500",
    "activities" : [ {
      "activity" : "walking",
      "group" : "walking",
      "manual" : false,
      "startTime" : "20150203T050618-0500",
      "endTime" : "20150203T050711-0500",
      "duration" : 53.0,
      "distance" : 43.0,
      "steps" : 86
    } ],
    "lastUpdate" : "20150203T123324Z"
  }, {
    "type" : "move",
    "startTime" : "20150203T053733-0500",
    "endTime" : "20150203T054447-0500",
    "activities" : [ {
      "activity" : "walking",
      "group" : "walking",
      "manual" : false,
      "startTime" : "20150203T053733-0500",
      "endTime" : "20150203T054447-0500",
      "duration" : 434.0,
      "distance" : 518.0,
      "steps" : 660
    } ],
    "lastUpdate" : "20150203T123324Z"
  }, {
    "type" : "place",
    "startTime" : "20150203T054447-0500",
    "endTime" : "20150203T072345-0500",
    "activities" : [ {
      "activity" : "walking",
      "group" : "walking",
      "manual" : false,
      "startTime" : "20150203T054709-0500",
      "endTime" : "20150203T054739-0500",
      "duration" : 30.0,
      "distance" : 25.0,
      "steps" : 51
    } ],
    "lastUpdate" : "20150203T153309Z"
  }, {
    "type" : "move",
    "startTime" : "20150203T072345-0500",
    "endTime" : "20150203T073027-0500",
    "activities" : [ {
      "activity" : "walking",
      "group" : "walking",
      "manual" : false,
      "startTime" : "20150203T072345-0500",
      "endTime" : "20150203T073028-0500",
      "duration" : 403.0,
      "distance" : 472.0,
      "steps" : 749
    } ],
    "lastUpdate" : "20150203T153309Z"
  }, {
    "type" : "place",
    "startTime" : "20150203T073028-0500",
    "endTime" : "20150203T081332-0500",
    "activities" : [ {
      "activity" : "walking",
      "group" : "walking",
      "manual" : false,
      "startTime" : "20150203T073320-0500",
      "endTime" : "20150203T073525-0500",
      "duration" : 125.0,
      "distance" : 98.0,
      "steps" : 130
    }, {
      "activity" : "walking",
      "group" : "walking",
      "manual" : false,
      "startTime" : "20150203T080134-0500",
      "endTime" : "20150203T080403-0500",
      "duration" : 149.0,
      "distance" : 136.0,
      "steps" : 182
    } ],
    "lastUpdate" : "20150203T153309Z"
  }, {
    "type" : "move",
    "startTime" : "20150203T081332-0500",
    "endTime" : "20150203T082358-0500",
    "activities" : [ {
      "activity" : "cycling",
      "group" : "cycling",
      "manual" : false,
      "startTime" : "20150203T081332-0500",
      "endTime" : "20150203T082359-0500",
      "duration" : 627.0,
      "distance" : 4198.0
    } ],
    "lastUpdate" : "20150203T153309Z"
  }, {
    "type" : "place",
    "startTime" : "20150203T082358-0500",
    "endTime" : "20150203T113134-0500",
    "activities" : [ {
      "activity" : "walking",
      "group" : "walking",
      "manual" : false,
      "startTime" : "20150203T082501-0500",
      "endTime" : "20150203T082635-0500",
      "duration" : 94.0,
      "distance" : 59.0,
      "steps" : 118
    }, {
      "activity" : "walking",
      "group" : "walking",
      "manual" : false,
      "startTime" : "20150203T092801-0500",
      "endTime" : "20150203T092821-0500",
      "duration" : 20.0,
      "distance" : 19.0,
      "steps" : 37
    }, {
      "activity" : "walking",
      "group" : "walking",
      "manual" : false,
      "startTime" : "20150203T112131-0500",
      "endTime" : "20150203T112558-0500",
      "duration" : 267.0,
      "distance" : 330.0,
      "steps" : 440
    } ],
    "lastUpdate" : "20150203T183554Z"
  }, {
    "type" : "move",
    "startTime" : "20150203T113134-0500",
    "endTime" : "20150203T114537-0500",
    "activities" : [ {
      "activity" : "cycling",
      "group" : "cycling",
      "manual" : false,
      "startTime" : "20150203T113134-0500",
      "endTime" : "20150203T114537-0500",
      "duration" : 843.0,
      "distance" : 4003.0
    } ],
    "lastUpdate" : "20150203T183554Z"
  }, {
    "type" : "place",
    "startTime" : "20150203T114537-0500",
    "endTime" : "20150203T121729-0500",
    "activities" : [ {
      "activity" : "walking",
      "group" : "walking",
      "manual" : false,
      "startTime" : "20150203T114537-0500",
      "endTime" : "20150203T114635-0500",
      "duration" : 58.0,
      "distance" : 30.0,
      "steps" : 60
    }, {
      "activity" : "walking",
      "group" : "walking",
      "manual" : false,
      "startTime" : "20150203T120324-0500",
      "endTime" : "20150203T120343-0500",
      "duration" : 19.0,
      "distance" : 12.0,
      "steps" : 23
    } ],
    "lastUpdate" : "20150203T183554Z"
  }, {
    "type" : "move",
    "startTime" : "20150203T121729-0500",
    "endTime" : "20150203T122923-0500",
    "activities" : [ {
      "activity" : "cycling",
      "group" : "cycling",
      "manual" : false,
      "startTime" : "20150203T121729-0500",
      "endTime" : "20150203T122922-0500",
      "duration" : 713.0,
      "distance" : 3869.0
    } ],
    "lastUpdate" : "20150203T183554Z"
  }, {
    "type" : "place",
    "startTime" : "20150203T122923-0500",
    "endTime" : "20150203T163330-0500",
    "activities" : [ {
      "activity" : "walking",
      "group" : "walking",
      "manual" : false,
      "startTime" : "20150203T122923-0500",
      "endTime" : "20150203T123044-0500",
      "duration" : 81.0,
      "distance" : 46.0,
      "steps" : 92
    }, {
      "activity" : "walking",
      "group" : "walking",
      "manual" : false,
      "startTime" : "20150203T142845-0500",
      "endTime" : "20150203T142911-0500",
      "duration" : 26.0,
      "distance" : 15.0,
      "steps" : 30
    } ],
    "lastUpdate" : "20150204T051204Z"
  }, {
    "type" : "move",
    "startTime" : "20150203T163330-0500",
    "endTime" : "20150203T203137-0500",
    "activities" : [ {
      "activity" : "walking",
      "group" : "walking",
      "manual" : false,
      "startTime" : "20150203T163330-0500",
      "endTime" : "20150203T164347-0500",
      "duration" : 617.0,
      "distance" : 324.0,
      "steps" : 648
    }, {
      "activity" : "transport",
      "group" : "transport",
      "manual" : false,
      "startTime" : "20150203T164346-0500",
      "endTime" : "20150203T192956-0500",
      "duration" : 9970.0,
      "distance" : 2376.0
    }, {
      "activity" : "cycling",
      "group" : "cycling",
      "manual" : false,
      "startTime" : "20150203T192955-0500",
      "endTime" : "20150203T194258-0500",
      "duration" : 783.0,
      "distance" : 75.0
    }, {
      "activity" : "transport",
      "group" : "transport",
      "manual" : false,
      "startTime" : "20150203T194258-0500",
      "endTime" : "20150203T203138-0500",
      "duration" : 2920.0,
      "distance" : 821.0
    } ],
    "lastUpdate" : "20150204T051204Z"
  }, {
    "type" : "place",
    "startTime" : "20150203T203138-0500",
    "endTime" : "20150203T230624-0500",
    "activities" : [ {
      "activity" : "walking",
      "group" : "walking",
      "manual" : false,
      "startTime" : "20150203T215140-0500",
      "endTime" : "20150203T215210-0500",
      "duration" : 30.0,
      "distance" : 15.0,
      "steps" : 31
    }, {
      "activity" : "walking",
      "group" : "walking",
      "manual" : false,
      "startTime" : "20150203T220557-0500",
      "endTime" : "20150203T220901-0500",
      "duration" : 184.0,
      "distance" : 138.0,
      "steps" : 139
    }, {
      "activity" : "walking",
      "group" : "walking",
      "manual" : false,
      "startTime" : "20150203T230248-0500",
      "endTime" : "20150203T230318-0500",
      "duration" : 30.0,
      "distance" : 15.0,
      "steps" : 30
    } ],
    "lastUpdate" : "20150204T051204Z"
  }, {
    "type" : "move",
    "startTime" : "20150203T230624-0500",
    "endTime" : "20150203T231630-0500",
    "activities" : [ {
      "activity" : "transport",
      "group" : "transport",
      "manual" : false,
      "startTime" : "20150203T230624-0500",
      "endTime" : "20150203T231630-0500",
      "duration" : 606.0,
      "distance" : 495.0
    } ],
    "lastUpdate" : "20150204T051204Z"
  } ],
  "lastUpdate" : "20150204T125748Z"
} ]