[ {
  "date" : "20150202",
  "summary" : [ {
    "activity" : "walking",
    "group" : "walking",
    "duration" : 6782.0,
    "distance" : 6363.0,
    "steps" : 8702
  }, {
    "activity" : "running",
    "group" : "running",
    "duration" : 275.0,
    "distance" : 412.0,
    "steps" : 275
  }, {
    "activity" : "cycling",
    "group" : "cycling",
    "duration" : 2031.0,
    "distance" : 9698.0
  } ],
  "segments" : [ {
    "type" : "place",
    "startTime" : "20150201T225342-0500",
    "endTime" : "20150202T052950-0500",
    "activities" : [ {
      "activity" : "walking",
      "group" : "walking",
      "manual" : false,
      "startTime" : "20150202T051253-0500",
      "endTime" : "20150202T051422-0500",
      "duration" : 89.0,
      "distance" : 45.0,
      "steps" : 90
    } ],
    "lastUpdate" : "20150202T105307Z"
  }, {
    "type" : "move",
    "startTime" : "20150202T052950-0500",
    "endTime" : "20150202T053425-0500",
    "activities" : [ {
      "activity" : "running",
      "group" : "running",
      "manual" : false,
      "startTime" : "20150202T052950-0500",
      "endTime" : "20150202T053425-0500",
      "duration" : 275.0,
      "distance" : 412.0,
      "steps" : 275
    } ],
    "lastUpdate" : "20150202T105307Z"
  }, {
    "type" : "place",
    "startTime" : "20150202T053425-0500",
    "endTime" : "20150202T133520-0500",
    "activities" : [ {
      "activity" : "walking",
      "group" : "walking",
      "manual" : false,
      "startTime" : "20150202T053446-0500",
      "endTime" : "20150202T053452-0500",
      "duration" : 6.0,
      "distance" : 4.0,
      "steps" : 7
    }, {
      "activity" : "walking",
      "group" : "walking",
      "manual" : false,
      "startTime" : "20150202T071911-0500",
      "endTime" : "20150202T072142-0500",
      "duration" : 151.0,
      "distance" : 113.0,
      "steps" : 144
    }, {
      "activity" : "walking",
      "group" : "walking",
      "manual" : false,
      "startTime" : "20150202T080146-0500",
      "endTime" : "20150202T080516-0500",
      "duration" : 210.0,
      "distance" : 178.0,
      "steps" : 238
    }, {
      "activity" : "walking",
      "group" : "walking",
      "manual" : false,
      "startTime" : "20150202T094250-0500",
      "endTime" : "20150202T094614-0500",
      "duration" : 204.0,
      "distance" : 215.0,
      "steps" : 287
    }, {
      "activity" : "walking",
      "group" : "walking",
      "manual" : false,
      "startTime" : "20150202T113143-0500",
      "endTime" : "20150202T120729-0500",
      "duration" : 2146.0,
      "distance" : 2493.0,
      "steps" : 3325
    }, {
      "activity" : "walking",
      "group" : "walking",
      "manual" : false,
      "startTime" : "20150202T132945-0500",
      "endTime" : "20150202T134231-0500",
      "duration" : 766.0,
      "distance" : 575.0,
      "steps" : 458
    } ],
    "lastUpdate" : "20150202T192213Z"
  }, {
    "type" : "move",
    "startTime" : "20150202T133520-0500",
    "endTime" : "20150202T134332-0500",
    "activities" : [ {
      "activity" : "walking",
      "group" : "walking",
      "manual" : false,
      "startTime" : "20150202T133520-0500",
      "endTime" : "20150202T134332-0500",
      "duration" : 492.0,
      "distance" : 445.0,
      "steps" : 644
    } ],
    "lastUpdate" : "20150202T192213Z"
  }, {
    "type" : "place",
    "startTime" : "20150202T134332-0500",
    "endTime" : "20150202T141929-0500",
    "activities" : [ {
      "activity" : "walking",
      "group" : "walking",
      "manual" : false,
      "startTime" : "20150202T134332-0500",
      "endTime" : "20150202T134536-0500",
      "duration" : 124.0,
      "distance" : 93.0,
      "steps" : 115
    } ],
    "lastUpdate" : "20150202T211725Z"
  }, {
    "type" : "move",
    "startTime" : "20150202T141929-0500",
    "endTime" : "20150202T142837-0500",
    "activities" : [ {
      "activity" : "walking",
      "group" : "walking",
      "manual" : false,
      "startTime" : "20150202T141929-0500",
      "endTime" : "20150202T142837-0500",
      "duration" : 548.0,
      "distance" : 466.0,
      "steps" : 654
    } ],
    "lastUpdate" : "20150202T211725Z"
  }, {
    "type" : "place",
    "startTime" : "20150202T142837-0500",
    "endTime" : "20150202T161731-0500",
    "activities" : [ {
      "activity" : "walking",
      "group" : "walking",
      "manual" : false,
      "startTime" : "20150202T142837-0500",
      "endTime" : "20150202T143009-0500",
      "duration" : 92.0,
      "distance" : 72.0,
      "steps" : 143
    }, {
      "activity" : "walking",
      "group" : "walking",
      "manual" : false,
      "startTime" : "20150202T161422-0500",
      "endTime" : "20150202T161522-0500",
      "duration" : 60.0,
      "distance" : 51.0,
      "steps" : 101
    } ],
    "lastUpdate" : "20150202T233407Z"
  }, {
    "type" : "move",
    "startTime" : "20150202T161731-0500",
    "endTime" : "20150202T162731-0500",
    "activities" : [ {
      "activity" : "cycling",
      "group" : "cycling",
      "manual" : false,
      "startTime" : "20150202T161731-0500",
      "endTime" : "20150202T162732-0500",
      "duration" : 601.0,
      "distance" : 3718.0
    } ],
    "lastUpdate" : "20150202T233407Z"
  }, {
    "type" : "place",
    "startTime" : "20150202T162731-0500",
    "endTime" : "20150202T184247-0500",
    "activities" : [ {
      "activity" : "walking",
      "group" : "walking",
      "manual" : false,
      "startTime" : "20150202T162757-0500",
      "endTime" : "20150202T163029-0500",
      "duration" : 152.0,
      "distance" : 146.0,
      "steps" : 194
    }, {
      "activity" : "walking",
      "group" : "walking",
      "manual" : false,
      "startTime" : "20150202T183533-0500",
      "endTime" : "20150202T183648-0500",
      "duration" : 75.0,
      "distance" : 67.0,
      "steps" : 133
    } ],
    "lastUpdate" : "20150203T023547Z"
  }, {
    "type" : "move",
    "startTime" : "20150202T184247-0500",
    "endTime" : "20150202T190326-0500",
    "activities" : [ {
      "activity" : "cycling",
      "group" : "cycling",
      "manual" : false,
      "startTime" : "20150202T184247-0500",
      "endTime" : "20150202T190327-0500",
      "duration" : 1240.0,
      "distance" : 5020.0
    } ],
    "lastUpdate" : "20150203T023547Z"
  }, {
    "type" : "move",
    "startTime" : "20150202T191133-0500",
    "endTime" : "20150202T191503-0500",
    "activities" : [ {
      "activity" : "walking",
      "group" : "walking",
      "manual" : false,
      "startTime" : "20150202T191133-0500",
      "endTime" : "20150202T191503-0500",
      "duration" : 210.0,
      "distance" : 228.0,
      "steps" : 182
    } ],
    "lastUpdate" : "20150203T023547Z"
  }, {
    "type" : "place",
    "startTime" : "20150202T191503-0500",
    "endTime" : "20150202T192754-0500",
    "activities" : [ {
      "activity" : "walking",
      "group" : "walking",
      "manual" : false,
      "startTime" : "20150202T191623-0500",
      "endTime" : "20150202T191823-0500",
      "duration" : 120.0,
      "distance" : 145.0,
      "steps" : 194
    } ],
    "lastUpdate" : "20150203T023547Z"
  }, {
    "type" : "move",
    "startTime" : "20150202T192754-0500",
    "endTime" : "20150202T193104-0500",
    "activities" : [ {
      "activity" : "cycling",
      "group" : "cycling",
      "manual" : false,
      "startTime" : "20150202T192754-0500",
      "endTime" : "20150202T193104-0500",
      "duration" : 190.0,
      "distance" : 960.0
    } ],
    "lastUpdate" : "20150203T023547Z"
  }, {
    "type" : "place",
    "startTime" : "20150202T193104-0500",
    "endTime" : "20150202T201819-0500",
    "activities" : [ {
      "activity" : "walking",
      "group" : "walking",
      "manual" : false,
      "startTime" : "20150202T194241-0500",
      "endTime" : "20150202T194311-0500",
      "duration" : 30.0,
      "distance" : 15.0,
      "steps" : 30
    } ],
    "lastUpdate" : "20150203T033810Z"
  }, {
    "type" : "move",
    "startTime" : "20150202T201819-0500",
    "endTime" : "20150202T203037-0500",
    "activities" : [ {
      "activity" : "walking",
      "group" : "walking",
      "manual" : false,
      "startTime" : "20150202T201819-0500",
      "endTime" : "20150202T203037-0500",
      "duration" : 738.0,
      "distance" : 454.0,
      "steps" : 908
    } ],
    "lastUpdate" : "20150203T033810Z"
  }, {
    "type" : "place",
    "startTime" : "20150202T203037-0500",
    "endTime" : "20150202T223501-0500",
    "activities" : [ {
      "activity" : "walking",
      "group" : "walking",
      "manual" : false,
      "startTime" : "20150202T213603-0500",
      "endTime" : "20150202T213633-0500",
      "duration" : 30.0,
      "distance" : 20.0,
      "steps" : 40
    } ],
    "lastUpdate" : "20150203T100138Z"
  }, {
    "type" : "move",
    "startTime" : "20150202T223501-0500",
    "endTime" : "20150202T224359-0500",
    "activities" : [ {
      "activity" : "walking",
      "group" : "walking",
      "manual" : false,
      "startTime" : "20150202T223501-0500",
      "endTime" : "20150202T224400-0500",
      "duration" : 539.0,
      "distance" : 538.0,
      "steps" : 815
    } ],
    "lastUpdate" : "20150203T100138Z"
  } ],
  "lastUpdate" : "20150204T125748Z"
} ]