[ {
  "date" : "20150126",
  "summary" : [ {
    "activity" : "walking",
    "group" : "walking",
    "duration" : 1262.0,
    "distance" : 1071.0,
    "steps" : 1450
  }, {
    "activity" : "cycling",
    "group" : "cycling",
    "duration" : 1488.0,
    "distance" : 8318.0
  } ],
  "segments" : [ {
    "type" : "place",
    "startTime" : "20150125T163750-0500",
    "endTime" : "20150126T161304-0500",
    "activities" : [ {
      "activity" : "walking",
      "group" : "walking",
      "manual" : false,
      "startTime" : "20150126T075331-0500",
      "endTime" : "20150126T075600-0500",
      "duration" : 149.0,
      "distance" : 112.0,
      "steps" : 111
    }, {
      "activity" : "walking",
      "group" : "walking",
      "manual" : false,
      "startTime" : "20150126T085739-0500",
      "endTime" : "20150126T085819-0500",
      "duration" : 40.0,
      "distance" : 24.0,
      "steps" : 48
    }, {
      "activity" : "walking",
      "group" : "walking",
      "manual" : false,
      "startTime" : "20150126T090214-0500",
      "endTime" : "20150126T090321-0500",
      "duration" : 67.0,
      "distance" : 48.0,
      "steps" : 97
    }, {
      "activity" : "walking",
      "group" : "walking",
      "manual" : false,
      "startTime" : "20150126T103409-0500",
      "endTime" : "20150126T103640-0500",
      "duration" : 151.0,
      "distance" : 113.0,
      "steps" : 85
    }, {
      "activity" : "walking",
      "group" : "walking",
      "manual" : false,
      "startTime" : "20150126T113256-0500",
      "endTime" : "20150126T113326-0500",
      "duration" : 30.0,
      "distance" : 15.0,
      "steps" : 30
    }, {
      "activity" : "walking",
      "group" : "walking",
      "manual" : false,
      "startTime" : "20150126T141132-0500",
      "endTime" : "20150126T141459-0500",
      "duration" : 207.0,
      "distance" : 160.0,
      "steps" : 214
    }, {
      "activity" : "walking",
      "group" : "walking",
      "manual" : false,
      "startTime" : "20150126T150403-0500",
      "endTime" : "20150126T150503-0500",
      "duration" : 60.0,
      "distance" : 33.0,
      "steps" : 65
    } ],
    "lastUpdate" : "20150126T233816Z"
  }, {
    "type" : "move",
    "startTime" : "20150126T161304-0500",
    "endTime" : "20150126T162438-0500",
    "activities" : [ {
      "activity" : "cycling",
      "group" : "cycling",
      "manual" : false,
      "startTime" : "20150126T161304-0500",
      "endTime" : "20150126T162438-0500",
      "duration" : 694.0,
      "distance" : 4097.0
    } ],
    "lastUpdate" : "20150126T233816Z"
  }, {
    "type" : "place",
    "startTime" : "20150126T162438-0500",
    "endTime" : "20150126T184219-0500",
    "activities" : [ {
      "activity" : "walking",
      "group" : "walking",
      "manual" : false,
      "startTime" : "20150126T162539-0500",
      "endTime" : "20150126T162812-0500",
      "duration" : 153.0,
      "distance" : 155.0,
      "steps" : 207
    }, {
      "activity" : "walking",
      "group" : "walking",
      "manual" : false,
      "startTime" : "20150126T183451-0500",
      "endTime" : "20150126T183945-0500",
      "duration" : 294.0,
      "distance" : 341.0,
      "steps" : 455
    } ],
    "lastUpdate" : "20150127T010912Z"
  }, {
    "type" : "move",
    "startTime" : "20150126T184219-0500",
    "endTime" : "20150126T185533-0500",
    "activities" : [ {
      "activity" : "cycling",
      "group" : "cycling",
      "manual" : false,
      "startTime" : "20150126T184219-0500",
      "endTime" : "20150126T185533-0500",
      "duration" : 794.0,
      "distance" : 4221.0
    } ],
    "lastUpdate" : "20150127T010912Z"
  }, {
    "type" : "place",
    "startTime" : "20150126T185534-0500",
    "endTime" : "20150127T062233-0500",
    "activities" : [ {
      "activity" : "walking",
      "group" : "walking",
      "manual" : false,
      "startTime" : "20150126T185737-0500",
      "endTime" : "20150126T185804-0500",
      "duration" : 27.0,
      "distance" : 17.0,
      "steps" : 34
    }, {
      "activity" : "walking",
      "group" : "walking",
      "manual" : false,
      "startTime" : "20150126T204022-0500",
      "endTime" : "20150126T204050-0500",
      "duration" : 28.0,
      "distance" : 14.0,
      "steps" : 27
    }, {
      "activity" : "walking",
      "group" : "walking",
      "manual" : false,
      "startTime" : "20150126T210904-0500",
      "endTime" : "20150126T210907-0500",
      "duration" : 3.0,
      "distance" : 2.0,
      "steps" : 4
    }, {
      "activity" : "walking",
      "group" : "walking",
      "manual" : false,
      "startTime" : "20150126T221618-0500",
      "endTime" : "20150126T221641-0500",
      "duration" : 23.0,
      "distance" : 12.0,
      "steps" : 22
    }, {
      "activity" : "walking",
      "group" : "walking",
      "manual" : false,
      "startTime" : "20150126T231502-0500",
      "endTime" : "20150126T231532-0500",
      "duration" : 30.0,
      "distance" : 25.0,
      "steps" : 51
    } ],
    "lastUpdate" : "20150127T125931Z"
  } ],
  "lastUpdate" : "20150127T125931Z"
} ]