[ {
  "date" : "20150129",
  "summary" : [ {
    "activity" : "walking",
    "group" : "walking",
    "duration" : 2801.0,
    "distance" : 2441.0,
    "steps" : 3571
  }, {
    "activity" : "cycling",
    "group" : "cycling",
    "duration" : 2020.0,
    "distance" : 9394.0
  }, {
    "activity" : "transport",
    "group" : "transport",
    "duration" : 198.0,
    "distance" : 797.0
  } ],
  "segments" : [ {
    "type" : "place",
    "startTime" : "20150128T222443-0500",
    "endTime" : "20150129T125333-0500",
    "activities" : [ {
      "activity" : "walking",
      "group" : "walking",
      "manual" : false,
      "startTime" : "20150129T071942-0500",
      "endTime" : "20150129T072248-0500",
      "duration" : 186.0,
      "distance" : 150.0,
      "steps" : 200
    }, {
      "activity" : "walking",
      "group" : "walking",
      "manual" : false,
      "startTime" : "20150129T125305-0500",
      "endTime" : "20150129T131043-0500",
      "duration" : 1058.0,
      "distance" : 808.0,
      "steps" : 1076
    } ],
    "lastUpdate" : "20150129T195301Z"
  }, {
    "type" : "move",
    "startTime" : "20150129T125333-0500",
    "endTime" : "20150129T130704-0500",
    "activities" : [ {
      "activity" : "cycling",
      "group" : "cycling",
      "manual" : false,
      "startTime" : "20150129T125333-0500",
      "endTime" : "20150129T130705-0500",
      "duration" : 812.0,
      "distance" : 3724.0
    } ],
    "lastUpdate" : "20150129T195301Z"
  }, {
    "type" : "place",
    "startTime" : "20150129T130704-0500",
    "endTime" : "20150129T135854-0500",
    "activities" : [ {
      "activity" : "walking",
      "group" : "walking",
      "manual" : false,
      "startTime" : "20150129T130746-0500",
      "endTime" : "20150129T131216-0500",
      "duration" : 270.0,
      "distance" : 327.0,
      "steps" : 437
    } ],
    "lastUpdate" : "20150129T212409Z"
  }, {
    "type" : "move",
    "startTime" : "20150129T135854-0500",
    "endTime" : "20150129T140124-0500",
    "activities" : [ {
      "activity" : "cycling",
      "group" : "cycling",
      "manual" : false,
      "startTime" : "20150129T135854-0500",
      "endTime" : "20150129T140125-0500",
      "duration" : 151.0,
      "distance" : 684.0
    } ],
    "lastUpdate" : "20150129T212409Z"
  }, {
    "type" : "move",
    "startTime" : "20150129T140349-0500",
    "endTime" : "20150129T141923-0500",
    "activities" : [ {
      "activity" : "cycling",
      "group" : "cycling",
      "manual" : false,
      "startTime" : "20150129T140349-0500",
      "endTime" : "20150129T140923-0500",
      "duration" : 334.0,
      "distance" : 1458.0
    } ],
    "lastUpdate" : "20150129T212409Z"
  }, {
    "type" : "place",
    "startTime" : "20150129T141923-0500",
    "endTime" : "20150129T160607-0500",
    "activities" : [ {
      "activity" : "walking",
      "group" : "walking",
      "manual" : false,
      "startTime" : "20150129T142354-0500",
      "endTime" : "20150129T142424-0500",
      "duration" : 30.0,
      "distance" : 25.0,
      "steps" : 51
    }, {
      "activity" : "walking",
      "group" : "walking",
      "manual" : false,
      "startTime" : "20150129T150434-0500",
      "endTime" : "20150129T150634-0500",
      "duration" : 120.0,
      "distance" : 66.0,
      "steps" : 131
    }, {
      "activity" : "walking",
      "group" : "walking",
      "manual" : false,
      "startTime" : "20150129T160102-0500",
      "endTime" : "20150129T160302-0500",
      "duration" : 120.0,
      "distance" : 81.0,
      "steps" : 162
    } ],
    "lastUpdate" : "20150129T215354Z"
  }, {
    "type" : "move",
    "startTime" : "20150129T160607-0500",
    "endTime" : "20150129T161204-0500",
    "activities" : [ {
      "activity" : "transport",
      "group" : "transport",
      "manual" : false,
      "startTime" : "20150129T160607-0500",
      "endTime" : "20150129T160925-0500",
      "duration" : 198.0,
      "distance" : 797.0
    }, {
      "activity" : "walking",
      "group" : "walking",
      "manual" : false,
      "startTime" : "20150129T160926-0500",
      "endTime" : "20150129T161204-0500",
      "duration" : 158.0,
      "distance" : 112.0,
      "steps" : 224
    } ],
    "lastUpdate" : "20150129T215354Z"
  }, {
    "type" : "place",
    "startTime" : "20150129T161204-0500",
    "endTime" : "20150129T202033-0500",
    "activities" : [ {
      "activity" : "walking",
      "group" : "walking",
      "manual" : false,
      "startTime" : "20150129T174851-0500",
      "endTime" : "20150129T175043-0500",
      "duration" : 112.0,
      "distance" : 70.0,
      "steps" : 140
    }, {
      "activity" : "walking",
      "group" : "walking",
      "manual" : false,
      "startTime" : "20150129T182750-0500",
      "endTime" : "20150129T182850-0500",
      "duration" : 60.0,
      "distance" : 38.0,
      "steps" : 76
    }, {
      "activity" : "walking",
      "group" : "walking",
      "manual" : false,
      "startTime" : "20150129T194859-0500",
      "endTime" : "20150129T194929-0500",
      "duration" : 30.0,
      "distance" : 31.0,
      "steps" : 61
    }, {
      "activity" : "walking",
      "group" : "walking",
      "manual" : false,
      "startTime" : "20150129T201411-0500",
      "endTime" : "20150129T202308-0500",
      "duration" : 537.0,
      "distance" : 673.0,
      "steps" : 897
    } ],
    "lastUpdate" : "20150130T032801Z"
  }, {
    "type" : "move",
    "startTime" : "20150129T202033-0500",
    "endTime" : "20150129T203236-0500",
    "activities" : [ {
      "activity" : "cycling",
      "group" : "cycling",
      "manual" : false,
      "startTime" : "20150129T202033-0500",
      "endTime" : "20150129T203236-0500",
      "duration" : 723.0,
      "distance" : 3528.0
    } ],
    "lastUpdate" : "20150130T032801Z"
  }, {
    "type" : "place",
    "startTime" : "20150129T203236-0500",
    "endTime" : "20150130T091715-0500",
    "activities" : [ {
      "activity" : "walking",
      "group" : "walking",
      "manual" : false,
      "startTime" : "20150129T203326-0500",
      "endTime" : "20150129T203356-0500",
      "duration" : 30.0,
      "distance" : 15.0,
      "steps" : 30
    }, {
      "activity" : "walking",
      "group" : "walking",
      "manual" : false,
      "startTime" : "20150129T212916-0500",
      "endTime" : "20150129T213046-0500",
      "duration" : 90.0,
      "distance" : 45.0,
      "steps" : 86
    } ],
    "lastUpdate" : "20150130T170701Z"
  } ],
  "lastUpdate" : "20150130T170701Z"
} ]