[ {
  "date" : "20150211",
  "summary" : [ {
    "activity" : "walking",
    "group" : "walking",
    "duration" : 4215.0,
    "distance" : 3774.0,
    "steps" : 4309
  } ],
  "segments" : [ {
    "type" : "place",
    "startTime" : "20150210T142228-0500",
    "endTime" : "20150211T183327-0500",
    "activities" : [ {
      "activity" : "walking",
      "group" : "walking",
      "manual" : false,
      "startTime" : "20150211T045808-0500",
      "endTime" : "20150211T045838-0500",
      "duration" : 30.0,
      "distance" : 15.0,
      "steps" : 30
    }, {
      "activity" : "walking",
      "group" : "walking",
      "manual" : false,
      "startTime" : "20150211T065544-0500",
      "endTime" : "20150211T065555-0500",
      "duration" : 11.0,
      "distance" : 8.0,
      "steps" : 15
    }, {
      "activity" : "walking",
      "group" : "walking",
      "manual" : false,
      "startTime" : "20150211T084757-0500",
      "endTime" : "20150211T084812-0500",
      "duration" : 15.0,
      "distance" : 9.0,
      "steps" : 18
    }, {
      "activity" : "walking",
      "group" : "walking",
      "manual" : false,
      "startTime" : "20150211T092842-0500",
      "endTime" : "20150211T092853-0500",
      "duration" : 11.0,
      "distance" : 9.0,
      "steps" : 18
    }, {
      "activity" : "walking",
      "group" : "walking",
      "manual" : false,
      "startTime" : "20150211T102750-0500",
      "endTime" : "20150211T102807-0500",
      "duration" : 17.0,
      "distance" : 10.0,
      "steps" : 19
    }, {
      "activity" : "walking",
      "group" : "walking",
      "manual" : false,
      "startTime" : "20150211T111145-0500",
      "endTime" : "20150211T111257-0500",
      "duration" : 72.0,
      "distance" : 36.0,
      "steps" : 69
    }, {
      "activity" : "walking",
      "group" : "walking",
      "manual" : false,
      "startTime" : "20150211T124812-0500",
      "endTime" : "20150211T124831-0500",
      "duration" : 19.0,
      "distance" : 13.0,
      "steps" : 25
    }, {
      "activity" : "walking",
      "group" : "walking",
      "manual" : false,
      "startTime" : "20150211T135816-0500",
      "endTime" : "20150211T135823-0500",
      "duration" : 7.0,
      "distance" : 5.0,
      "steps" : 9
    }, {
      "activity" : "walking",
      "group" : "walking",
      "manual" : false,
      "startTime" : "20150211T144028-0500",
      "endTime" : "20150211T144046-0500",
      "duration" : 18.0,
      "distance" : 12.0,
      "steps" : 23
    }, {
      "activity" : "walking",
      "group" : "walking",
      "manual" : false,
      "startTime" : "20150211T153026-0500",
      "endTime" : "20150211T153102-0500",
      "duration" : 36.0,
      "distance" : 19.0,
      "steps" : 38
    }, {
      "activity" : "walking",
      "group" : "walking",
      "manual" : false,
      "startTime" : "20150211T161548-0500",
      "endTime" : "20150211T161557-0500",
      "duration" : 9.0,
      "distance" : 5.0,
      "steps" : 8
    }, {
      "activity" : "walking",
      "group" : "walking",
      "manual" : false,
      "startTime" : "20150211T183323-0500",
      "endTime" : "20150211T190017-0500",
      "duration" : 1614.0,
      "distance" : 1207.0,
      "steps" : 1614
    } ],
    "lastUpdate" : "20150212T015702Z"
  }, {
    "type" : "move",
    "startTime" : "20150211T183327-0500",
    "endTime" : "20150211T184321-0500",
    "activities" : [ {
      "activity" : "walking",
      "group" : "walking",
      "manual" : false,
      "startTime" : "20150211T183327-0500",
      "endTime" : "20150211T184320-0500",
      "duration" : 593.0,
      "distance" : 729.0,
      "steps" : 662
    } ],
    "lastUpdate" : "20150212T015702Z"
  }, {
    "type" : "place",
    "startTime" : "20150211T184321-0500",
    "endTime" : "20150211T190035-0500",
    "activities" : [ {
      "activity" : "walking",
      "group" : "walking",
      "manual" : false,
      "startTime" : "20150211T184653-0500",
      "endTime" : "20150211T184752-0500",
      "duration" : 59.0,
      "distance" : 30.0,
      "steps" : 48
    } ],
    "lastUpdate" : "20150212T015702Z"
  }, {
    "type" : "move",
    "startTime" : "20150211T190035-0500",
    "endTime" : "20150211T190646-0500",
    "activities" : [ {
      "activity" : "walking",
      "group" : "walking",
      "manual" : false,
      "startTime" : "20150211T190035-0500",
      "endTime" : "20150211T190646-0500",
      "duration" : 371.0,
      "distance" : 315.0,
      "steps" : 371
    } ],
    "lastUpdate" : "20150212T015702Z"
  }, {
    "type" : "place",
    "startTime" : "20150211T190646-0500",
    "endTime" : "20150211T204442-0500",
    "activities" : [ {
      "activity" : "walking",
      "group" : "walking",
      "manual" : false,
      "startTime" : "20150211T190809-0500",
      "endTime" : "20150211T190822-0500",
      "duration" : 13.0,
      "distance" : 9.0,
      "steps" : 17
    }, {
      "activity" : "walking",
      "group" : "walking",
      "manual" : false,
      "startTime" : "20150211T204118-0500",
      "endTime" : "20150211T204226-0500",
      "duration" : 68.0,
      "distance" : 36.0,
      "steps" : 72
    } ],
    "lastUpdate" : "20150212T032824Z"
  }, {
    "type" : "move",
    "startTime" : "20150211T204442-0500",
    "endTime" : "20150211T210517-0500",
    "activities" : [ {
      "activity" : "walking",
      "group" : "walking",
      "manual" : false,
      "startTime" : "20150211T204442-0500",
      "endTime" : "20150211T210518-0500",
      "duration" : 1236.0,
      "distance" : 1298.0,
      "steps" : 1236
    } ],
    "lastUpdate" : "20150212T032824Z"
  }, {
    "type" : "place",
    "startTime" : "20150211T210517-0500",
    "endTime" : "20150212T164441-0500",
    "activities" : [ {
      "activity" : "walking",
      "group" : "walking",
      "manual" : false,
      "startTime" : "20150211T210517-0500",
      "endTime" : "20150211T210526-0500",
      "duration" : 9.0,
      "distance" : 4.0,
      "steps" : 8
    }, {
      "activity" : "walking",
      "group" : "walking",
      "manual" : false,
      "startTime" : "20150211T231233-0500",
      "endTime" : "20150211T231240-0500",
      "duration" : 7.0,
      "distance" : 5.0,
      "steps" : 9
    } ],
    "lastUpdate" : "20150213T004210Z"
  } ],
  "lastUpdate" : "20150213T004210Z"
} ]