[ {
  "date" : "20150201",
  "summary" : [ {
    "activity" : "walking",
    "group" : "walking",
    "duration" : 11140.0,
    "distance" : 13088.0,
    "steps" : 18425
  }, {
    "activity" : "cycling",
    "group" : "cycling",
    "duration" : 259.0,
    "distance" : 921.0
  }, {
    "activity" : "transport",
    "group" : "transport",
    "duration" : 1439.0,
    "distance" : 11881.0
  } ],
  "segments" : [ {
    "type" : "move",
    "startTime" : "20150201T101519-0500",
    "endTime" : "20150201T103230-0500",
    "activities" : [ {
      "activity" : "walking",
      "group" : "walking",
      "manual" : false,
      "startTime" : "20150201T101519-0500",
      "endTime" : "20150201T103231-0500",
      "duration" : 1032.0,
      "distance" : 882.0,
      "steps" : 1379
    } ],
    "lastUpdate" : "20150201T172933Z"
  }, {
    "type" : "place",
    "startTime" : "20150201T103230-0500",
    "endTime" : "20150201T122805-0500",
    "activities" : [ {
      "activity" : "walking",
      "group" : "walking",
      "manual" : false,
      "startTime" : "20150201T103450-0500",
      "endTime" : "20150201T103520-0500",
      "duration" : 30.0,
      "distance" : 15.0,
      "steps" : 30
    }, {
      "activity" : "walking",
      "group" : "walking",
      "manual" : false,
      "startTime" : "20150201T121301-0500",
      "endTime" : "20150201T121430-0500",
      "duration" : 89.0,
      "distance" : 50.0,
      "steps" : 100
    } ],
    "lastUpdate" : "20150201T190954Z"
  }, {
    "type" : "move",
    "startTime" : "20150201T122805-0500",
    "endTime" : "20150201T123905-0500",
    "activities" : [ {
      "activity" : "walking",
      "group" : "walking",
      "manual" : false,
      "startTime" : "20150201T122805-0500",
      "endTime" : "20150201T123905-0500",
      "duration" : 660.0,
      "distance" : 851.0,
      "steps" : 1108
    } ],
    "lastUpdate" : "20150201T190954Z"
  }, {
    "type" : "place",
    "startTime" : "20150201T123905-0500",
    "endTime" : "20150201T145436-0500",
    "activities" : [ {
      "activity" : "walking",
      "group" : "walking",
      "manual" : false,
      "startTime" : "20150201T124106-0500",
      "endTime" : "20150201T124136-0500",
      "duration" : 30.0,
      "distance" : 31.0,
      "steps" : 61
    }, {
      "activity" : "walking",
      "group" : "walking",
      "manual" : false,
      "startTime" : "20150201T132211-0500",
      "endTime" : "20150201T132241-0500",
      "duration" : 30.0,
      "distance" : 15.0,
      "steps" : 25
    }, {
      "activity" : "walking",
      "group" : "walking",
      "manual" : false,
      "startTime" : "20150201T145237-0500",
      "endTime" : "20150201T145337-0500",
      "duration" : 60.0,
      "distance" : 61.0,
      "steps" : 121
    } ],
    "lastUpdate" : "20150201T204026Z"
  }, {
    "type" : "move",
    "startTime" : "20150201T145436-0500",
    "endTime" : "20150201T145854-0500",
    "activities" : [ {
      "activity" : "cycling",
      "group" : "cycling",
      "manual" : false,
      "startTime" : "20150201T145436-0500",
      "endTime" : "20150201T145855-0500",
      "duration" : 259.0,
      "distance" : 921.0
    } ],
    "lastUpdate" : "20150201T204026Z"
  }, {
    "type" : "place",
    "startTime" : "20150201T145854-0500",
    "endTime" : "20150201T153816-0500",
    "activities" : [ {
      "activity" : "walking",
      "group" : "walking",
      "manual" : false,
      "startTime" : "20150201T145908-0500",
      "endTime" : "20150201T145938-0500",
      "duration" : 30.0,
      "distance" : 25.0,
      "steps" : 50
    }, {
      "activity" : "walking",
      "group" : "walking",
      "manual" : false,
      "startTime" : "20150201T150208-0500",
      "endTime" : "20150201T150343-0500",
      "duration" : 95.0,
      "distance" : 64.0,
      "steps" : 128
    } ],
    "lastUpdate" : "20150201T221214Z"
  }, {
    "type" : "move",
    "startTime" : "20150201T153816-0500",
    "endTime" : "20150201T154223-0500",
    "activities" : [ {
      "activity" : "transport",
      "group" : "transport",
      "manual" : false,
      "startTime" : "20150201T153816-0500",
      "endTime" : "20150201T154223-0500",
      "duration" : 247.0,
      "distance" : 949.0
    } ],
    "lastUpdate" : "20150201T221214Z"
  }, {
    "type" : "place",
    "startTime" : "20150201T154223-0500",
    "endTime" : "20150201T185238-0500",
    "activities" : [ {
      "activity" : "walking",
      "group" : "walking",
      "manual" : false,
      "startTime" : "20150201T154307-0500",
      "endTime" : "20150201T154337-0500",
      "duration" : 30.0,
      "distance" : 25.0,
      "steps" : 51
    }, {
      "activity" : "walking",
      "group" : "walking",
      "manual" : false,
      "startTime" : "20150201T170301-0500",
      "endTime" : "20150201T171027-0500",
      "duration" : 446.0,
      "distance" : 395.0,
      "steps" : 527
    }, {
      "activity" : "walking",
      "group" : "walking",
      "manual" : false,
      "startTime" : "20150201T182152-0500",
      "endTime" : "20150201T182222-0500",
      "duration" : 30.0,
      "distance" : 15.0,
      "steps" : 30
    } ],
    "lastUpdate" : "20150202T022359Z"
  }, {
    "type" : "move",
    "startTime" : "20150201T185238-0500",
    "endTime" : "20150201T190018-0500",
    "activities" : [ {
      "activity" : "walking",
      "group" : "walking",
      "manual" : false,
      "startTime" : "20150201T185238-0500",
      "endTime" : "20150201T190019-0500",
      "duration" : 461.0,
      "distance" : 501.0,
      "steps" : 765
    } ],
    "lastUpdate" : "20150202T022359Z"
  }, {
    "type" : "move",
    "startTime" : "20150201T190346-0500",
    "endTime" : "20150201T201414-0500",
    "activities" : [ {
      "activity" : "walking",
      "group" : "walking",
      "manual" : false,
      "startTime" : "20150201T190346-0500",
      "endTime" : "20150201T201414-0500",
      "duration" : 4228.0,
      "distance" : 5613.0,
      "steps" : 7502
    } ],
    "lastUpdate" : "20150202T022359Z"
  }, {
    "type" : "move",
    "startTime" : "20150201T202004-0500",
    "endTime" : "20150201T202939-0500",
    "activities" : [ {
      "activity" : "transport",
      "group" : "transport",
      "manual" : false,
      "startTime" : "20150201T202004-0500",
      "endTime" : "20150201T202939-0500",
      "duration" : 575.0,
      "distance" : 5061.0
    } ],
    "lastUpdate" : "20150202T022359Z"
  }, {
    "type" : "place",
    "startTime" : "20150201T202939-0500",
    "endTime" : "20150201T211405-0500",
    "activities" : [ {
      "activity" : "walking",
      "group" : "walking",
      "manual" : false,
      "startTime" : "20150201T203014-0500",
      "endTime" : "20150201T203114-0500",
      "duration" : 60.0,
      "distance" : 40.0,
      "steps" : 81
    }, {
      "activity" : "walking",
      "group" : "walking",
      "manual" : false,
      "startTime" : "20150201T211152-0500",
      "endTime" : "20150201T211243-0500",
      "duration" : 51.0,
      "distance" : 43.0,
      "steps" : 87
    } ],
    "lastUpdate" : "20150202T035244Z"
  }, {
    "type" : "move",
    "startTime" : "20150201T211405-0500",
    "endTime" : "20150201T222120-0500",
    "activities" : [ {
      "activity" : "transport",
      "group" : "transport",
      "manual" : false,
      "startTime" : "20150201T211405-0500",
      "endTime" : "20150201T212422-0500",
      "duration" : 617.0,
      "distance" : 5871.0
    }, {
      "activity" : "walking",
      "group" : "walking",
      "manual" : false,
      "startTime" : "20150201T212422-0500",
      "endTime" : "20150201T222120-0500",
      "duration" : 3418.0,
      "distance" : 3913.0,
      "steps" : 5717
    } ],
    "lastUpdate" : "20150202T035244Z"
  }, {
    "type" : "move",
    "startTime" : "20150201T223738-0500",
    "endTime" : "20150201T224338-0500",
    "activities" : [ {
      "activity" : "walking",
      "group" : "walking",
      "manual" : false,
      "startTime" : "20150201T223738-0500",
      "endTime" : "20150201T224338-0500",
      "duration" : 360.0,
      "distance" : 549.0,
      "steps" : 663
    } ],
    "lastUpdate" : "20150202T065248Z"
  } ],
  "lastUpdate" : "20150202T105307Z"
} ]