[ {
  "date" : "20150214",
  "summary" : [ {
    "activity" : "walking",
    "group" : "walking",
    "duration" : 5048.0,
    "distance" : 4948.0,
    "steps" : 7022
  }, {
    "activity" : "cycling",
    "group" : "cycling",
    "duration" : 353.0,
    "distance" : 1889.0
  } ],
  "segments" : [ {
    "type" : "place",
    "startTime" : "20150213T125655-0500",
    "endTime" : "20150214T073430-0500",
    "activities" : [ {
      "activity" : "walking",
      "group" : "walking",
      "manual" : false,
      "startTime" : "20150214T072549-0500",
      "endTime" : "20150214T072853-0500",
      "duration" : 184.0,
      "distance" : 138.0,
      "steps" : 166
    } ],
    "lastUpdate" : "20150214T141828Z"
  }, {
    "type" : "move",
    "startTime" : "20150214T073430-0500",
    "endTime" : "20150214T073714-0500",
    "activities" : [ {
      "activity" : "cycling",
      "group" : "cycling",
      "manual" : false,
      "startTime" : "20150214T073430-0500",
      "endTime" : "20150214T073714-0500",
      "duration" : 164.0,
      "distance" : 945.0
    } ],
    "lastUpdate" : "20150214T141828Z"
  }, {
    "type" : "place",
    "startTime" : "20150214T073714-0500",
    "endTime" : "20150214T075423-0500",
    "activities" : [ {
      "activity" : "walking",
      "group" : "walking",
      "manual" : false,
      "startTime" : "20150214T073758-0500",
      "endTime" : "20150214T074245-0500",
      "duration" : 287.0,
      "distance" : 269.0,
      "steps" : 359
    } ],
    "lastUpdate" : "20150214T141828Z"
  }, {
    "type" : "move",
    "startTime" : "20150214T075423-0500",
    "endTime" : "20150214T075733-0500",
    "activities" : [ {
      "activity" : "cycling",
      "group" : "cycling",
      "manual" : false,
      "startTime" : "20150214T075423-0500",
      "endTime" : "20150214T075732-0500",
      "duration" : 189.0,
      "distance" : 944.0
    } ],
    "lastUpdate" : "20150214T141828Z"
  }, {
    "type" : "place",
    "startTime" : "20150214T075733-0500",
    "endTime" : "20150214T161341-0500",
    "activities" : [ {
      "activity" : "walking",
      "group" : "walking",
      "manual" : false,
      "startTime" : "20150214T075804-0500",
      "endTime" : "20150214T075859-0500",
      "duration" : 55.0,
      "distance" : 27.0,
      "steps" : 46
    }, {
      "activity" : "walking",
      "group" : "walking",
      "manual" : false,
      "startTime" : "20150214T080038-0500",
      "endTime" : "20150214T080208-0500",
      "duration" : 90.0,
      "distance" : 46.0,
      "steps" : 91
    }, {
      "activity" : "walking",
      "group" : "walking",
      "manual" : false,
      "startTime" : "20150214T103158-0500",
      "endTime" : "20150214T105148-0500",
      "duration" : 1190.0,
      "distance" : 1471.0,
      "steps" : 1961
    }, {
      "activity" : "walking",
      "group" : "walking",
      "manual" : false,
      "startTime" : "20150214T114102-0500",
      "endTime" : "20150214T114210-0500",
      "duration" : 68.0,
      "distance" : 34.0,
      "steps" : 53
    }, {
      "activity" : "walking",
      "group" : "walking",
      "manual" : false,
      "startTime" : "20150214T120051-0500",
      "endTime" : "20150214T120153-0500",
      "duration" : 62.0,
      "distance" : 42.0,
      "steps" : 84
    }, {
      "activity" : "walking",
      "group" : "walking",
      "manual" : false,
      "startTime" : "20150214T145253-0500",
      "endTime" : "20150214T145323-0500",
      "duration" : 30.0,
      "distance" : 15.0,
      "steps" : 30
    } ],
    "lastUpdate" : "20150214T230811Z"
  }, {
    "type" : "move",
    "startTime" : "20150214T161341-0500",
    "endTime" : "20150214T162719-0500",
    "activities" : [ {
      "activity" : "walking",
      "group" : "walking",
      "manual" : false,
      "startTime" : "20150214T161341-0500",
      "endTime" : "20150214T162719-0500",
      "duration" : 818.0,
      "distance" : 856.0,
      "steps" : 1197
    } ],
    "lastUpdate" : "20150214T230811Z"
  }, {
    "type" : "place",
    "startTime" : "20150214T162719-0500",
    "endTime" : "20150214T165057-0500",
    "activities" : [ {
      "activity" : "walking",
      "group" : "walking",
      "manual" : false,
      "startTime" : "20150214T164751-0500",
      "endTime" : "20150214T164821-0500",
      "duration" : 30.0,
      "distance" : 31.0,
      "steps" : 61
    } ],
    "lastUpdate" : "20150214T230811Z"
  }, {
    "type" : "move",
    "startTime" : "20150214T165057-0500",
    "endTime" : "20150214T170147-0500",
    "activities" : [ {
      "activity" : "walking",
      "group" : "walking",
      "manual" : false,
      "startTime" : "20150214T165057-0500",
      "endTime" : "20150214T170147-0500",
      "duration" : 650.0,
      "distance" : 574.0,
      "steps" : 938
    } ],
    "lastUpdate" : "20150214T230811Z"
  }, {
    "type" : "place",
    "startTime" : "20150214T170147-0500",
    "endTime" : "20150214T173832-0500",
    "activities" : [ {
      "activity" : "walking",
      "group" : "walking",
      "manual" : false,
      "startTime" : "20150214T172556-0500",
      "endTime" : "20150214T173355-0500",
      "duration" : 479.0,
      "distance" : 359.0,
      "steps" : 422
    } ],
    "lastUpdate" : "20150215T005608Z"
  }, {
    "type" : "move",
    "startTime" : "20150214T173832-0500",
    "endTime" : "20150214T174405-0500",
    "activities" : [ {
      "activity" : "walking",
      "group" : "walking",
      "manual" : false,
      "startTime" : "20150214T173832-0500",
      "endTime" : "20150214T174405-0500",
      "duration" : 333.0,
      "distance" : 274.0,
      "steps" : 449
    } ],
    "lastUpdate" : "20150215T005608Z"
  }, {
    "type" : "place",
    "startTime" : "20150214T174405-0500",
    "endTime" : "20150214T180245-0500",
    "activities" : [ {
      "activity" : "walking",
      "group" : "walking",
      "manual" : false,
      "startTime" : "20150214T174958-0500",
      "endTime" : "20150214T175028-0500",
      "duration" : 30.0,
      "distance" : 20.0,
      "steps" : 41
    }, {
      "activity" : "walking",
      "group" : "walking",
      "manual" : false,
      "startTime" : "20150214T180244-0500",
      "endTime" : "20150214T180321-0500",
      "duration" : 37.0,
      "distance" : 19.0,
      "steps" : 37
    } ],
    "lastUpdate" : "20150215T005608Z"
  }, {
    "type" : "move",
    "startTime" : "20150214T180245-0500",
    "endTime" : "20150214T180829-0500",
    "activities" : [ {
      "activity" : "walking",
      "group" : "walking",
      "manual" : false,
      "startTime" : "20150214T180245-0500",
      "endTime" : "20150214T180830-0500",
      "duration" : 345.0,
      "distance" : 495.0,
      "steps" : 636
    } ],
    "lastUpdate" : "20150215T005608Z"
  }, {
    "type" : "place",
    "startTime" : "20150214T180829-0500",
    "endTime" : "20150215T182006-0500",
    "activities" : [ {
      "activity" : "walking",
      "group" : "walking",
      "manual" : false,
      "startTime" : "20150214T181320-0500",
      "endTime" : "20150214T181620-0500",
      "duration" : 180.0,
      "distance" : 159.0,
      "steps" : 212
    }, {
      "activity" : "walking",
      "group" : "walking",
      "manual" : false,
      "startTime" : "20150214T190303-0500",
      "endTime" : "20150214T190403-0500",
      "duration" : 60.0,
      "distance" : 33.0,
      "steps" : 66
    }, {
      "activity" : "walking",
      "group" : "walking",
      "manual" : false,
      "startTime" : "20150214T223758-0500",
      "endTime" : "20150214T223828-0500",
      "duration" : 30.0,
      "distance" : 20.0,
      "steps" : 41
    }, {
      "activity" : "walking",
      "group" : "walking",
      "manual" : false,
      "startTime" : "20150214T230010-0500",
      "endTime" : "20150214T230140-0500",
      "duration" : 90.0,
      "distance" : 66.0,
      "steps" : 132
    } ],
    "lastUpdate" : "20150216T011132Z"
  } ],
  "lastUpdate" : "20150216T011132Z"
} ]