[ {
  "date" : "20150127",
  "summary" : [ {
    "activity" : "running",
    "group" : "running",
    "duration" : 260.0,
    "distance" : 676.0,
    "steps" : 634
  }, {
    "activity" : "walking",
    "group" : "walking",
    "duration" : 1292.0,
    "distance" : 1133.0,
    "steps" : 1666
  }, {
    "activity" : "cycling",
    "group" : "cycling",
    "duration" : 3303.0,
    "distance" : 15305.0
  } ],
  "segments" : [ {
    "type" : "move",
    "startTime" : "20150127T062233-0500",
    "endTime" : "20150127T062654-0500",
    "activities" : [ {
      "activity" : "running",
      "group" : "running",
      "manual" : false,
      "startTime" : "20150127T062233-0500",
      "endTime" : "20150127T062653-0500",
      "duration" : 260.0,
      "distance" : 676.0,
      "steps" : 634
    } ],
    "lastUpdate" : "20150127T125931Z"
  }, {
    "type" : "place",
    "startTime" : "20150127T062654-0500",
    "endTime" : "20150127T080939-0500",
    "activities" : [ {
      "activity" : "walking",
      "group" : "walking",
      "manual" : false,
      "startTime" : "20150127T062700-0500",
      "endTime" : "20150127T062717-0500",
      "duration" : 17.0,
      "distance" : 10.0,
      "steps" : 19
    }, {
      "activity" : "walking",
      "group" : "walking",
      "manual" : false,
      "startTime" : "20150127T075930-0500",
      "endTime" : "20150127T075936-0500",
      "duration" : 6.0,
      "distance" : 3.0,
      "steps" : 6
    }, {
      "activity" : "walking",
      "group" : "walking",
      "manual" : false,
      "startTime" : "20150127T080012-0500",
      "endTime" : "20150127T080258-0500",
      "duration" : 166.0,
      "distance" : 169.0,
      "steps" : 226
    } ],
    "lastUpdate" : "20150127T144807Z"
  }, {
    "type" : "move",
    "startTime" : "20150127T080939-0500",
    "endTime" : "20150127T082101-0500",
    "activities" : [ {
      "activity" : "cycling",
      "group" : "cycling",
      "manual" : false,
      "startTime" : "20150127T080939-0500",
      "endTime" : "20150127T082101-0500",
      "duration" : 682.0,
      "distance" : 2952.0
    } ],
    "lastUpdate" : "20150127T144807Z"
  }, {
    "type" : "place",
    "startTime" : "20150127T082101-0500",
    "endTime" : "20150127T091147-0500",
    "activities" : [ {
      "activity" : "walking",
      "group" : "walking",
      "manual" : false,
      "startTime" : "20150127T082447-0500",
      "endTime" : "20150127T082517-0500",
      "duration" : 30.0,
      "distance" : 15.0,
      "steps" : 31
    }, {
      "activity" : "walking",
      "group" : "walking",
      "manual" : false,
      "startTime" : "20150127T090723-0500",
      "endTime" : "20150127T090756-0500",
      "duration" : 33.0,
      "distance" : 19.0,
      "steps" : 37
    } ],
    "lastUpdate" : "20150127T161906Z"
  }, {
    "type" : "move",
    "startTime" : "20150127T091147-0500",
    "endTime" : "20150127T092929-0500",
    "activities" : [ {
      "activity" : "cycling",
      "group" : "cycling",
      "manual" : false,
      "startTime" : "20150127T091147-0500",
      "endTime" : "20150127T092929-0500",
      "duration" : 1062.0,
      "distance" : 5600.0
    } ],
    "lastUpdate" : "20150127T161906Z"
  }, {
    "type" : "place",
    "startTime" : "20150127T092929-0500",
    "endTime" : "20150127T114220-0500",
    "activities" : [ {
      "activity" : "walking",
      "group" : "walking",
      "manual" : false,
      "startTime" : "20150127T092946-0500",
      "endTime" : "20150127T093250-0500",
      "duration" : 184.0,
      "distance" : 138.0,
      "steps" : 175
    }, {
      "activity" : "walking",
      "group" : "walking",
      "manual" : false,
      "startTime" : "20150127T105219-0500",
      "endTime" : "20150127T105319-0500",
      "duration" : 60.0,
      "distance" : 50.0,
      "steps" : 101
    }, {
      "activity" : "walking",
      "group" : "walking",
      "manual" : false,
      "startTime" : "20150127T113209-0500",
      "endTime" : "20150127T113440-0500",
      "duration" : 151.0,
      "distance" : 153.0,
      "steps" : 204
    } ],
    "lastUpdate" : "20150127T222346Z"
  }, {
    "type" : "move",
    "startTime" : "20150127T114220-0500",
    "endTime" : "20150127T115233-0500",
    "activities" : [ {
      "activity" : "cycling",
      "group" : "cycling",
      "manual" : false,
      "startTime" : "20150127T114220-0500",
      "endTime" : "20150127T115233-0500",
      "duration" : 613.0,
      "distance" : 1952.0
    } ],
    "lastUpdate" : "20150127T222346Z"
  }, {
    "type" : "move",
    "startTime" : "20150127T115628-0500",
    "endTime" : "20150127T121214-0500",
    "activities" : [ {
      "activity" : "cycling",
      "group" : "cycling",
      "manual" : false,
      "startTime" : "20150127T115628-0500",
      "endTime" : "20150127T121214-0500",
      "duration" : 946.0,
      "distance" : 4801.0
    } ],
    "lastUpdate" : "20150127T222346Z"
  }, {
    "type" : "place",
    "startTime" : "20150127T121214-0500",
    "endTime" : "20150128T193330-0500",
    "activities" : [ {
      "activity" : "walking",
      "group" : "walking",
      "manual" : false,
      "startTime" : "20150127T121340-0500",
      "endTime" : "20150127T121454-0500",
      "duration" : 74.0,
      "distance" : 52.0,
      "steps" : 105
    }, {
      "activity" : "walking",
      "group" : "walking",
      "manual" : false,
      "startTime" : "20150127T132649-0500",
      "endTime" : "20150127T133019-0500",
      "duration" : 210.0,
      "distance" : 235.0,
      "steps" : 314
    }, {
      "activity" : "walking",
      "group" : "walking",
      "manual" : false,
      "startTime" : "20150127T143703-0500",
      "endTime" : "20150127T143803-0500",
      "duration" : 60.0,
      "distance" : 30.0,
      "steps" : 61
    }, {
      "activity" : "walking",
      "group" : "walking",
      "manual" : false,
      "startTime" : "20150127T154250-0500",
      "endTime" : "20150127T154320-0500",
      "duration" : 30.0,
      "distance" : 20.0,
      "steps" : 40
    }, {
      "activity" : "walking",
      "group" : "walking",
      "manual" : false,
      "startTime" : "20150127T163053-0500",
      "endTime" : "20150127T163154-0500",
      "duration" : 61.0,
      "distance" : 41.0,
      "steps" : 83
    }, {
      "activity" : "walking",
      "group" : "walking",
      "manual" : false,
      "startTime" : "20150127T181601-0500",
      "endTime" : "20150127T181931-0500",
      "duration" : 210.0,
      "distance" : 198.0,
      "steps" : 264
    } ],
    "lastUpdate" : "20150129T021540Z"
  } ],
  "lastUpdate" : "20150129T021540Z"
} ]