[ {
  "date" : "20150219",
  "summary" : [ {
    "activity" : "walking",
    "group" : "walking",
    "duration" : 1713.0,
    "distance" : 1574.0,
    "steps" : 2233
  }, {
    "activity" : "transport",
    "group" : "transport",
    "duration" : 13002.0,
    "distance" : 267204.0
  }, {
    "activity" : "cycling",
    "group" : "cycling",
    "duration" : 1235.0,
    "distance" : 7392.0
  } ],
  "segments" : [ {
    "type" : "place",
    "startTime" : "20150218T213934-0500",
    "endTime" : "20150219T092240-0500",
    "activities" : [ {
      "activity" : "walking",
      "group" : "walking",
      "manual" : false,
      "startTime" : "20150219T090106-0500",
      "endTime" : "20150219T090403-0500",
      "duration" : 177.0,
      "distance" : 201.0,
      "steps" : 268
    } ],
    "lastUpdate" : "20150219T170916Z"
  }, {
    "type" : "move",
    "startTime" : "20150219T092240-0500",
    "endTime" : "20150219T110318-0500",
    "activities" : [ {
      "activity" : "transport",
      "group" : "transport",
      "manual" : false,
      "startTime" : "20150219T092240-0500",
      "endTime" : "20150219T110319-0500",
      "duration" : 6039.0,
      "distance" : 140568.0
    } ],
    "lastUpdate" : "20150219T170916Z"
  }, {
    "type" : "place",
    "startTime" : "20150219T110318-0500",
    "endTime" : "20150219T125132-0500",
    "activities" : [ {
      "activity" : "walking",
      "group" : "walking",
      "manual" : false,
      "startTime" : "20150219T111105-0500",
      "endTime" : "20150219T111135-0500",
      "duration" : 30.0,
      "distance" : 25.0,
      "steps" : 51
    }, {
      "activity" : "walking",
      "group" : "walking",
      "manual" : false,
      "startTime" : "20150219T120600-0500",
      "endTime" : "20150219T121121-0500",
      "duration" : 321.0,
      "distance" : 241.0,
      "steps" : 286
    } ],
    "lastUpdate" : "20150219T214232Z"
  }, {
    "type" : "move",
    "startTime" : "20150219T125132-0500",
    "endTime" : "20150219T130424-0500",
    "activities" : [ {
      "activity" : "transport",
      "group" : "transport",
      "manual" : false,
      "startTime" : "20150219T125132-0500",
      "endTime" : "20150219T130425-0500",
      "duration" : 773.0,
      "distance" : 6048.0
    } ],
    "lastUpdate" : "20150219T214232Z"
  }, {
    "type" : "place",
    "startTime" : "20150219T130424-0500",
    "endTime" : "20150219T134412-0500",
    "activities" : [ {
      "activity" : "walking",
      "group" : "walking",
      "manual" : false,
      "startTime" : "20150219T130530-0500",
      "endTime" : "20150219T130700-0500",
      "duration" : 90.0,
      "distance" : 66.0,
      "steps" : 132
    } ],
    "lastUpdate" : "20150219T214232Z"
  }, {
    "type" : "move",
    "startTime" : "20150219T134412-0500",
    "endTime" : "20150219T152609-0500",
    "activities" : [ {
      "activity" : "transport",
      "group" : "transport",
      "manual" : false,
      "startTime" : "20150219T134412-0500",
      "endTime" : "20150219T152609-0500",
      "duration" : 6117.0,
      "distance" : 120068.0
    } ],
    "lastUpdate" : "20150219T214232Z"
  }, {
    "type" : "place",
    "startTime" : "20150219T152609-0500",
    "endTime" : "20150219T174713-0500",
    "activities" : [ {
      "activity" : "walking",
      "group" : "walking",
      "manual" : false,
      "startTime" : "20150219T152609-0500",
      "endTime" : "20150219T152733-0500",
      "duration" : 84.0,
      "distance" : 57.0,
      "steps" : 114
    }, {
      "activity" : "walking",
      "group" : "walking",
      "manual" : false,
      "startTime" : "20150219T172610-0500",
      "endTime" : "20150219T173043-0500",
      "duration" : 273.0,
      "distance" : 233.0,
      "steps" : 311
    } ],
    "lastUpdate" : "20150220T004453Z"
  }, {
    "type" : "move",
    "startTime" : "20150219T174713-0500",
    "endTime" : "20150219T175552-0500",
    "activities" : [ {
      "activity" : "cycling",
      "group" : "cycling",
      "manual" : false,
      "startTime" : "20150219T174713-0500",
      "endTime" : "20150219T175552-0500",
      "duration" : 519.0,
      "distance" : 3199.0
    } ],
    "lastUpdate" : "20150220T004453Z"
  }, {
    "type" : "place",
    "startTime" : "20150219T175552-0500",
    "endTime" : "20150219T201216-0500",
    "activities" : [ {
      "activity" : "walking",
      "group" : "walking",
      "manual" : false,
      "startTime" : "20150219T175635-0500",
      "endTime" : "20150219T175904-0500",
      "duration" : 149.0,
      "distance" : 144.0,
      "steps" : 191
    }, {
      "activity" : "walking",
      "group" : "walking",
      "manual" : false,
      "startTime" : "20150219T200622-0500",
      "endTime" : "20150219T201126-0500",
      "duration" : 304.0,
      "distance" : 303.0,
      "steps" : 405
    } ],
    "lastUpdate" : "20150220T021518Z"
  }, {
    "type" : "move",
    "startTime" : "20150219T201216-0500",
    "endTime" : "20150219T202413-0500",
    "activities" : [ {
      "activity" : "cycling",
      "group" : "cycling",
      "manual" : false,
      "startTime" : "20150219T201216-0500",
      "endTime" : "20150219T202412-0500",
      "duration" : 716.0,
      "distance" : 4193.0
    } ],
    "lastUpdate" : "20150220T021518Z"
  }, {
    "type" : "place",
    "startTime" : "20150219T202413-0500",
    "endTime" : "20150219T213224-0500",
    "activities" : [ {
      "activity" : "walking",
      "group" : "walking",
      "manual" : false,
      "startTime" : "20150219T202601-0500",
      "endTime" : "20150219T202701-0500",
      "duration" : 60.0,
      "distance" : 40.0,
      "steps" : 81
    }, {
      "activity" : "walking",
      "group" : "walking",
      "manual" : false,
      "startTime" : "20150219T213210-0500",
      "endTime" : "20150219T213425-0500",
      "duration" : 135.0,
      "distance" : 204.0,
      "steps" : 272
    } ],
    "lastUpdate" : "20150220T034614Z"
  }, {
    "type" : "move",
    "startTime" : "20150219T213224-0500",
    "endTime" : "20150219T213336-0500",
    "activities" : [ {
      "activity" : "transport",
      "group" : "transport",
      "manual" : false,
      "startTime" : "20150219T213224-0500",
      "endTime" : "20150219T213337-0500",
      "duration" : 73.0,
      "distance" : 520.0
    } ],
    "lastUpdate" : "20150220T034614Z"
  }, {
    "type" : "place",
    "startTime" : "20150219T213336-0500",
    "endTime" : "20150220T083153-0500",
    "activities" : [ {
      "activity" : "walking",
      "group" : "walking",
      "manual" : false,
      "startTime" : "20150219T214209-0500",
      "endTime" : "20150219T214309-0500",
      "duration" : 60.0,
      "distance" : 35.0,
      "steps" : 71
    }, {
      "activity" : "walking",
      "group" : "walking",
      "manual" : false,
      "startTime" : "20150219T222246-0500",
      "endTime" : "20150219T222316-0500",
      "duration" : 30.0,
      "distance" : 25.0,
      "steps" : 51
    } ],
    "lastUpdate" : "20150220T133156Z"
  } ],
  "lastUpdate" : "20150220T133156Z"
} ]