[ {
  "date" : "20150213",
  "summary" : [ {
    "activity" : "walking",
    "group" : "walking",
    "duration" : 2247.0,
    "distance" : 2025.0,
    "steps" : 2945
  }, {
    "activity" : "cycling",
    "group" : "cycling",
    "duration" : 1981.0,
    "distance" : 8721.0
  } ],
  "segments" : [ {
    "type" : "place",
    "startTime" : "20150212T202922-0500",
    "endTime" : "20150213T072735-0500",
    "activities" : [ {
      "activity" : "walking",
      "group" : "walking",
      "manual" : false,
      "startTime" : "20150213T053301-0500",
      "endTime" : "20150213T053335-0500",
      "duration" : 34.0,
      "distance" : 17.0,
      "steps" : 25
    }, {
      "activity" : "walking",
      "group" : "walking",
      "manual" : false,
      "startTime" : "20150213T071029-0500",
      "endTime" : "20150213T071356-0500",
      "duration" : 207.0,
      "distance" : 194.0,
      "steps" : 259
    } ],
    "lastUpdate" : "20150213T140235Z"
  }, {
    "type" : "move",
    "startTime" : "20150213T072735-0500",
    "endTime" : "20150213T074328-0500",
    "activities" : [ {
      "activity" : "cycling",
      "group" : "cycling",
      "manual" : false,
      "startTime" : "20150213T072735-0500",
      "endTime" : "20150213T074328-0500",
      "duration" : 953.0,
      "distance" : 4010.0
    } ],
    "lastUpdate" : "20150213T140235Z"
  }, {
    "type" : "place",
    "startTime" : "20150213T074329-0500",
    "endTime" : "20150213T092443-0500",
    "activities" : [ {
      "activity" : "walking",
      "group" : "walking",
      "manual" : false,
      "startTime" : "20150213T074542-0500",
      "endTime" : "20150213T074626-0500",
      "duration" : 44.0,
      "distance" : 28.0,
      "steps" : 55
    }, {
      "activity" : "walking",
      "group" : "walking",
      "manual" : false,
      "startTime" : "20150213T080232-0500",
      "endTime" : "20150213T080450-0500",
      "duration" : 138.0,
      "distance" : 149.0,
      "steps" : 199
    }, {
      "activity" : "walking",
      "group" : "walking",
      "manual" : false,
      "startTime" : "20150213T090421-0500",
      "endTime" : "20150213T090911-0500",
      "duration" : 290.0,
      "distance" : 346.0,
      "steps" : 462
    } ],
    "lastUpdate" : "20150213T153345Z"
  }, {
    "type" : "move",
    "startTime" : "20150213T092443-0500",
    "endTime" : "20150213T092725-0500",
    "activities" : [ {
      "activity" : "cycling",
      "group" : "cycling",
      "manual" : false,
      "startTime" : "20150213T092443-0500",
      "endTime" : "20150213T092725-0500",
      "duration" : 162.0,
      "distance" : 968.0
    } ],
    "lastUpdate" : "20150213T153345Z"
  }, {
    "type" : "place",
    "startTime" : "20150213T092725-0500",
    "endTime" : "20150213T124228-0500",
    "activities" : [ {
      "activity" : "walking",
      "group" : "walking",
      "manual" : false,
      "startTime" : "20150213T092746-0500",
      "endTime" : "20150213T093015-0500",
      "duration" : 149.0,
      "distance" : 137.0,
      "steps" : 183
    }, {
      "activity" : "walking",
      "group" : "walking",
      "manual" : false,
      "startTime" : "20150213T102849-0500",
      "endTime" : "20150213T102919-0500",
      "duration" : 30.0,
      "distance" : 15.0,
      "steps" : 25
    }, {
      "activity" : "walking",
      "group" : "walking",
      "manual" : false,
      "startTime" : "20150213T123730-0500",
      "endTime" : "20150213T123851-0500",
      "duration" : 81.0,
      "distance" : 63.0,
      "steps" : 126
    } ],
    "lastUpdate" : "20150213T183537Z"
  }, {
    "type" : "move",
    "startTime" : "20150213T124228-0500",
    "endTime" : "20150213T125655-0500",
    "activities" : [ {
      "activity" : "cycling",
      "group" : "cycling",
      "manual" : false,
      "startTime" : "20150213T124228-0500",
      "endTime" : "20150213T125654-0500",
      "duration" : 866.0,
      "distance" : 3743.0
    } ],
    "lastUpdate" : "20150213T183537Z"
  }, {
    "type" : "place",
    "startTime" : "20150213T125655-0500",
    "endTime" : "20150214T073430-0500",
    "activities" : [ {
      "activity" : "walking",
      "group" : "walking",
      "manual" : false,
      "startTime" : "20150213T125758-0500",
      "endTime" : "20150213T125903-0500",
      "duration" : 65.0,
      "distance" : 55.0,
      "steps" : 110
    }, {
      "activity" : "walking",
      "group" : "walking",
      "manual" : false,
      "startTime" : "20150213T135518-0500",
      "endTime" : "20150213T135625-0500",
      "duration" : 67.0,
      "distance" : 39.0,
      "steps" : 78
    }, {
      "activity" : "walking",
      "group" : "walking",
      "manual" : false,
      "startTime" : "20150213T140155-0500",
      "endTime" : "20150213T141118-0500",
      "duration" : 563.0,
      "distance" : 486.0,
      "steps" : 648
    }, {
      "activity" : "walking",
      "group" : "walking",
      "manual" : false,
      "startTime" : "20150213T161150-0500",
      "endTime" : "20150213T161250-0500",
      "duration" : 60.0,
      "distance" : 56.0,
      "steps" : 111
    }, {
      "activity" : "walking",
      "group" : "walking",
      "manual" : false,
      "startTime" : "20150213T172753-0500",
      "endTime" : "20150213T172953-0500",
      "duration" : 120.0,
      "distance" : 60.0,
      "steps" : 107
    }, {
      "activity" : "walking",
      "group" : "walking",
      "manual" : false,
      "startTime" : "20150213T182739-0500",
      "endTime" : "20150213T183018-0500",
      "duration" : 159.0,
      "distance" : 156.0,
      "steps" : 208
    }, {
      "activity" : "walking",
      "group" : "walking",
      "manual" : false,
      "startTime" : "20150213T204553-0500",
      "endTime" : "20150213T204823-0500",
      "duration" : 150.0,
      "distance" : 148.0,
      "steps" : 197
    }, {
      "activity" : "walking",
      "group" : "walking",
      "manual" : false,
      "startTime" : "20150213T210528-0500",
      "endTime" : "20150213T210658-0500",
      "duration" : 90.0,
      "distance" : 76.0,
      "steps" : 152
    } ],
    "lastUpdate" : "20150214T141828Z"
  } ],
  "lastUpdate" : "20150214T141828Z"
} ]