[ {
  "date" : "20150212",
  "summary" : [ {
    "activity" : "walking",
    "group" : "walking",
    "duration" : 725.0,
    "distance" : 496.0,
    "steps" : 792
  }, {
    "activity" : "cycling",
    "group" : "cycling",
    "duration" : 1266.0,
    "distance" : 7528.0
  }, {
    "activity" : "transport",
    "group" : "transport",
    "duration" : 129.0,
    "distance" : 971.0
  } ],
  "segments" : [ {
    "type" : "place",
    "startTime" : "20150211T210517-0500",
    "endTime" : "20150212T164441-0500",
    "activities" : [ {
      "activity" : "walking",
      "group" : "walking",
      "manual" : false,
      "startTime" : "20150212T052752-0500",
      "endTime" : "20150212T052814-0500",
      "duration" : 22.0,
      "distance" : 16.0,
      "steps" : 33
    }, {
      "activity" : "walking",
      "group" : "walking",
      "manual" : false,
      "startTime" : "20150212T060121-0500",
      "endTime" : "20150212T060137-0500",
      "duration" : 16.0,
      "distance" : 8.0,
      "steps" : 14
    }, {
      "activity" : "walking",
      "group" : "walking",
      "manual" : false,
      "startTime" : "20150212T072048-0500",
      "endTime" : "20150212T072151-0500",
      "duration" : 63.0,
      "distance" : 36.0,
      "steps" : 73
    }, {
      "activity" : "walking",
      "group" : "walking",
      "manual" : false,
      "startTime" : "20150212T080426-0500",
      "endTime" : "20150212T080444-0500",
      "duration" : 18.0,
      "distance" : 11.0,
      "steps" : 22
    }, {
      "activity" : "walking",
      "group" : "walking",
      "manual" : false,
      "startTime" : "20150212T150753-0500",
      "endTime" : "20150212T151121-0500",
      "duration" : 208.0,
      "distance" : 196.0,
      "steps" : 261
    }, {
      "activity" : "walking",
      "group" : "walking",
      "manual" : false,
      "startTime" : "20150212T160334-0500",
      "endTime" : "20150212T160434-0500",
      "duration" : 60.0,
      "distance" : 30.0,
      "steps" : 51
    } ],
    "lastUpdate" : "20150213T004210Z"
  }, {
    "type" : "move",
    "startTime" : "20150212T164441-0500",
    "endTime" : "20150212T165743-0500",
    "activities" : [ {
      "activity" : "cycling",
      "group" : "cycling",
      "manual" : false,
      "startTime" : "20150212T164441-0500",
      "endTime" : "20150212T165454-0500",
      "duration" : 613.0,
      "distance" : 4059.0
    }, {
      "activity" : "walking",
      "group" : "walking",
      "manual" : false,
      "startTime" : "20150212T165454-0500",
      "endTime" : "20150212T165743-0500",
      "duration" : 169.0,
      "distance" : 85.0,
      "steps" : 113
    } ],
    "lastUpdate" : "20150213T004210Z"
  }, {
    "type" : "place",
    "startTime" : "20150212T165743-0500",
    "endTime" : "20150212T180022-0500",
    "activities" : [ {
      "activity" : "walking",
      "group" : "walking",
      "manual" : false,
      "startTime" : "20150212T175757-0500",
      "endTime" : "20150212T175827-0500",
      "duration" : 30.0,
      "distance" : 20.0,
      "steps" : 40
    } ],
    "lastUpdate" : "20150213T004210Z"
  }, {
    "type" : "move",
    "startTime" : "20150212T180022-0500",
    "endTime" : "20150212T180231-0500",
    "activities" : [ {
      "activity" : "transport",
      "group" : "transport",
      "manual" : false,
      "startTime" : "20150212T180022-0500",
      "endTime" : "20150212T180231-0500",
      "duration" : 129.0,
      "distance" : 971.0
    } ],
    "lastUpdate" : "20150213T004210Z"
  }, {
    "type" : "place",
    "startTime" : "20150212T180231-0500",
    "endTime" : "20150212T201828-0500",
    "activities" : [ {
      "activity" : "walking",
      "group" : "walking",
      "manual" : false,
      "startTime" : "20150212T180252-0500",
      "endTime" : "20150212T180306-0500",
      "duration" : 14.0,
      "distance" : 10.0,
      "steps" : 19
    }, {
      "activity" : "walking",
      "group" : "walking",
      "manual" : false,
      "startTime" : "20150212T193012-0500",
      "endTime" : "20150212T193034-0500",
      "duration" : 22.0,
      "distance" : 14.0,
      "steps" : 27
    }, {
      "activity" : "walking",
      "group" : "walking",
      "manual" : false,
      "startTime" : "20150212T201245-0500",
      "endTime" : "20150212T201338-0500",
      "duration" : 53.0,
      "distance" : 34.0,
      "steps" : 68
    } ],
    "lastUpdate" : "20150213T021257Z"
  }, {
    "type" : "move",
    "startTime" : "20150212T201828-0500",
    "endTime" : "20150212T202922-0500",
    "activities" : [ {
      "activity" : "cycling",
      "group" : "cycling",
      "manual" : false,
      "startTime" : "20150212T201828-0500",
      "endTime" : "20150212T202921-0500",
      "duration" : 653.0,
      "distance" : 3469.0
    } ],
    "lastUpdate" : "20150213T021257Z"
  }, {
    "type" : "place",
    "startTime" : "20150212T202922-0500",
    "endTime" : "20150213T072735-0500",
    "activities" : [ {
      "activity" : "walking",
      "group" : "walking",
      "manual" : false,
      "startTime" : "20150212T203033-0500",
      "endTime" : "20150212T203103-0500",
      "duration" : 30.0,
      "distance" : 25.0,
      "steps" : 50
    }, {
      "activity" : "walking",
      "group" : "walking",
      "manual" : false,
      "startTime" : "20150212T210955-0500",
      "endTime" : "20150212T211009-0500",
      "duration" : 14.0,
      "distance" : 7.0,
      "steps" : 14
    }, {
      "activity" : "walking",
      "group" : "walking",
      "manual" : false,
      "startTime" : "20150212T220000-0500",
      "endTime" : "20150212T220006-0500",
      "duration" : 6.0,
      "distance" : 4.0,
      "steps" : 7
    } ],
    "lastUpdate" : "20150213T140235Z"
  } ],
  "lastUpdate" : "20150213T140235Z"
} ]