[ {
  "date" : "20150210",
  "summary" : [ {
    "activity" : "walking",
    "group" : "walking",
    "duration" : 2113.0,
    "distance" : 2351.0,
    "steps" : 3056
  }, {
    "activity" : "cycling",
    "group" : "cycling",
    "duration" : 997.0,
    "distance" : 6221.0
  }, {
    "activity" : "transport",
    "group" : "transport",
    "duration" : 386.0,
    "distance" : 2443.0
  } ],
  "segments" : [ {
    "type" : "place",
    "startTime" : "20150209T205515-0500",
    "endTime" : "20150210T092241-0500",
    "activities" : [ {
      "activity" : "walking",
      "group" : "walking",
      "manual" : false,
      "startTime" : "20150210T091928-0500",
      "endTime" : "20150210T092032-0500",
      "duration" : 64.0,
      "distance" : 40.0,
      "steps" : 79
    } ],
    "lastUpdate" : "20150210T155424Z"
  }, {
    "type" : "move",
    "startTime" : "20150210T092241-0500",
    "endTime" : "20150210T093057-0500",
    "activities" : [ {
      "activity" : "transport",
      "group" : "transport",
      "manual" : false,
      "startTime" : "20150210T092241-0500",
      "endTime" : "20150210T092529-0500",
      "duration" : 168.0,
      "distance" : 1337.0
    }, {
      "activity" : "cycling",
      "group" : "cycling",
      "manual" : false,
      "startTime" : "20150210T092529-0500",
      "endTime" : "20150210T093057-0500",
      "duration" : 328.0,
      "distance" : 2514.0
    } ],
    "lastUpdate" : "20150210T155424Z"
  }, {
    "type" : "place",
    "startTime" : "20150210T093057-0500",
    "endTime" : "20150210T115717-0500",
    "activities" : [ {
      "activity" : "walking",
      "group" : "walking",
      "manual" : false,
      "startTime" : "20150210T093200-0500",
      "endTime" : "20150210T093359-0500",
      "duration" : 119.0,
      "distance" : 80.0,
      "steps" : 160
    }, {
      "activity" : "walking",
      "group" : "walking",
      "manual" : false,
      "startTime" : "20150210T112545-0500",
      "endTime" : "20150210T113215-0500",
      "duration" : 390.0,
      "distance" : 494.0,
      "steps" : 659
    } ],
    "lastUpdate" : "20150210T185550Z"
  }, {
    "type" : "move",
    "startTime" : "20150210T115717-0500",
    "endTime" : "20150210T115926-0500",
    "activities" : [ {
      "activity" : "transport",
      "group" : "transport",
      "manual" : false,
      "startTime" : "20150210T115717-0500",
      "endTime" : "20150210T115926-0500",
      "duration" : 129.0,
      "distance" : 527.0
    } ],
    "lastUpdate" : "20150210T185550Z"
  }, {
    "type" : "place",
    "startTime" : "20150210T115926-0500",
    "endTime" : "20150210T132549-0500",
    "activities" : [ {
      "activity" : "walking",
      "group" : "walking",
      "manual" : false,
      "startTime" : "20150210T115949-0500",
      "endTime" : "20150210T120218-0500",
      "duration" : 149.0,
      "distance" : 198.0,
      "steps" : 271
    }, {
      "activity" : "walking",
      "group" : "walking",
      "manual" : false,
      "startTime" : "20150210T132231-0500",
      "endTime" : "20150210T132419-0500",
      "duration" : 108.0,
      "distance" : 109.0,
      "steps" : 218
    } ],
    "lastUpdate" : "20150210T202642Z"
  }, {
    "type" : "move",
    "startTime" : "20150210T132549-0500",
    "endTime" : "20150210T132956-0500",
    "activities" : [ {
      "activity" : "transport",
      "group" : "transport",
      "manual" : false,
      "startTime" : "20150210T132549-0500",
      "endTime" : "20150210T132718-0500",
      "duration" : 89.0,
      "distance" : 579.0
    }, {
      "activity" : "walking",
      "group" : "walking",
      "manual" : false,
      "startTime" : "20150210T132718-0500",
      "endTime" : "20150210T132956-0500",
      "duration" : 158.0,
      "distance" : 267.0,
      "steps" : 223
    } ],
    "lastUpdate" : "20150210T202642Z"
  }, {
    "type" : "place",
    "startTime" : "20150210T132956-0500",
    "endTime" : "20150210T140654-0500",
    "activities" : [ {
      "activity" : "walking",
      "group" : "walking",
      "manual" : false,
      "startTime" : "20150210T135310-0500",
      "endTime" : "20150210T135340-0500",
      "duration" : 30.0,
      "distance" : 15.0,
      "steps" : 20
    }, {
      "activity" : "walking",
      "group" : "walking",
      "manual" : false,
      "startTime" : "20150210T140011-0500",
      "endTime" : "20150210T140311-0500",
      "duration" : 180.0,
      "distance" : 159.0,
      "steps" : 212
    } ],
    "lastUpdate" : "20150210T202642Z"
  }, {
    "type" : "move",
    "startTime" : "20150210T140654-0500",
    "endTime" : "20150210T142228-0500",
    "activities" : [ {
      "activity" : "cycling",
      "group" : "cycling",
      "manual" : false,
      "startTime" : "20150210T140654-0500",
      "endTime" : "20150210T141803-0500",
      "duration" : 669.0,
      "distance" : 3707.0
    }, {
      "activity" : "walking",
      "group" : "walking",
      "manual" : false,
      "startTime" : "20150210T141803-0500",
      "endTime" : "20150210T142228-0500",
      "duration" : 265.0,
      "distance" : 428.0,
      "steps" : 357
    } ],
    "lastUpdate" : "20150210T202642Z"
  }, {
    "type" : "place",
    "startTime" : "20150210T142228-0500",
    "endTime" : "20150211T183327-0500",
    "activities" : [ {
      "activity" : "walking",
      "group" : "walking",
      "manual" : false,
      "startTime" : "20150210T160028-0500",
      "endTime" : "20150210T160128-0500",
      "duration" : 60.0,
      "distance" : 40.0,
      "steps" : 81
    }, {
      "activity" : "walking",
      "group" : "walking",
      "manual" : false,
      "startTime" : "20150210T190228-0500",
      "endTime" : "20150210T190948-0500",
      "duration" : 440.0,
      "distance" : 399.0,
      "steps" : 532
    }, {
      "activity" : "walking",
      "group" : "walking",
      "manual" : false,
      "startTime" : "20150210T210016-0500",
      "endTime" : "20150210T210146-0500",
      "duration" : 90.0,
      "distance" : 66.0,
      "steps" : 132
    }, {
      "activity" : "walking",
      "group" : "walking",
      "manual" : false,
      "startTime" : "20150210T230003-0500",
      "endTime" : "20150210T230103-0500",
      "duration" : 60.0,
      "distance" : 56.0,
      "steps" : 112
    } ],
    "lastUpdate" : "20150212T015702Z"
  } ],
  "lastUpdate" : "20150212T015702Z"
} ]