[ {
  "date" : "20150217",
  "summary" : [ {
    "activity" : "walking",
    "group" : "walking",
    "duration" : 2352.0,
    "distance" : 2292.0,
    "steps" : 3446
  }, {
    "activity" : "cycling",
    "group" : "cycling",
    "duration" : 2056.0,
    "distance" : 8229.0
  } ],
  "segments" : [ {
    "type" : "place",
    "startTime" : "20150216T211718-0500",
    "endTime" : "20150217T091017-0500",
    "activities" : [ {
      "activity" : "walking",
      "group" : "walking",
      "manual" : false,
      "startTime" : "20150217T001837-0500",
      "endTime" : "20150217T001907-0500",
      "duration" : 30.0,
      "distance" : 20.0,
      "steps" : 41
    }, {
      "activity" : "walking",
      "group" : "walking",
      "manual" : false,
      "startTime" : "20150217T055459-0500",
      "endTime" : "20150217T055529-0500",
      "duration" : 30.0,
      "distance" : 15.0,
      "steps" : 30
    }, {
      "activity" : "walking",
      "group" : "walking",
      "manual" : false,
      "startTime" : "20150217T073245-0500",
      "endTime" : "20150217T073415-0500",
      "duration" : 90.0,
      "distance" : 56.0,
      "steps" : 111
    }, {
      "activity" : "walking",
      "group" : "walking",
      "manual" : false,
      "startTime" : "20150217T090117-0500",
      "endTime" : "20150217T091659-0500",
      "duration" : 942.0,
      "distance" : 1189.0,
      "steps" : 1585
    } ],
    "lastUpdate" : "20150217T163721Z"
  }, {
    "type" : "move",
    "startTime" : "20150217T091017-0500",
    "endTime" : "20150217T092401-0500",
    "activities" : [ {
      "activity" : "cycling",
      "group" : "cycling",
      "manual" : false,
      "startTime" : "20150217T091017-0500",
      "endTime" : "20150217T092402-0500",
      "duration" : 825.0,
      "distance" : 3940.0
    } ],
    "lastUpdate" : "20150217T163721Z"
  }, {
    "type" : "place",
    "startTime" : "20150217T092402-0500",
    "endTime" : "20150217T114646-0500",
    "activities" : [ {
      "activity" : "walking",
      "group" : "walking",
      "manual" : false,
      "startTime" : "20150217T092421-0500",
      "endTime" : "20150217T092621-0500",
      "duration" : 120.0,
      "distance" : 116.0,
      "steps" : 232
    }, {
      "activity" : "walking",
      "group" : "walking",
      "manual" : false,
      "startTime" : "20150217T113754-0500",
      "endTime" : "20150217T113924-0500",
      "duration" : 90.0,
      "distance" : 66.0,
      "steps" : 132
    } ],
    "lastUpdate" : "20150217T193933Z"
  }, {
    "type" : "move",
    "startTime" : "20150217T114646-0500",
    "endTime" : "20150217T120716-0500",
    "activities" : [ {
      "activity" : "cycling",
      "group" : "cycling",
      "manual" : false,
      "startTime" : "20150217T114646-0500",
      "endTime" : "20150217T120717-0500",
      "duration" : 1231.0,
      "distance" : 4289.0
    } ],
    "lastUpdate" : "20150217T193933Z"
  }, {
    "type" : "place",
    "startTime" : "20150217T120716-0500",
    "endTime" : "20150218T183057-0500",
    "activities" : [ {
      "activity" : "walking",
      "group" : "walking",
      "manual" : false,
      "startTime" : "20150217T120822-0500",
      "endTime" : "20150217T121022-0500",
      "duration" : 120.0,
      "distance" : 76.0,
      "steps" : 152
    }, {
      "activity" : "walking",
      "group" : "walking",
      "manual" : false,
      "startTime" : "20150217T152300-0500",
      "endTime" : "20150217T152330-0500",
      "duration" : 30.0,
      "distance" : 15.0,
      "steps" : 20
    }, {
      "activity" : "walking",
      "group" : "walking",
      "manual" : false,
      "startTime" : "20150217T161652-0500",
      "endTime" : "20150217T161829-0500",
      "duration" : 97.0,
      "distance" : 58.0,
      "steps" : 116
    }, {
      "activity" : "walking",
      "group" : "walking",
      "manual" : false,
      "startTime" : "20150217T174230-0500",
      "endTime" : "20150217T174300-0500",
      "duration" : 30.0,
      "distance" : 15.0,
      "steps" : 30
    }, {
      "activity" : "walking",
      "group" : "walking",
      "manual" : false,
      "startTime" : "20150217T180153-0500",
      "endTime" : "20150217T180353-0500",
      "duration" : 120.0,
      "distance" : 73.0,
      "steps" : 147
    }, {
      "activity" : "walking",
      "group" : "walking",
      "manual" : false,
      "startTime" : "20150217T190509-0500",
      "endTime" : "20150217T191402-0500",
      "duration" : 533.0,
      "distance" : 507.0,
      "steps" : 676
    }, {
      "activity" : "walking",
      "group" : "walking",
      "manual" : false,
      "startTime" : "20150217T204838-0500",
      "endTime" : "20150217T204938-0500",
      "duration" : 60.0,
      "distance" : 51.0,
      "steps" : 102
    }, {
      "activity" : "walking",
      "group" : "walking",
      "manual" : false,
      "startTime" : "20150217T213925-0500",
      "endTime" : "20150217T213955-0500",
      "duration" : 30.0,
      "distance" : 15.0,
      "steps" : 31
    }, {
      "activity" : "walking",
      "group" : "walking",
      "manual" : false,
      "startTime" : "20150217T220048-0500",
      "endTime" : "20150217T220118-0500",
      "duration" : 30.0,
      "distance" : 20.0,
      "steps" : 41
    } ],
    "lastUpdate" : "20150219T015923Z"
  } ],
  "lastUpdate" : "20150219T015923Z"
} ]