[ {
  "date" : "20150206",
  "summary" : [ {
    "activity" : "walking",
    "group" : "walking",
    "duration" : 5501.0,
    "distance" : 6693.0,
    "steps" : 8862
  }, {
    "activity" : "running",
    "group" : "running",
    "duration" : 205.0,
    "distance" : 633.0,
    "steps" : 425
  } ],
  "segments" : [ {
    "type" : "place",
    "startTime" : "20150205T220817-0500",
    "endTime" : "20150206T051657-0500",
    "activities" : [ {
      "activity" : "walking",
      "group" : "walking",
      "manual" : false,
      "startTime" : "20150206T050941-0500",
      "endTime" : "20150206T051836-0500",
      "duration" : 535.0,
      "distance" : 787.0,
      "steps" : 1049
    } ],
    "lastUpdate" : "20150206T141341Z"
  }, {
    "type" : "move",
    "startTime" : "20150206T051657-0500",
    "endTime" : "20150206T052022-0500",
    "activities" : [ {
      "activity" : "running",
      "group" : "running",
      "manual" : false,
      "startTime" : "20150206T051657-0500",
      "endTime" : "20150206T052022-0500",
      "duration" : 205.0,
      "distance" : 633.0,
      "steps" : 425
    } ],
    "lastUpdate" : "20150206T141341Z"
  }, {
    "type" : "place",
    "startTime" : "20150206T052022-0500",
    "endTime" : "20150206T091054-0500",
    "activities" : [ {
      "activity" : "walking",
      "group" : "walking",
      "manual" : false,
      "startTime" : "20150206T052022-0500",
      "endTime" : "20150206T052114-0500",
      "duration" : 52.0,
      "distance" : 26.0,
      "steps" : 46
    }, {
      "activity" : "walking",
      "group" : "walking",
      "manual" : false,
      "startTime" : "20150206T085108-0500",
      "endTime" : "20150206T085208-0500",
      "duration" : 60.0,
      "distance" : 35.0,
      "steps" : 71
    }, {
      "activity" : "walking",
      "group" : "walking",
      "manual" : false,
      "startTime" : "20150206T090248-0500",
      "endTime" : "20150206T090348-0500",
      "duration" : 60.0,
      "distance" : 46.0,
      "steps" : 91
    } ],
    "lastUpdate" : "20150206T192319Z"
  }, {
    "type" : "move",
    "startTime" : "20150206T091054-0500",
    "endTime" : "20150206T092503-0500",
    "activities" : [ {
      "activity" : "walking",
      "group" : "walking",
      "manual" : false,
      "startTime" : "20150206T091054-0500",
      "endTime" : "20150206T092504-0500",
      "duration" : 850.0,
      "distance" : 1193.0,
      "steps" : 1339
    } ],
    "lastUpdate" : "20150206T192319Z"
  }, {
    "type" : "place",
    "startTime" : "20150206T092503-0500",
    "endTime" : "20150206T115035-0500",
    "activities" : [ {
      "activity" : "walking",
      "group" : "walking",
      "manual" : false,
      "startTime" : "20150206T092649-0500",
      "endTime" : "20150206T092748-0500",
      "duration" : 59.0,
      "distance" : 55.0,
      "steps" : 109
    }, {
      "activity" : "walking",
      "group" : "walking",
      "manual" : false,
      "startTime" : "20150206T105045-0500",
      "endTime" : "20150206T105115-0500",
      "duration" : 30.0,
      "distance" : 20.0,
      "steps" : 41
    } ],
    "lastUpdate" : "20150206T192319Z"
  }, {
    "type" : "move",
    "startTime" : "20150206T115035-0500",
    "endTime" : "20150206T120503-0500",
    "activities" : [ {
      "activity" : "walking",
      "group" : "walking",
      "manual" : false,
      "startTime" : "20150206T115035-0500",
      "endTime" : "20150206T120504-0500",
      "duration" : 869.0,
      "distance" : 1127.0,
      "steps" : 1275
    } ],
    "lastUpdate" : "20150206T192319Z"
  }, {
    "type" : "place",
    "startTime" : "20150206T120503-0500",
    "endTime" : "20150206T200503-0500",
    "activities" : [ {
      "activity" : "walking",
      "group" : "walking",
      "manual" : false,
      "startTime" : "20150206T120533-0500",
      "endTime" : "20150206T120603-0500",
      "duration" : 30.0,
      "distance" : 15.0,
      "steps" : 31
    }, {
      "activity" : "walking",
      "group" : "walking",
      "manual" : false,
      "startTime" : "20150206T171943-0500",
      "endTime" : "20150206T172013-0500",
      "duration" : 30.0,
      "distance" : 20.0,
      "steps" : 40
    }, {
      "activity" : "walking",
      "group" : "walking",
      "manual" : false,
      "startTime" : "20150206T200235-0500",
      "endTime" : "20150206T200335-0500",
      "duration" : 60.0,
      "distance" : 46.0,
      "steps" : 91
    } ],
    "lastUpdate" : "20150207T025751Z"
  }, {
    "type" : "move",
    "startTime" : "20150206T200503-0500",
    "endTime" : "20150206T202305-0500",
    "activities" : [ {
      "activity" : "walking",
      "group" : "walking",
      "manual" : false,
      "startTime" : "20150206T200503-0500",
      "endTime" : "20150206T202305-0500",
      "duration" : 1082.0,
      "distance" : 1358.0,
      "steps" : 1737
    } ],
    "lastUpdate" : "20150207T025751Z"
  }, {
    "type" : "place",
    "startTime" : "20150206T202305-0500",
    "endTime" : "20150206T211805-0500",
    "activities" : [ {
      "activity" : "walking",
      "group" : "walking",
      "manual" : false,
      "startTime" : "20150206T211413-0500",
      "endTime" : "20150206T211443-0500",
      "duration" : 30.0,
      "distance" : 35.0,
      "steps" : 70
    } ],
    "lastUpdate" : "20150207T041052Z"
  }, {
    "type" : "move",
    "startTime" : "20150206T211805-0500",
    "endTime" : "20150206T213720-0500",
    "activities" : [ {
      "activity" : "walking",
      "group" : "walking",
      "manual" : false,
      "startTime" : "20150206T211805-0500",
      "endTime" : "20150206T213719-0500",
      "duration" : 1154.0,
      "distance" : 1414.0,
      "steps" : 1920
    } ],
    "lastUpdate" : "20150207T041052Z"
  }, {
    "type" : "place",
    "startTime" : "20150206T213720-0500",
    "endTime" : "20150206T230326-0500",
    "activities" : [ {
      "activity" : "walking",
      "group" : "walking",
      "manual" : false,
      "startTime" : "20150206T214739-0500",
      "endTime" : "20150206T214839-0500",
      "duration" : 60.0,
      "distance" : 36.0,
      "steps" : 71
    } ],
    "lastUpdate" : "20150207T060001Z"
  }, {
    "type" : "move",
    "startTime" : "20150206T230326-0500",
    "endTime" : "20150206T231124-0500",
    "activities" : [ {
      "activity" : "walking",
      "group" : "walking",
      "manual" : false,
      "startTime" : "20150206T230326-0500",
      "endTime" : "20150206T231124-0500",
      "duration" : 478.0,
      "distance" : 449.0,
      "steps" : 818
    } ],
    "lastUpdate" : "20150207T060001Z"
  }, {
    "type" : "place",
    "startTime" : "20150206T231124-0500",
    "endTime" : "20150207T083918-0500",
    "activities" : [ {
      "activity" : "walking",
      "group" : "walking",
      "manual" : false,
      "startTime" : "20150206T231124-0500",
      "endTime" : "20150206T231226-0500",
      "duration" : 62.0,
      "distance" : 31.0,
      "steps" : 63
    } ],
    "lastUpdate" : "20150207T170937Z"
  } ],
  "lastUpdate" : "20150207T170937Z"
} ]