[ {
  "date" : "20150204",
  "summary" : [ {
    "activity" : "running",
    "group" : "running",
    "duration" : 280.0,
    "distance" : 688.0,
    "steps" : 714
  }, {
    "activity" : "walking",
    "group" : "walking",
    "duration" : 1505.0,
    "distance" : 1437.0,
    "steps" : 2060
  }, {
    "activity" : "cycling",
    "group" : "cycling",
    "duration" : 1290.0,
    "distance" : 7091.0
  } ],
  "segments" : [ {
    "type" : "move",
    "startTime" : "20150204T051221-0500",
    "endTime" : "20150204T051700-0500",
    "activities" : [ {
      "activity" : "running",
      "group" : "running",
      "manual" : false,
      "startTime" : "20150204T051221-0500",
      "endTime" : "20150204T051701-0500",
      "duration" : 280.0,
      "distance" : 688.0,
      "steps" : 714
    } ],
    "lastUpdate" : "20150204T124702Z"
  }, {
    "type" : "place",
    "startTime" : "20150204T051700-0500",
    "endTime" : "20150204T081314-0500",
    "activities" : [ {
      "activity" : "walking",
      "group" : "walking",
      "manual" : false,
      "startTime" : "20150204T071628-0500",
      "endTime" : "20150204T071858-0500",
      "duration" : 150.0,
      "distance" : 133.0,
      "steps" : 177
    }, {
      "activity" : "walking",
      "group" : "walking",
      "manual" : false,
      "startTime" : "20150204T080016-0500",
      "endTime" : "20150204T080249-0500",
      "duration" : 153.0,
      "distance" : 145.0,
      "steps" : 194
    } ],
    "lastUpdate" : "20150204T141804Z"
  }, {
    "type" : "move",
    "startTime" : "20150204T081314-0500",
    "endTime" : "20150204T082204-0500",
    "activities" : [ {
      "activity" : "cycling",
      "group" : "cycling",
      "manual" : false,
      "startTime" : "20150204T081314-0500",
      "endTime" : "20150204T082204-0500",
      "duration" : 530.0,
      "distance" : 3457.0
    } ],
    "lastUpdate" : "20150204T141804Z"
  }, {
    "type" : "place",
    "startTime" : "20150204T082204-0500",
    "endTime" : "20150204T114623-0500",
    "activities" : [ {
      "activity" : "walking",
      "group" : "walking",
      "manual" : false,
      "startTime" : "20150204T082350-0500",
      "endTime" : "20150204T082915-0500",
      "duration" : 325.0,
      "distance" : 420.0,
      "steps" : 560
    }, {
      "activity" : "walking",
      "group" : "walking",
      "manual" : false,
      "startTime" : "20150204T095115-0500",
      "endTime" : "20150204T095145-0500",
      "duration" : 30.0,
      "distance" : 30.0,
      "steps" : 61
    }, {
      "activity" : "walking",
      "group" : "walking",
      "manual" : false,
      "startTime" : "20150204T110022-0500",
      "endTime" : "20150204T110351-0500",
      "duration" : 209.0,
      "distance" : 230.0,
      "steps" : 307
    } ],
    "lastUpdate" : "20150204T185103Z"
  }, {
    "type" : "move",
    "startTime" : "20150204T114623-0500",
    "endTime" : "20150204T115903-0500",
    "activities" : [ {
      "activity" : "cycling",
      "group" : "cycling",
      "manual" : false,
      "startTime" : "20150204T114623-0500",
      "endTime" : "20150204T115903-0500",
      "duration" : 760.0,
      "distance" : 3634.0
    } ],
    "lastUpdate" : "20150204T185103Z"
  }, {
    "type" : "place",
    "startTime" : "20150204T115903-0500",
    "endTime" : "20150205T071149-0500",
    "activities" : [ {
      "activity" : "walking",
      "group" : "walking",
      "manual" : false,
      "startTime" : "20150204T115927-0500",
      "endTime" : "20150204T115957-0500",
      "duration" : 30.0,
      "distance" : 31.0,
      "steps" : 61
    }, {
      "activity" : "walking",
      "group" : "walking",
      "manual" : false,
      "startTime" : "20150204T120026-0500",
      "endTime" : "20150204T120256-0500",
      "duration" : 150.0,
      "distance" : 144.0,
      "steps" : 192
    }, {
      "activity" : "walking",
      "group" : "walking",
      "manual" : false,
      "startTime" : "20150204T152157-0500",
      "endTime" : "20150204T152335-0500",
      "duration" : 98.0,
      "distance" : 49.0,
      "steps" : 81
    }, {
      "activity" : "walking",
      "group" : "walking",
      "manual" : false,
      "startTime" : "20150204T165424-0500",
      "endTime" : "20150204T165454-0500",
      "duration" : 30.0,
      "distance" : 30.0,
      "steps" : 60
    }, {
      "activity" : "walking",
      "group" : "walking",
      "manual" : false,
      "startTime" : "20150204T173131-0500",
      "endTime" : "20150204T173201-0500",
      "duration" : 30.0,
      "distance" : 15.0,
      "steps" : 30
    }, {
      "activity" : "walking",
      "group" : "walking",
      "manual" : false,
      "startTime" : "20150204T202052-0500",
      "endTime" : "20150204T202152-0500",
      "duration" : 60.0,
      "distance" : 30.0,
      "steps" : 55
    }, {
      "activity" : "walking",
      "group" : "walking",
      "manual" : false,
      "startTime" : "20150204T211141-0500",
      "endTime" : "20150204T211311-0500",
      "duration" : 90.0,
      "distance" : 63.0,
      "steps" : 126
    }, {
      "activity" : "walking",
      "group" : "walking",
      "manual" : false,
      "startTime" : "20150204T222651-0500",
      "endTime" : "20150204T222921-0500",
      "duration" : 150.0,
      "distance" : 117.0,
      "steps" : 156
    } ],
    "lastUpdate" : "20150205T130306Z"
  } ],
  "lastUpdate" : "20150205T130306Z"
} ]