[ {
  "date" : "20150125",
  "summary" : [ {
    "activity" : "walking",
    "group" : "walking",
    "duration" : 4653.0,
    "distance" : 5274.0,
    "steps" : 7622
  } ],
  "segments" : [ {
    "type" : "place",
    "startTime" : "20150125T104611-0500",
    "endTime" : "20150125T124643-0500",
    "activities" : [ {
      "activity" : "walking",
      "group" : "walking",
      "manual" : false,
      "startTime" : "20150125T104612-0500",
      "endTime" : "20150125T104850-0500",
      "duration" : 158.0,
      "distance" : 204.0,
      "steps" : 272
    }, {
      "activity" : "walking",
      "group" : "walking",
      "manual" : false,
      "startTime" : "20150125T110000-0500",
      "endTime" : "20150125T110453-0500",
      "duration" : 293.0,
      "distance" : 250.0,
      "steps" : 334
    } ],
    "lastUpdate" : "20150125T202015Z"
  }, {
    "type" : "move",
    "startTime" : "20150125T124643-0500",
    "endTime" : "20150125T125733-0500",
    "activities" : [ {
      "activity" : "walking",
      "group" : "walking",
      "manual" : false,
      "startTime" : "20150125T124643-0500",
      "endTime" : "20150125T125733-0500",
      "duration" : 650.0,
      "distance" : 946.0,
      "steps" : 1376
    } ],
    "lastUpdate" : "20150125T202015Z"
  }, {
    "type" : "place",
    "startTime" : "20150125T125733-0500",
    "endTime" : "20150125T134933-0500",
    "activities" : [ {
      "activity" : "walking",
      "group" : "walking",
      "manual" : false,
      "startTime" : "20150125T131308-0500",
      "endTime" : "20150125T131827-0500",
      "duration" : 319.0,
      "distance" : 334.0,
      "steps" : 445
    } ],
    "lastUpdate" : "20150125T202015Z"
  }, {
    "type" : "move",
    "startTime" : "20150125T134933-0500",
    "endTime" : "20150125T135430-0500",
    "activities" : [ {
      "activity" : "walking",
      "group" : "walking",
      "manual" : false,
      "startTime" : "20150125T134933-0500",
      "endTime" : "20150125T135431-0500",
      "duration" : 298.0,
      "distance" : 451.0,
      "steps" : 637
    } ],
    "lastUpdate" : "20150125T202015Z"
  }, {
    "type" : "place",
    "startTime" : "20150125T135430-0500",
    "endTime" : "20150125T140411-0500",
    "activities" : [ {
      "activity" : "walking",
      "group" : "walking",
      "manual" : false,
      "startTime" : "20150125T140112-0500",
      "endTime" : "20150125T140343-0500",
      "duration" : 151.0,
      "distance" : 192.0,
      "steps" : 255
    } ],
    "lastUpdate" : "20150125T202015Z"
  }, {
    "type" : "move",
    "startTime" : "20150125T140411-0500",
    "endTime" : "20150125T140736-0500",
    "activities" : [ {
      "activity" : "walking",
      "group" : "walking",
      "manual" : false,
      "startTime" : "20150125T140411-0500",
      "endTime" : "20150125T140737-0500",
      "duration" : 206.0,
      "distance" : 361.0,
      "steps" : 301
    } ],
    "lastUpdate" : "20150125T202015Z"
  }, {
    "type" : "place",
    "startTime" : "20150125T140736-0500",
    "endTime" : "20150125T161409-0500",
    "activities" : [ {
      "activity" : "walking",
      "group" : "walking",
      "manual" : false,
      "startTime" : "20150125T140736-0500",
      "endTime" : "20150125T140836-0500",
      "duration" : 60.0,
      "distance" : 35.0,
      "steps" : 71
    } ],
    "lastUpdate" : "20150125T235000Z"
  }, {
    "type" : "move",
    "startTime" : "20150125T161409-0500",
    "endTime" : "20150125T163750-0500",
    "activities" : [ {
      "activity" : "walking",
      "group" : "walking",
      "manual" : false,
      "startTime" : "20150125T161409-0500",
      "endTime" : "20150125T163750-0500",
      "duration" : 1421.0,
      "distance" : 1510.0,
      "steps" : 2514
    } ],
    "lastUpdate" : "20150125T235000Z"
  }, {
    "type" : "place",
    "startTime" : "20150125T163750-0500",
    "endTime" : "20150126T161304-0500",
    "activities" : [ {
      "activity" : "walking",
      "group" : "walking",
      "manual" : false,
      "startTime" : "20150125T163750-0500",
      "endTime" : "20150125T163824-0500",
      "duration" : 34.0,
      "distance" : 27.0,
      "steps" : 54
    }, {
      "activity" : "walking",
      "group" : "walking",
      "manual" : false,
      "startTime" : "20150125T174739-0500",
      "endTime" : "20150125T174909-0500",
      "duration" : 90.0,
      "distance" : 56.0,
      "steps" : 112
    }, {
      "activity" : "walking",
      "group" : "walking",
      "manual" : false,
      "startTime" : "20150125T180355-0500",
      "endTime" : "20150125T181003-0500",
      "duration" : 368.0,
      "distance" : 335.0,
      "steps" : 447
    }, {
      "activity" : "walking",
      "group" : "walking",
      "manual" : false,
      "startTime" : "20150125T190028-0500",
      "endTime" : "20150125T190701-0500",
      "duration" : 393.0,
      "distance" : 391.0,
      "steps" : 521
    }, {
      "activity" : "walking",
      "group" : "walking",
      "manual" : false,
      "startTime" : "20150125T201103-0500",
      "endTime" : "20150125T201305-0500",
      "duration" : 122.0,
      "distance" : 121.0,
      "steps" : 161
    }, {
      "activity" : "walking",
      "group" : "walking",
      "manual" : false,
      "startTime" : "20150125T210424-0500",
      "endTime" : "20150125T210524-0500",
      "duration" : 60.0,
      "distance" : 41.0,
      "steps" : 81
    }, {
      "activity" : "walking",
      "group" : "walking",
      "manual" : false,
      "startTime" : "20150125T222013-0500",
      "endTime" : "20150125T222043-0500",
      "duration" : 30.0,
      "distance" : 20.0,
      "steps" : 41
    } ],
    "lastUpdate" : "20150126T233816Z"
  } ],
  "lastUpdate" : "20150126T233816Z"
} ]