[ {
  "date" : "20150215",
  "summary" : [ {
    "activity" : "walking",
    "group" : "walking",
    "duration" : 1298.0,
    "distance" : 1131.0,
    "steps" : 1830
  }, {
    "activity" : "transport",
    "group" : "transport",
    "duration" : 1031.0,
    "distance" : 2598.0
  }, {
    "activity" : "cycling",
    "group" : "cycling",
    "duration" : 163.0,
    "distance" : 657.0
  } ],
  "segments" : [ {
    "type" : "place",
    "startTime" : "20150214T180829-0500",
    "endTime" : "20150215T182006-0500",
    "activities" : [ {
      "activity" : "walking",
      "group" : "walking",
      "manual" : false,
      "startTime" : "20150215T074918-0500",
      "endTime" : "20150215T075017-0500",
      "duration" : 59.0,
      "distance" : 50.0,
      "steps" : 100
    }, {
      "activity" : "walking",
      "group" : "walking",
      "manual" : false,
      "startTime" : "20150215T094419-0500",
      "endTime" : "20150215T094449-0500",
      "duration" : 30.0,
      "distance" : 20.0,
      "steps" : 40
    }, {
      "activity" : "walking",
      "group" : "walking",
      "manual" : false,
      "startTime" : "20150215T102236-0500",
      "endTime" : "20150215T102624-0500",
      "duration" : 228.0,
      "distance" : 246.0,
      "steps" : 328
    }, {
      "activity" : "walking",
      "group" : "walking",
      "manual" : false,
      "startTime" : "20150215T115606-0500",
      "endTime" : "20150215T115706-0500",
      "duration" : 60.0,
      "distance" : 36.0,
      "steps" : 71
    }, {
      "activity" : "walking",
      "group" : "walking",
      "manual" : false,
      "startTime" : "20150215T132109-0500",
      "endTime" : "20150215T132301-0500",
      "duration" : 112.0,
      "distance" : 66.0,
      "steps" : 132
    }, {
      "activity" : "walking",
      "group" : "walking",
      "manual" : false,
      "startTime" : "20150215T163207-0500",
      "endTime" : "20150215T163337-0500",
      "duration" : 90.0,
      "distance" : 63.0,
      "steps" : 127
    }, {
      "activity" : "walking",
      "group" : "walking",
      "manual" : false,
      "startTime" : "20150215T170023-0500",
      "endTime" : "20150215T170323-0500",
      "duration" : 180.0,
      "distance" : 175.0,
      "steps" : 233
    }, {
      "activity" : "walking",
      "group" : "walking",
      "manual" : false,
      "startTime" : "20150215T180412-0500",
      "endTime" : "20150215T180811-0500",
      "duration" : 239.0,
      "distance" : 226.0,
      "steps" : 301
    } ],
    "lastUpdate" : "20150216T011132Z"
  }, {
    "type" : "move",
    "startTime" : "20150215T182006-0500",
    "endTime" : "20150215T182948-0500",
    "activities" : [ {
      "activity" : "transport",
      "group" : "transport",
      "manual" : false,
      "startTime" : "20150215T182006-0500",
      "endTime" : "20150215T182948-0500",
      "duration" : 582.0,
      "distance" : 1574.0
    } ],
    "lastUpdate" : "20150216T011132Z"
  }, {
    "type" : "place",
    "startTime" : "20150215T182948-0500",
    "endTime" : "20150215T202229-0500",
    "activities" : [ {
      "activity" : "walking",
      "group" : "walking",
      "manual" : false,
      "startTime" : "20150215T182951-0500",
      "endTime" : "20150215T183121-0500",
      "duration" : 90.0,
      "distance" : 86.0,
      "steps" : 173
    }, {
      "activity" : "walking",
      "group" : "walking",
      "manual" : false,
      "startTime" : "20150215T190232-0500",
      "endTime" : "20150215T190302-0500",
      "duration" : 30.0,
      "distance" : 20.0,
      "steps" : 41
    }, {
      "activity" : "walking",
      "group" : "walking",
      "manual" : false,
      "startTime" : "20150215T200019-0500",
      "endTime" : "20150215T200149-0500",
      "duration" : 90.0,
      "distance" : 76.0,
      "steps" : 152
    } ],
    "lastUpdate" : "20150216T024223Z"
  }, {
    "type" : "move",
    "startTime" : "20150215T202229-0500",
    "endTime" : "20150215T202512-0500",
    "activities" : [ {
      "activity" : "cycling",
      "group" : "cycling",
      "manual" : false,
      "startTime" : "20150215T202229-0500",
      "endTime" : "20150215T202512-0500",
      "duration" : 163.0,
      "distance" : 657.0
    } ],
    "lastUpdate" : "20150216T024223Z"
  }, {
    "type" : "place",
    "startTime" : "20150215T202512-0500",
    "endTime" : "20150215T204121-0500",
    "activities" : [ {
      "activity" : "walking",
      "group" : "walking",
      "manual" : false,
      "startTime" : "20150215T202631-0500",
      "endTime" : "20150215T202701-0500",
      "duration" : 30.0,
      "distance" : 31.0,
      "steps" : 61
    } ],
    "lastUpdate" : "20150216T041336Z"
  }, {
    "type" : "move",
    "startTime" : "20150215T204121-0500",
    "endTime" : "20150215T204850-0500",
    "activities" : [ {
      "activity" : "transport",
      "group" : "transport",
      "manual" : false,
      "startTime" : "20150215T204121-0500",
      "endTime" : "20150215T204850-0500",
      "duration" : 449.0,
      "distance" : 1024.0
    } ],
    "lastUpdate" : "20150216T041336Z"
  }, {
    "type" : "place",
    "startTime" : "20150215T204850-0500",
    "endTime" : "20150216T154233-0500",
    "activities" : [ {
      "activity" : "walking",
      "group" : "walking",
      "manual" : false,
      "startTime" : "20150215T220750-0500",
      "endTime" : "20150215T220850-0500",
      "duration" : 60.0,
      "distance" : 36.0,
      "steps" : 71
    } ],
    "lastUpdate" : "20150216T235341Z"
  } ],
  "lastUpdate" : "20150216T235341Z"
} ]