[ {
  "date" : "20150131",
  "summary" : [ {
    "activity" : "walking",
    "group" : "walking",
    "duration" : 3698.0,
    "distance" : 3913.0,
    "steps" : 5618
  }, {
    "activity" : "transport",
    "group" : "transport",
    "duration" : 292.0,
    "distance" : 1430.0
  } ],
  "segments" : [ {
    "type" : "place",
    "startTime" : "20150130T221132-0500",
    "endTime" : "20150131T151335-0500",
    "activities" : [ {
      "activity" : "walking",
      "group" : "walking",
      "manual" : false,
      "startTime" : "20150131T052245-0500",
      "endTime" : "20150131T052315-0500",
      "duration" : 30.0,
      "distance" : 15.0,
      "steps" : 30
    }, {
      "activity" : "walking",
      "group" : "walking",
      "manual" : false,
      "startTime" : "20150131T084704-0500",
      "endTime" : "20150131T084734-0500",
      "duration" : 30.0,
      "distance" : 15.0,
      "steps" : 20
    }, {
      "activity" : "walking",
      "group" : "walking",
      "manual" : false,
      "startTime" : "20150131T103446-0500",
      "endTime" : "20150131T104245-0500",
      "duration" : 479.0,
      "distance" : 411.0,
      "steps" : 549
    }, {
      "activity" : "walking",
      "group" : "walking",
      "manual" : false,
      "startTime" : "20150131T114811-0500",
      "endTime" : "20150131T114941-0500",
      "duration" : 90.0,
      "distance" : 82.0,
      "steps" : 163
    }, {
      "activity" : "walking",
      "group" : "walking",
      "manual" : false,
      "startTime" : "20150131T122025-0500",
      "endTime" : "20150131T122954-0500",
      "duration" : 569.0,
      "distance" : 723.0,
      "steps" : 964
    }, {
      "activity" : "walking",
      "group" : "walking",
      "manual" : false,
      "startTime" : "20150131T130852-0500",
      "endTime" : "20150131T131525-0500",
      "duration" : 393.0,
      "distance" : 391.0,
      "steps" : 521
    }, {
      "activity" : "walking",
      "group" : "walking",
      "manual" : false,
      "startTime" : "20150131T140242-0500",
      "endTime" : "20150131T140442-0500",
      "duration" : 120.0,
      "distance" : 144.0,
      "steps" : 192
    } ],
    "lastUpdate" : "20150131T215550Z"
  }, {
    "type" : "move",
    "startTime" : "20150131T151335-0500",
    "endTime" : "20150131T151913-0500",
    "activities" : [ {
      "activity" : "walking",
      "group" : "walking",
      "manual" : false,
      "startTime" : "20150131T151335-0500",
      "endTime" : "20150131T151912-0500",
      "duration" : 337.0,
      "distance" : 466.0,
      "steps" : 643
    } ],
    "lastUpdate" : "20150131T215550Z"
  }, {
    "type" : "place",
    "startTime" : "20150131T151913-0500",
    "endTime" : "20150131T154939-0500",
    "activities" : [ {
      "activity" : "walking",
      "group" : "walking",
      "manual" : false,
      "startTime" : "20150131T152108-0500",
      "endTime" : "20150131T152138-0500",
      "duration" : 30.0,
      "distance" : 15.0,
      "steps" : 31
    } ],
    "lastUpdate" : "20150131T215550Z"
  }, {
    "type" : "move",
    "startTime" : "20150131T154939-0500",
    "endTime" : "20150131T155423-0500",
    "activities" : [ {
      "activity" : "walking",
      "group" : "walking",
      "manual" : false,
      "startTime" : "20150131T154939-0500",
      "endTime" : "20150131T155424-0500",
      "duration" : 285.0,
      "distance" : 368.0,
      "steps" : 497
    } ],
    "lastUpdate" : "20150131T215550Z"
  }, {
    "type" : "move",
    "startTime" : "20150131T160111-0500",
    "endTime" : "20150131T160757-0500",
    "activities" : [ {
      "activity" : "walking",
      "group" : "walking",
      "manual" : false,
      "startTime" : "20150131T160111-0500",
      "endTime" : "20150131T160757-0500",
      "duration" : 406.0,
      "distance" : 495.0,
      "steps" : 728
    } ],
    "lastUpdate" : "20150131T215550Z"
  }, {
    "type" : "place",
    "startTime" : "20150131T160757-0500",
    "endTime" : "20150131T181457-0500",
    "activities" : [ {
      "activity" : "walking",
      "group" : "walking",
      "manual" : false,
      "startTime" : "20150131T161048-0500",
      "endTime" : "20150131T161118-0500",
      "duration" : 30.0,
      "distance" : 15.0,
      "steps" : 20
    }, {
      "activity" : "walking",
      "group" : "walking",
      "manual" : false,
      "startTime" : "20150131T181204-0500",
      "endTime" : "20150131T181234-0500",
      "duration" : 30.0,
      "distance" : 15.0,
      "steps" : 20
    } ],
    "lastUpdate" : "20150201T005710Z"
  }, {
    "type" : "move",
    "startTime" : "20150131T181457-0500",
    "endTime" : "20150131T182411-0500",
    "activities" : [ {
      "activity" : "walking",
      "group" : "walking",
      "manual" : false,
      "startTime" : "20150131T181457-0500",
      "endTime" : "20150131T182412-0500",
      "duration" : 555.0,
      "distance" : 538.0,
      "steps" : 885
    } ],
    "lastUpdate" : "20150201T005710Z"
  }, {
    "type" : "move",
    "startTime" : "20150131T194137-0500",
    "endTime" : "20150131T194447-0500",
    "activities" : [ {
      "activity" : "transport",
      "group" : "transport",
      "manual" : false,
      "startTime" : "20150131T194137-0500",
      "endTime" : "20150131T194447-0500",
      "duration" : 190.0,
      "distance" : 846.0
    } ],
    "lastUpdate" : "20150201T022837Z"
  }, {
    "type" : "place",
    "startTime" : "20150131T194447-0500",
    "endTime" : "20150131T195542-0500",
    "activities" : [ {
      "activity" : "walking",
      "group" : "walking",
      "manual" : false,
      "startTime" : "20150131T194447-0500",
      "endTime" : "20150131T194601-0500",
      "duration" : 74.0,
      "distance" : 59.0,
      "steps" : 117
    } ],
    "lastUpdate" : "20150201T022837Z"
  }, {
    "type" : "move",
    "startTime" : "20150131T195542-0500",
    "endTime" : "20150131T195725-0500",
    "activities" : [ {
      "activity" : "transport",
      "group" : "transport",
      "manual" : false,
      "startTime" : "20150131T195542-0500",
      "endTime" : "20150131T195724-0500",
      "duration" : 102.0,
      "distance" : 584.0
    } ],
    "lastUpdate" : "20150201T022837Z"
  }, {
    "type" : "place",
    "startTime" : "20150131T195725-0500",
    "endTime" : "20150201T101519-0500",
    "activities" : [ {
      "activity" : "walking",
      "group" : "walking",
      "manual" : false,
      "startTime" : "20150131T195744-0500",
      "endTime" : "20150131T195844-0500",
      "duration" : 60.0,
      "distance" : 31.0,
      "steps" : 61
    }, {
      "activity" : "walking",
      "group" : "walking",
      "manual" : false,
      "startTime" : "20150131T205323-0500",
      "endTime" : "20150131T205523-0500",
      "duration" : 120.0,
      "distance" : 90.0,
      "steps" : 96
    }, {
      "activity" : "walking",
      "group" : "walking",
      "manual" : false,
      "startTime" : "20150131T210053-0500",
      "endTime" : "20150131T210123-0500",
      "duration" : 30.0,
      "distance" : 15.0,
      "steps" : 31
    }, {
      "activity" : "walking",
      "group" : "walking",
      "manual" : false,
      "startTime" : "20150131T225027-0500",
      "endTime" : "20150131T225057-0500",
      "duration" : 30.0,
      "distance" : 25.0,
      "steps" : 50
    } ],
    "lastUpdate" : "20150201T172933Z"
  } ],
  "lastUpdate" : "20150201T172933Z"
} ]