[ {
  "date" : "20150216",
  "summary" : [ {
    "activity" : "walking",
    "group" : "walking",
    "duration" : 1486.0,
    "distance" : 1336.0,
    "steps" : 2034
  }, {
    "activity" : "cycling",
    "group" : "cycling",
    "duration" : 1637.0,
    "distance" : 8728.0
  }, {
    "activity" : "transport",
    "group" : "transport",
    "duration" : 558.0,
    "distance" : 955.0
  } ],
  "segments" : [ {
    "type" : "place",
    "startTime" : "20150215T204850-0500",
    "endTime" : "20150216T154233-0500",
    "activities" : [ {
      "activity" : "walking",
      "group" : "walking",
      "manual" : false,
      "startTime" : "20150216T045858-0500",
      "endTime" : "20150216T045928-0500",
      "duration" : 30.0,
      "distance" : 20.0,
      "steps" : 41
    }, {
      "activity" : "walking",
      "group" : "walking",
      "manual" : false,
      "startTime" : "20150216T051003-0500",
      "endTime" : "20150216T051033-0500",
      "duration" : 30.0,
      "distance" : 15.0,
      "steps" : 20
    }, {
      "activity" : "walking",
      "group" : "walking",
      "manual" : false,
      "startTime" : "20150216T083331-0500",
      "endTime" : "20150216T083602-0500",
      "duration" : 151.0,
      "distance" : 113.0,
      "steps" : 92
    }, {
      "activity" : "walking",
      "group" : "walking",
      "manual" : false,
      "startTime" : "20150216T095539-0500",
      "endTime" : "20150216T095609-0500",
      "duration" : 30.0,
      "distance" : 15.0,
      "steps" : 25
    }, {
      "activity" : "walking",
      "group" : "walking",
      "manual" : false,
      "startTime" : "20150216T133107-0500",
      "endTime" : "20150216T133137-0500",
      "duration" : 30.0,
      "distance" : 15.0,
      "steps" : 27
    }, {
      "activity" : "walking",
      "group" : "walking",
      "manual" : false,
      "startTime" : "20150216T143418-0500",
      "endTime" : "20150216T143518-0500",
      "duration" : 60.0,
      "distance" : 46.0,
      "steps" : 91
    }, {
      "activity" : "walking",
      "group" : "walking",
      "manual" : false,
      "startTime" : "20150216T154003-0500",
      "endTime" : "20150216T154103-0500",
      "duration" : 60.0,
      "distance" : 50.0,
      "steps" : 101
    } ],
    "lastUpdate" : "20150216T235341Z"
  }, {
    "type" : "move",
    "startTime" : "20150216T154234-0500",
    "endTime" : "20150216T155558-0500",
    "activities" : [ {
      "activity" : "cycling",
      "group" : "cycling",
      "manual" : false,
      "startTime" : "20150216T154234-0500",
      "endTime" : "20150216T155558-0500",
      "duration" : 804.0,
      "distance" : 4004.0
    } ],
    "lastUpdate" : "20150216T235341Z"
  }, {
    "type" : "place",
    "startTime" : "20150216T155558-0500",
    "endTime" : "20150216T184009-0500",
    "activities" : [ {
      "activity" : "walking",
      "group" : "walking",
      "manual" : false,
      "startTime" : "20150216T155642-0500",
      "endTime" : "20150216T155726-0500",
      "duration" : 44.0,
      "distance" : 44.0,
      "steps" : 87
    }, {
      "activity" : "walking",
      "group" : "walking",
      "manual" : false,
      "startTime" : "20150216T160000-0500",
      "endTime" : "20150216T160205-0500",
      "duration" : 125.0,
      "distance" : 159.0,
      "steps" : 211
    }, {
      "activity" : "walking",
      "group" : "walking",
      "manual" : false,
      "startTime" : "20150216T174340-0500",
      "endTime" : "20150216T174536-0500",
      "duration" : 116.0,
      "distance" : 82.0,
      "steps" : 164
    }, {
      "activity" : "walking",
      "group" : "walking",
      "manual" : false,
      "startTime" : "20150216T183111-0500",
      "endTime" : "20150216T183941-0500",
      "duration" : 510.0,
      "distance" : 567.0,
      "steps" : 756
    } ],
    "lastUpdate" : "20150217T012729Z"
  }, {
    "type" : "move",
    "startTime" : "20150216T184009-0500",
    "endTime" : "20150216T185401-0500",
    "activities" : [ {
      "activity" : "cycling",
      "group" : "cycling",
      "manual" : false,
      "startTime" : "20150216T184009-0500",
      "endTime" : "20150216T185402-0500",
      "duration" : 833.0,
      "distance" : 4724.0
    } ],
    "lastUpdate" : "20150217T012729Z"
  }, {
    "type" : "place",
    "startTime" : "20150216T185401-0500",
    "endTime" : "20150216T210800-0500",
    "activities" : [ {
      "activity" : "walking",
      "group" : "walking",
      "manual" : false,
      "startTime" : "20150216T185612-0500",
      "endTime" : "20150216T185712-0500",
      "duration" : 60.0,
      "distance" : 51.0,
      "steps" : 101
    }, {
      "activity" : "walking",
      "group" : "walking",
      "manual" : false,
      "startTime" : "20150216T191512-0500",
      "endTime" : "20150216T191712-0500",
      "duration" : 120.0,
      "distance" : 66.0,
      "steps" : 132
    }, {
      "activity" : "walking",
      "group" : "walking",
      "manual" : false,
      "startTime" : "20150216T200820-0500",
      "endTime" : "20150216T200920-0500",
      "duration" : 60.0,
      "distance" : 33.0,
      "steps" : 65
    } ],
    "lastUpdate" : "20150217T042918Z"
  }, {
    "type" : "move",
    "startTime" : "20150216T210800-0500",
    "endTime" : "20150216T211718-0500",
    "activities" : [ {
      "activity" : "transport",
      "group" : "transport",
      "manual" : false,
      "startTime" : "20150216T210800-0500",
      "endTime" : "20150216T211718-0500",
      "duration" : 558.0,
      "distance" : 955.0
    } ],
    "lastUpdate" : "20150217T042918Z"
  }, {
    "type" : "place",
    "startTime" : "20150216T211718-0500",
    "endTime" : "20150217T091017-0500",
    "activities" : [ {
      "activity" : "walking",
      "group" : "walking",
      "manual" : false,
      "startTime" : "20150216T211859-0500",
      "endTime" : "20150216T211959-0500",
      "duration" : 60.0,
      "distance" : 60.0,
      "steps" : 121
    } ],
    "lastUpdate" : "20150217T163721Z"
  } ],
  "lastUpdate" : "20150217T163721Z"
} ]