[ {
  "date" : "20150205",
  "summary" : [ {
    "activity" : "running",
    "group" : "running",
    "duration" : 295.0,
    "distance" : 681.0,
    "steps" : 537
  }, {
    "activity" : "walking",
    "group" : "walking",
    "duration" : 2131.0,
    "distance" : 1948.0,
    "steps" : 2746
  }, {
    "activity" : "cycling",
    "group" : "cycling",
    "duration" : 2003.0,
    "distance" : 10902.0
  }, {
    "activity" : "transport",
    "group" : "transport",
    "duration" : 548.0,
    "distance" : 1373.0
  } ],
  "segments" : [ {
    "type" : "move",
    "startTime" : "20150205T071149-0500",
    "endTime" : "20150205T071644-0500",
    "activities" : [ {
      "activity" : "running",
      "group" : "running",
      "manual" : false,
      "startTime" : "20150205T071149-0500",
      "endTime" : "20150205T071644-0500",
      "duration" : 295.0,
      "distance" : 681.0,
      "steps" : 537
    } ],
    "lastUpdate" : "20150205T130306Z"
  }, {
    "type" : "place",
    "startTime" : "20150205T071644-0500",
    "endTime" : "20150205T121553-0500",
    "activities" : [ {
      "activity" : "walking",
      "group" : "walking",
      "manual" : false,
      "startTime" : "20150205T072946-0500",
      "endTime" : "20150205T073346-0500",
      "duration" : 240.0,
      "distance" : 180.0,
      "steps" : 193
    }, {
      "activity" : "walking",
      "group" : "walking",
      "manual" : false,
      "startTime" : "20150205T080252-0500",
      "endTime" : "20150205T080352-0500",
      "duration" : 60.0,
      "distance" : 30.0,
      "steps" : 51
    } ],
    "lastUpdate" : "20150205T184227Z"
  }, {
    "type" : "move",
    "startTime" : "20150205T121553-0500",
    "endTime" : "20150205T122640-0500",
    "activities" : [ {
      "activity" : "cycling",
      "group" : "cycling",
      "manual" : false,
      "startTime" : "20150205T121553-0500",
      "endTime" : "20150205T122640-0500",
      "duration" : 647.0,
      "distance" : 4018.0
    } ],
    "lastUpdate" : "20150205T184227Z"
  }, {
    "type" : "place",
    "startTime" : "20150205T122640-0500",
    "endTime" : "20150205T125747-0500",
    "activities" : [ {
      "activity" : "walking",
      "group" : "walking",
      "manual" : false,
      "startTime" : "20150205T122740-0500",
      "endTime" : "20150205T123128-0500",
      "duration" : 228.0,
      "distance" : 296.0,
      "steps" : 395
    } ],
    "lastUpdate" : "20150205T184227Z"
  }, {
    "type" : "move",
    "startTime" : "20150205T125747-0500",
    "endTime" : "20150205T125854-0500",
    "activities" : [ {
      "activity" : "transport",
      "group" : "transport",
      "manual" : false,
      "startTime" : "20150205T125747-0500",
      "endTime" : "20150205T125854-0500",
      "duration" : 67.0,
      "distance" : 423.0
    } ],
    "lastUpdate" : "20150205T184227Z"
  }, {
    "type" : "place",
    "startTime" : "20150205T125854-0500",
    "endTime" : "20150205T133639-0500",
    "activities" : [ {
      "activity" : "walking",
      "group" : "walking",
      "manual" : false,
      "startTime" : "20150205T125924-0500",
      "endTime" : "20150205T130326-0500",
      "duration" : 242.0,
      "distance" : 248.0,
      "steps" : 350
    } ],
    "lastUpdate" : "20150205T203803Z"
  }, {
    "type" : "move",
    "startTime" : "20150205T133639-0500",
    "endTime" : "20150205T134557-0500",
    "activities" : [ {
      "activity" : "cycling",
      "group" : "cycling",
      "manual" : false,
      "startTime" : "20150205T133639-0500",
      "endTime" : "20150205T134132-0500",
      "duration" : 293.0,
      "distance" : 1169.0
    }, {
      "activity" : "walking",
      "group" : "walking",
      "manual" : false,
      "startTime" : "20150205T134132-0500",
      "endTime" : "20150205T134556-0500",
      "duration" : 264.0,
      "distance" : 282.0,
      "steps" : 235
    } ],
    "lastUpdate" : "20150205T203803Z"
  }, {
    "type" : "place",
    "startTime" : "20150205T134557-0500",
    "endTime" : "20150205T145812-0500",
    "activities" : [ {
      "activity" : "walking",
      "group" : "walking",
      "manual" : false,
      "startTime" : "20150205T135404-0500",
      "endTime" : "20150205T135434-0500",
      "duration" : 30.0,
      "distance" : 25.0,
      "steps" : 50
    } ],
    "lastUpdate" : "20150205T234003Z"
  }, {
    "type" : "move",
    "startTime" : "20150205T145812-0500",
    "endTime" : "20150205T150700-0500",
    "activities" : [ {
      "activity" : "walking",
      "group" : "walking",
      "manual" : false,
      "startTime" : "20150205T145812-0500",
      "endTime" : "20150205T150113-0500",
      "duration" : 181.0,
      "distance" : 156.0,
      "steps" : 256
    }, {
      "activity" : "cycling",
      "group" : "cycling",
      "manual" : false,
      "startTime" : "20150205T150414-0500",
      "endTime" : "20150205T150700-0500",
      "duration" : 166.0,
      "distance" : 983.0
    } ],
    "lastUpdate" : "20150205T234003Z"
  }, {
    "type" : "place",
    "startTime" : "20150205T150700-0500",
    "endTime" : "20150205T155312-0500",
    "activities" : [ {
      "activity" : "walking",
      "group" : "walking",
      "manual" : false,
      "startTime" : "20150205T150713-0500",
      "endTime" : "20150205T150913-0500",
      "duration" : 120.0,
      "distance" : 145.0,
      "steps" : 193
    } ],
    "lastUpdate" : "20150205T234003Z"
  }, {
    "type" : "move",
    "startTime" : "20150205T155312-0500",
    "endTime" : "20150205T160321-0500",
    "activities" : [ {
      "activity" : "walking",
      "group" : "walking",
      "manual" : false,
      "startTime" : "20150205T155312-0500",
      "endTime" : "20150205T155540-0500",
      "duration" : 148.0,
      "distance" : 100.0,
      "steps" : 200
    }, {
      "activity" : "transport",
      "group" : "transport",
      "manual" : false,
      "startTime" : "20150205T155540-0500",
      "endTime" : "20150205T160108-0500",
      "duration" : 328.0,
      "distance" : 454.0
    }, {
      "activity" : "cycling",
      "group" : "cycling",
      "manual" : false,
      "startTime" : "20150205T160108-0500",
      "endTime" : "20150205T160321-0500",
      "duration" : 133.0,
      "distance" : 636.0
    } ],
    "lastUpdate" : "20150205T234003Z"
  }, {
    "type" : "place",
    "startTime" : "20150205T160321-0500",
    "endTime" : "20150205T180112-0500",
    "activities" : [ {
      "activity" : "walking",
      "group" : "walking",
      "manual" : false,
      "startTime" : "20150205T160508-0500",
      "endTime" : "20150205T160746-0500",
      "duration" : 158.0,
      "distance" : 201.0,
      "steps" : 268
    }, {
      "activity" : "walking",
      "group" : "walking",
      "manual" : false,
      "startTime" : "20150205T175749-0500",
      "endTime" : "20150205T175849-0500",
      "duration" : 60.0,
      "distance" : 36.0,
      "steps" : 71
    } ],
    "lastUpdate" : "20150206T011110Z"
  }, {
    "type" : "place",
    "startTime" : "20150205T180112-0500",
    "endTime" : "20150205T200626-0500",
    "activities" : [ {
      "activity" : "walking",
      "group" : "walking",
      "manual" : false,
      "startTime" : "20150205T180115-0500",
      "endTime" : "20150205T180215-0500",
      "duration" : 60.0,
      "distance" : 46.0,
      "steps" : 91
    }, {
      "activity" : "walking",
      "group" : "walking",
      "manual" : false,
      "startTime" : "20150205T190609-0500",
      "endTime" : "20150205T190711-0500",
      "duration" : 62.0,
      "distance" : 38.0,
      "steps" : 75
    }, {
      "activity" : "walking",
      "group" : "walking",
      "manual" : false,
      "startTime" : "20150205T200000-0500",
      "endTime" : "20150205T200156-0500",
      "duration" : 116.0,
      "distance" : 64.0,
      "steps" : 127
    } ],
    "lastUpdate" : "20150206T041341Z"
  }, {
    "type" : "move",
    "startTime" : "20150205T200626-0500",
    "endTime" : "20150205T201910-0500",
    "activities" : [ {
      "activity" : "cycling",
      "group" : "cycling",
      "manual" : false,
      "startTime" : "20150205T200626-0500",
      "endTime" : "20150205T201910-0500",
      "duration" : 764.0,
      "distance" : 4096.0
    } ],
    "lastUpdate" : "20150206T041341Z"
  }, {
    "type" : "place",
    "startTime" : "20150205T201910-0500",
    "endTime" : "20150205T220544-0500",
    "activities" : [ {
      "activity" : "walking",
      "group" : "walking",
      "manual" : false,
      "startTime" : "20150205T201922-0500",
      "endTime" : "20150205T202039-0500",
      "duration" : 77.0,
      "distance" : 39.0,
      "steps" : 66
    }, {
      "activity" : "walking",
      "group" : "walking",
      "manual" : false,
      "startTime" : "20150205T220244-0500",
      "endTime" : "20150205T220314-0500",
      "duration" : 30.0,
      "distance" : 25.0,
      "steps" : 50
    } ],
    "lastUpdate" : "20150206T041341Z"
  }, {
    "type" : "move",
    "startTime" : "20150205T220544-0500",
    "endTime" : "20150205T220817-0500",
    "activities" : [ {
      "activity" : "transport",
      "group" : "transport",
      "manual" : false,
      "startTime" : "20150205T220544-0500",
      "endTime" : "20150205T220817-0500",
      "duration" : 153.0,
      "distance" : 496.0
    } ],
    "lastUpdate" : "20150206T041341Z"
  }, {
    "type" : "place",
    "startTime" : "20150205T220817-0500",
    "endTime" : "20150206T051657-0500",
    "activities" : [ {
      "activity" : "walking",
      "group" : "walking",
      "manual" : false,
      "startTime" : "20150205T220948-0500",
      "endTime" : "20150205T221043-0500",
      "duration" : 55.0,
      "distance" : 37.0,
      "steps" : 75
    } ],
    "lastUpdate" : "20150206T141341Z"
  } ],
  "lastUpdate" : "20150206T141341Z"
} ]