[ {
  "date" : "20150128",
  "summary" : [ {
    "activity" : "walking",
    "group" : "walking",
    "duration" : 4117.0,
    "distance" : 3805.0,
    "steps" : 4993
  } ],
  "segments" : [ {
    "type" : "place",
    "startTime" : "20150127T121214-0500",
    "endTime" : "20150128T193330-0500",
    "activities" : [ {
      "activity" : "walking",
      "group" : "walking",
      "manual" : false,
      "startTime" : "20150128T050535-0500",
      "endTime" : "20150128T050622-0500",
      "duration" : 47.0,
      "distance" : 24.0,
      "steps" : 34
    }, {
      "activity" : "walking",
      "group" : "walking",
      "manual" : false,
      "startTime" : "20150128T065220-0500",
      "endTime" : "20150128T065250-0500",
      "duration" : 30.0,
      "distance" : 15.0,
      "steps" : 24
    }, {
      "activity" : "walking",
      "group" : "walking",
      "manual" : false,
      "startTime" : "20150128T072600-0500",
      "endTime" : "20150128T072730-0500",
      "duration" : 90.0,
      "distance" : 76.0,
      "steps" : 152
    }, {
      "activity" : "walking",
      "group" : "walking",
      "manual" : false,
      "startTime" : "20150128T080041-0500",
      "endTime" : "20150128T080410-0500",
      "duration" : 209.0,
      "distance" : 198.0,
      "steps" : 264
    }, {
      "activity" : "walking",
      "group" : "walking",
      "manual" : false,
      "startTime" : "20150128T090322-0500",
      "endTime" : "20150128T090743-0500",
      "duration" : 261.0,
      "distance" : 238.0,
      "steps" : 317
    }, {
      "activity" : "walking",
      "group" : "walking",
      "manual" : false,
      "startTime" : "20150128T113155-0500",
      "endTime" : "20150128T113225-0500",
      "duration" : 30.0,
      "distance" : 15.0,
      "steps" : 15
    }, {
      "activity" : "walking",
      "group" : "walking",
      "manual" : false,
      "startTime" : "20150128T154744-0500",
      "endTime" : "20150128T154814-0500",
      "duration" : 30.0,
      "distance" : 20.0,
      "steps" : 40
    }, {
      "activity" : "walking",
      "group" : "walking",
      "manual" : false,
      "startTime" : "20150128T174748-0500",
      "endTime" : "20150128T174818-0500",
      "duration" : 30.0,
      "distance" : 20.0,
      "steps" : 41
    }, {
      "activity" : "walking",
      "group" : "walking",
      "manual" : false,
      "startTime" : "20150128T184439-0500",
      "endTime" : "20150128T184509-0500",
      "duration" : 30.0,
      "distance" : 15.0,
      "steps" : 30
    }, {
      "activity" : "walking",
      "group" : "walking",
      "manual" : false,
      "startTime" : "20150128T193023-0500",
      "endTime" : "20150128T201048-0500",
      "duration" : 2425.0,
      "distance" : 2027.0,
      "steps" : 2703
    } ],
    "lastUpdate" : "20150129T021540Z"
  }, {
    "type" : "move",
    "startTime" : "20150128T193330-0500",
    "endTime" : "20150128T193815-0500",
    "activities" : [ {
      "activity" : "walking",
      "group" : "walking",
      "manual" : false,
      "startTime" : "20150128T193330-0500",
      "endTime" : "20150128T193814-0500",
      "duration" : 284.0,
      "distance" : 514.0,
      "steps" : 479
    } ],
    "lastUpdate" : "20150129T021540Z"
  }, {
    "type" : "place",
    "startTime" : "20150128T193815-0500",
    "endTime" : "20150128T221611-0500",
    "activities" : [ {
      "activity" : "walking",
      "group" : "walking",
      "manual" : false,
      "startTime" : "20150128T194309-0500",
      "endTime" : "20150128T194339-0500",
      "duration" : 30.0,
      "distance" : 20.0,
      "steps" : 41
    }, {
      "activity" : "walking",
      "group" : "walking",
      "manual" : false,
      "startTime" : "20150128T211616-0500",
      "endTime" : "20150128T211705-0500",
      "duration" : 49.0,
      "distance" : 30.0,
      "steps" : 61
    }, {
      "activity" : "walking",
      "group" : "walking",
      "manual" : false,
      "startTime" : "20150128T220552-0500",
      "endTime" : "20150128T220622-0500",
      "duration" : 30.0,
      "distance" : 15.0,
      "steps" : 30
    } ],
    "lastUpdate" : "20150129T044302Z"
  }, {
    "type" : "move",
    "startTime" : "20150128T221611-0500",
    "endTime" : "20150128T222442-0500",
    "activities" : [ {
      "activity" : "walking",
      "group" : "walking",
      "manual" : false,
      "startTime" : "20150128T221611-0500",
      "endTime" : "20150128T222443-0500",
      "duration" : 512.0,
      "distance" : 563.0,
      "steps" : 742
    } ],
    "lastUpdate" : "20150129T044302Z"
  }, {
    "type" : "place",
    "startTime" : "20150128T222443-0500",
    "endTime" : "20150129T125333-0500",
    "activities" : [ {
      "activity" : "walking",
      "group" : "walking",
      "manual" : false,
      "startTime" : "20150128T222521-0500",
      "endTime" : "20150128T222551-0500",
      "duration" : 30.0,
      "distance" : 15.0,
      "steps" : 20
    } ],
    "lastUpdate" : "20150129T195301Z"
  } ],
  "lastUpdate" : "20150129T195301Z"
} ]