[ {
  "date" : "20150206",
  "segments" : [ {
    "type" : "place",
    "startTime" : "20150205T220817-0500",
    "endTime" : "20150206T051657-0500",
    "place" : {
      "id" : 193512500,
      "name" : "Home",
      "type" : "home",
      "location" : {
        "lat" : 29.6564969542,
        "lon" : -82.3267639009
      }
    },
    "lastUpdate" : "20150206T141341Z"
  }, {
    "type" : "place",
    "startTime" : "20150206T052022-0500",
    "endTime" : "20150206T091054-0500",
    "place" : {
      "id" : 193512500,
      "name" : "Home",
      "type" : "home",
      "location" : {
        "lat" : 29.6564969542,
        "lon" : -82.3267639009
      }
    },
    "lastUpdate" : "20150206T192319Z"
  }, {
    "type" : "place",
    "startTime" : "20150206T092503-0500",
    "endTime" : "20150206T115035-0500",
    "place" : {
      "id" : 194026337,
      "type" : "unknown",
      "location" : {
        "lat" : 29.6512341808,
        "lon" : -82.3326901892
      }
    },
    "lastUpdate" : "20150206T192319Z"
  }, {
    "type" : "place",
    "startTime" : "20150206T120503-0500",
    "endTime" : "20150206T200503-0500",
    "place" : {
      "id" : 193512500,
      "name" : "Home",
      "type" : "home",
      "location" : {
        "lat" : 29.6564969542,
        "lon" : -82.3267639009
      }
    },
    "lastUpdate" : "20150207T025751Z"
  }, {
    "type" : "place",
    "startTime" : "20150206T202305-0500",
    "endTime" : "20150206T211805-0500",
    "place" : {
      "id" : 194101900,
      "type" : "unknown",
      "location" : {
        "lat" : 29.6520824537,
        "lon" : -82.3360316378
      }
    },
    "lastUpdate" : "20150207T041052Z"
  }, {
    "type" : "place",
    "startTime" : "20150206T213720-0500",
    "endTime" : "20150206T230326-0500",
    "place" : {
      "id" : 194113204,
      "type" : "unknown",
      "location" : {
        "lat" : 29.6528712451,
        "lon" : -82.3254689281
      }
    },
    "lastUpdate" : "20150207T060001Z"
  }, {
    "type" : "place",
    "startTime" : "20150206T231124-0500",
    "endTime" : "20150207T083918-0500",
    "place" : {
      "id" : 193512500,
      "name" : "Home",
      "type" : "home",
      "location" : {
        "lat" : 29.6564969542,
        "lon" : -82.3267639009
      }
    },
    "lastUpdate" : "20150207T170937Z"
  } ],
  "lastUpdate" : "20150207T170937Z"
} ]