[ {
  "date" : "20150127",
  "segments" : [ {
    "type" : "place",
    "startTime" : "20150126T185534-0500",
    "endTime" : "20150127T062233-0500",
    "place" : {
      "id" : 191508619,
      "type" : "unknown",
      "location" : {
        "lat" : 29.6565354608,
        "lon" : -82.326775329
      }
    },
    "lastUpdate" : "20150127T125931Z"
  }, {
    "type" : "place",
    "startTime" : "20150127T062654-0500",
    "endTime" : "20150127T080939-0500",
    "place" : {
      "id" : 191508619,
      "type" : "unknown",
      "location" : {
        "lat" : 29.6565354608,
        "lon" : -82.326775329
      }
    },
    "lastUpdate" : "20150127T144807Z"
  }, {
    "type" : "place",
    "startTime" : "20150127T082101-0500",
    "endTime" : "20150127T091147-0500",
    "place" : {
      "id" : 191864250,
      "type" : "unknown",
      "location" : {
        "lat" : 29.6717569188,
        "lon" : -82.3393605736
      }
    },
    "lastUpdate" : "20150127T161906Z"
  }, {
    "type" : "place",
    "startTime" : "20150127T092929-0500",
    "endTime" : "20150127T114220-0500",
    "place" : {
      "id" : 191770626,
      "type" : "unknown",
      "location" : {
        "lat" : 29.6401239601,
        "lon" : -82.3500331577
      }
    },
    "lastUpdate" : "20150127T222346Z"
  }, {
    "type" : "place",
    "startTime" : "20150127T115233-0500",
    "endTime" : "20150127T115628-0500",
    "place" : {
      "id" : 191902248,
      "type" : "unknown",
      "location" : {
        "lat" : 29.6350970312,
        "lon" : -82.3553268138
      }
    },
    "lastUpdate" : "20150127T222346Z"
  }, {
    "type" : "place",
    "startTime" : "20150127T121214-0500",
    "endTime" : "20150128T193330-0500",
    "place" : {
      "id" : 191508619,
      "type" : "unknown",
      "location" : {
        "lat" : 29.6565354608,
        "lon" : -82.326775329
      }
    },
    "lastUpdate" : "20150129T021540Z"
  } ],
  "lastUpdate" : "20150129T021540Z"
} ]