[ {
  "date" : "20150204",
  "segments" : [ {
    "type" : "place",
    "startTime" : "20150203T231630-0500",
    "endTime" : "20150204T051221-0500",
    "place" : {
      "id" : 191508619,
      "type" : "unknown",
      "location" : {
        "lat" : 29.6565354608,
        "lon" : -82.326775329
      }
    },
    "lastUpdate" : "20150204T124702Z"
  }, {
    "type" : "place",
    "startTime" : "20150204T051700-0500",
    "endTime" : "20150204T081314-0500",
    "place" : {
      "id" : 193512500,
      "name" : "Home",
      "type" : "home",
      "location" : {
        "lat" : 29.6564969542,
        "lon" : -82.3267639009
      }
    },
    "lastUpdate" : "20150204T141804Z"
  }, {
    "type" : "place",
    "startTime" : "20150204T082204-0500",
    "endTime" : "20150204T114623-0500",
    "place" : {
      "id" : 192487158,
      "type" : "unknown",
      "location" : {
        "lat" : 29.641591782,
        "lon" : -82.3448683504
      }
    },
    "lastUpdate" : "20150204T185103Z"
  }, {
    "type" : "place",
    "startTime" : "20150204T115903-0500",
    "endTime" : "20150205T071149-0500",
    "place" : {
      "id" : 193512500,
      "name" : "Home",
      "type" : "home",
      "location" : {
        "lat" : 29.6564969542,
        "lon" : -82.3267639009
      }
    },
    "lastUpdate" : "20150205T130306Z"
  } ],
  "lastUpdate" : "20150205T130306Z"
} ]