[ {
  "date" : "20150203",
  "segments" : [ {
    "type" : "place",
    "startTime" : "20150202T224359-0500",
    "endTime" : "20150203T050141-0500",
    "place" : {
      "id" : 193512500,
      "name" : "Home",
      "type" : "home",
      "location" : {
        "lat" : 29.6564969542,
        "lon" : -82.3267639009
      }
    },
    "lastUpdate" : "20150204T125748Z"
  }, {
    "type" : "place",
    "startTime" : "20150203T050618-0500",
    "endTime" : "20150203T053733-0500",
    "place" : {
      "id" : 191508619,
      "type" : "unknown",
      "location" : {
        "lat" : 29.6565354608,
        "lon" : -82.326775329
      }
    },
    "lastUpdate" : "20150203T123324Z"
  }, {
    "type" : "place",
    "startTime" : "20150203T054447-0500",
    "endTime" : "20150203T072345-0500",
    "place" : {
      "id" : 191555477,
      "type" : "unknown",
      "location" : {
        "lat" : 29.6584308887,
        "lon" : -82.3231472242
      }
    },
    "lastUpdate" : "20150203T153309Z"
  }, {
    "type" : "place",
    "startTime" : "20150203T073028-0500",
    "endTime" : "20150203T081332-0500",
    "place" : {
      "id" : 191508619,
      "type" : "unknown",
      "location" : {
        "lat" : 29.6565354608,
        "lon" : -82.326775329
      }
    },
    "lastUpdate" : "20150203T153309Z"
  }, {
    "type" : "place",
    "startTime" : "20150203T082358-0500",
    "endTime" : "20150203T113134-0500",
    "place" : {
      "id" : 191770626,
      "type" : "unknown",
      "location" : {
        "lat" : 29.6401239601,
        "lon" : -82.3500331577
      }
    },
    "lastUpdate" : "20150203T183554Z"
  }, {
    "type" : "place",
    "startTime" : "20150203T114537-0500",
    "endTime" : "20150203T121729-0500",
    "place" : {
      "id" : 191508619,
      "type" : "unknown",
      "location" : {
        "lat" : 29.6565354608,
        "lon" : -82.326775329
      }
    },
    "lastUpdate" : "20150203T183554Z"
  }, {
    "type" : "place",
    "startTime" : "20150203T122923-0500",
    "endTime" : "20150203T163330-0500",
    "place" : {
      "id" : 192536761,
      "type" : "unknown",
      "location" : {
        "lat" : 29.6494642535,
        "lon" : -82.2954513859
      }
    },
    "lastUpdate" : "20150204T051204Z"
  }, {
    "type" : "place",
    "startTime" : "20150203T203138-0500",
    "endTime" : "20150203T230624-0500",
    "place" : {
      "id" : 191555477,
      "type" : "unknown",
      "location" : {
        "lat" : 29.6584308887,
        "lon" : -82.3231472242
      }
    },
    "lastUpdate" : "20150204T051204Z"
  }, {
    "type" : "place",
    "startTime" : "20150203T231630-0500",
    "endTime" : "20150204T051221-0500",
    "place" : {
      "id" : 191508619,
      "type" : "unknown",
      "location" : {
        "lat" : 29.6565354608,
        "lon" : -82.326775329
      }
    },
    "lastUpdate" : "20150204T124702Z"
  } ],
  "lastUpdate" : "20150204T125748Z"
} ]