[ {
  "date" : "20150213",
  "segments" : [ {
    "type" : "place",
    "startTime" : "20150212T202922-0500",
    "endTime" : "20150213T072735-0500",
    "place" : {
      "id" : 193512500,
      "name" : "Home",
      "type" : "home",
      "location" : {
        "lat" : 29.6564969542,
        "lon" : -82.3267639009
      }
    },
    "lastUpdate" : "20150213T140235Z"
  }, {
    "type" : "place",
    "startTime" : "20150213T074329-0500",
    "endTime" : "20150213T092443-0500",
    "place" : {
      "id" : 195652396,
      "type" : "unknown",
      "location" : {
        "lat" : 29.6378095876,
        "lon" : -82.3496177369
      }
    },
    "lastUpdate" : "20150213T153345Z"
  }, {
    "type" : "place",
    "startTime" : "20150213T092725-0500",
    "endTime" : "20150213T124228-0500",
    "place" : {
      "id" : 192487158,
      "type" : "unknown",
      "location" : {
        "lat" : 29.641591782,
        "lon" : -82.3448683504
      }
    },
    "lastUpdate" : "20150213T183537Z"
  }, {
    "type" : "place",
    "startTime" : "20150213T125655-0500",
    "endTime" : "20150214T073430-0500",
    "place" : {
      "id" : 193512500,
      "name" : "Home",
      "type" : "home",
      "location" : {
        "lat" : 29.6564969542,
        "lon" : -82.3267639009
      }
    },
    "lastUpdate" : "20150214T141828Z"
  } ],
  "lastUpdate" : "20150214T141828Z"
} ]