[ {
  "date" : "20150217",
  "segments" : [ {
    "type" : "place",
    "startTime" : "20150216T211718-0500",
    "endTime" : "20150217T091017-0500",
    "place" : {
      "id" : 193512500,
      "name" : "Home",
      "type" : "home",
      "location" : {
        "lat" : 29.6564969542,
        "lon" : -82.3267639009
      }
    },
    "lastUpdate" : "20150217T163721Z"
  }, {
    "type" : "place",
    "startTime" : "20150217T092402-0500",
    "endTime" : "20150217T114646-0500",
    "place" : {
      "id" : 191770626,
      "type" : "unknown",
      "location" : {
        "lat" : 29.6401239601,
        "lon" : -82.3500331577
      }
    },
    "lastUpdate" : "20150217T193933Z"
  }, {
    "type" : "place",
    "startTime" : "20150217T120716-0500",
    "endTime" : "20150218T183057-0500",
    "place" : {
      "id" : 193512500,
      "name" : "Home",
      "type" : "home",
      "location" : {
        "lat" : 29.6564969542,
        "lon" : -82.3267639009
      }
    },
    "lastUpdate" : "20150219T015923Z"
  } ],
  "lastUpdate" : "20150219T015923Z"
} ]