[ {
  "date" : "20150128",
  "segments" : [ {
    "type" : "place",
    "startTime" : "20150127T121214-0500",
    "endTime" : "20150128T193330-0500",
    "place" : {
      "id" : 191508619,
      "type" : "unknown",
      "location" : {
        "lat" : 29.6565354608,
        "lon" : -82.326775329
      }
    },
    "lastUpdate" : "20150129T021540Z"
  }, {
    "type" : "place",
    "startTime" : "20150128T193815-0500",
    "endTime" : "20150128T221611-0500",
    "place" : {
      "id" : 191555477,
      "type" : "unknown",
      "location" : {
        "lat" : 29.6584308887,
        "lon" : -82.3231472242
      }
    },
    "lastUpdate" : "20150129T044302Z"
  }, {
    "type" : "place",
    "startTime" : "20150128T222443-0500",
    "endTime" : "20150129T125333-0500",
    "place" : {
      "id" : 191508619,
      "type" : "unknown",
      "location" : {
        "lat" : 29.6565354608,
        "lon" : -82.326775329
      }
    },
    "lastUpdate" : "20150129T195301Z"
  } ],
  "lastUpdate" : "20150129T195301Z"
} ]