[ {
  "date" : "20150130",
  "segments" : [ {
    "type" : "place",
    "startTime" : "20150129T203236-0500",
    "endTime" : "20150130T091715-0500",
    "place" : {
      "id" : 191508619,
      "type" : "unknown",
      "location" : {
        "lat" : 29.6565354608,
        "lon" : -82.326775329
      }
    },
    "lastUpdate" : "20150130T170701Z"
  }, {
    "type" : "place",
    "startTime" : "20150130T092643-0500",
    "endTime" : "20150130T123711-0500",
    "place" : {
      "id" : 192487158,
      "type" : "unknown",
      "location" : {
        "lat" : 29.641591782,
        "lon" : -82.3448683504
      }
    },
    "lastUpdate" : "20150130T185831Z"
  }, {
    "type" : "place",
    "startTime" : "20150130T125317-0500",
    "endTime" : "20150130T133427-0500",
    "place" : {
      "id" : 192508698,
      "type" : "unknown",
      "location" : {
        "lat" : 29.6487508042,
        "lon" : -82.2959208587
      }
    },
    "lastUpdate" : "20150130T214036Z"
  }, {
    "type" : "place",
    "startTime" : "20150130T134056-0500",
    "endTime" : "20150130T134849-0500",
    "place" : {
      "id" : 192536760,
      "type" : "unknown",
      "location" : {
        "lat" : 29.6465881362,
        "lon" : -82.2937236646
      }
    },
    "lastUpdate" : "20150130T214036Z"
  }, {
    "type" : "place",
    "startTime" : "20150130T134930-0500",
    "endTime" : "20150130T170936-0500",
    "place" : {
      "id" : 192536761,
      "type" : "unknown",
      "location" : {
        "lat" : 29.6494642535,
        "lon" : -82.2954513859
      }
    },
    "lastUpdate" : "20150131T004125Z"
  }, {
    "type" : "place",
    "startTime" : "20150130T172259-0500",
    "endTime" : "20150130T214228-0500",
    "place" : {
      "id" : 191508619,
      "type" : "unknown",
      "location" : {
        "lat" : 29.6565354608,
        "lon" : -82.326775329
      }
    },
    "lastUpdate" : "20150131T051437Z"
  }, {
    "type" : "place",
    "startTime" : "20150130T221132-0500",
    "endTime" : "20150131T151335-0500",
    "place" : {
      "id" : 191508619,
      "type" : "unknown",
      "location" : {
        "lat" : 29.6565354608,
        "lon" : -82.326775329
      }
    },
    "lastUpdate" : "20150131T215550Z"
  } ],
  "lastUpdate" : "20150131T215550Z"
} ]