[ {
  "date" : "20150214",
  "segments" : [ {
    "type" : "place",
    "startTime" : "20150213T125655-0500",
    "endTime" : "20150214T073430-0500",
    "place" : {
      "id" : 193512500,
      "name" : "Home",
      "type" : "home",
      "location" : {
        "lat" : 29.6564969542,
        "lon" : -82.3267639009
      }
    },
    "lastUpdate" : "20150214T141828Z"
  }, {
    "type" : "place",
    "startTime" : "20150214T073714-0500",
    "endTime" : "20150214T075423-0500",
    "place" : {
      "id" : 195954037,
      "type" : "unknown",
      "location" : {
        "lat" : 29.6636619757,
        "lon" : -82.3252243903
      }
    },
    "lastUpdate" : "20150214T141828Z"
  }, {
    "type" : "place",
    "startTime" : "20150214T075733-0500",
    "endTime" : "20150214T161341-0500",
    "place" : {
      "id" : 193512500,
      "name" : "Home",
      "type" : "home",
      "location" : {
        "lat" : 29.6564969542,
        "lon" : -82.3267639009
      }
    },
    "lastUpdate" : "20150214T230811Z"
  }, {
    "type" : "place",
    "startTime" : "20150214T162719-0500",
    "endTime" : "20150214T165057-0500",
    "place" : {
      "id" : 192984494,
      "type" : "unknown",
      "location" : {
        "lat" : 29.6565615853,
        "lon" : -82.3187163055
      }
    },
    "lastUpdate" : "20150214T230811Z"
  }, {
    "type" : "place",
    "startTime" : "20150214T170147-0500",
    "endTime" : "20150214T173832-0500",
    "place" : {
      "id" : 194358174,
      "type" : "unknown",
      "location" : {
        "lat" : 29.6552008039,
        "lon" : -82.3227941816
      }
    },
    "lastUpdate" : "20150215T005608Z"
  }, {
    "type" : "place",
    "startTime" : "20150214T174405-0500",
    "endTime" : "20150214T180245-0500",
    "place" : {
      "id" : 196095668,
      "type" : "unknown",
      "location" : {
        "lat" : 29.6566936883,
        "lon" : -82.3225555348
      }
    },
    "lastUpdate" : "20150215T005608Z"
  }, {
    "type" : "place",
    "startTime" : "20150214T180829-0500",
    "endTime" : "20150215T182006-0500",
    "place" : {
      "id" : 193512500,
      "name" : "Home",
      "type" : "home",
      "location" : {
        "lat" : 29.6564969542,
        "lon" : -82.3267639009
      }
    },
    "lastUpdate" : "20150216T011132Z"
  } ],
  "lastUpdate" : "20150216T011132Z"
} ]