[ {
  "date" : "20150210",
  "segments" : [ {
    "type" : "place",
    "startTime" : "20150209T205515-0500",
    "endTime" : "20150210T092241-0500",
    "place" : {
      "id" : 193512500,
      "name" : "Home",
      "type" : "home",
      "location" : {
        "lat" : 29.6564969542,
        "lon" : -82.3267639009
      }
    },
    "lastUpdate" : "20150210T155424Z"
  }, {
    "type" : "place",
    "startTime" : "20150210T093057-0500",
    "endTime" : "20150210T115717-0500",
    "place" : {
      "id" : 191770626,
      "type" : "unknown",
      "location" : {
        "lat" : 29.6401239601,
        "lon" : -82.3500331577
      }
    },
    "lastUpdate" : "20150210T185550Z"
  }, {
    "type" : "place",
    "startTime" : "20150210T115926-0500",
    "endTime" : "20150210T132549-0500",
    "place" : {
      "id" : 192346338,
      "type" : "unknown",
      "location" : {
        "lat" : 29.641247577,
        "lon" : -82.3457681414
      }
    },
    "lastUpdate" : "20150210T202642Z"
  }, {
    "type" : "place",
    "startTime" : "20150210T132956-0500",
    "endTime" : "20150210T140654-0500",
    "place" : {
      "id" : 192323597,
      "type" : "unknown",
      "location" : {
        "lat" : 29.6375018345,
        "lon" : -82.3518371665
      }
    },
    "lastUpdate" : "20150210T202642Z"
  }, {
    "type" : "place",
    "startTime" : "20150210T142228-0500",
    "endTime" : "20150211T183327-0500",
    "place" : {
      "id" : 193512500,
      "name" : "Home",
      "type" : "home",
      "location" : {
        "lat" : 29.6564969542,
        "lon" : -82.3267639009
      }
    },
    "lastUpdate" : "20150212T015702Z"
  } ],
  "lastUpdate" : "20150212T015702Z"
} ]