[ {
  "date" : "20150208",
  "segments" : [ {
    "type" : "place",
    "startTime" : "20150207T190355-0500",
    "endTime" : "20150208T102406-0500",
    "place" : {
      "id" : 193512500,
      "name" : "Home",
      "type" : "home",
      "location" : {
        "lat" : 29.6564969542,
        "lon" : -82.3267639009
      }
    },
    "lastUpdate" : "20150208T181247Z"
  }, {
    "type" : "place",
    "startTime" : "20150208T103751-0500",
    "endTime" : "20150208T130956-0500",
    "place" : {
      "id" : 192984494,
      "type" : "unknown",
      "location" : {
        "lat" : 29.6565615853,
        "lon" : -82.3187163055
      }
    },
    "lastUpdate" : "20150208T212545Z"
  }, {
    "type" : "place",
    "startTime" : "20150208T133206-0500",
    "endTime" : "20150208T173321-0500",
    "place" : {
      "id" : 193512500,
      "name" : "Home",
      "type" : "home",
      "location" : {
        "lat" : 29.6564969542,
        "lon" : -82.3267639009
      }
    },
    "lastUpdate" : "20150208T231337Z"
  }, {
    "type" : "place",
    "startTime" : "20150208T174213-0500",
    "endTime" : "20150208T175605-0500",
    "place" : {
      "id" : 193512500,
      "name" : "Home",
      "type" : "home",
      "location" : {
        "lat" : 29.6564969542,
        "lon" : -82.3267639009
      }
    },
    "lastUpdate" : "20150208T234307Z"
  }, {
    "type" : "place",
    "startTime" : "20150208T175605-0500",
    "endTime" : "20150208T180629-0500",
    "place" : {
      "id" : 194622959,
      "type" : "unknown",
      "location" : {
        "lat" : 29.6577708953,
        "lon" : -82.325915626
      }
    },
    "lastUpdate" : "20150208T234307Z"
  }, {
    "type" : "place",
    "startTime" : "20150208T182154-0500",
    "endTime" : "20150208T190045-0500",
    "place" : {
      "id" : 193512500,
      "name" : "Home",
      "type" : "home",
      "location" : {
        "lat" : 29.6564969542,
        "lon" : -82.3267639009
      }
    },
    "lastUpdate" : "20150209T015857Z"
  }, {
    "type" : "place",
    "startTime" : "20150208T190200-0500",
    "endTime" : "20150208T212952-0500",
    "place" : {
      "id" : 191555477,
      "type" : "unknown",
      "location" : {
        "lat" : 29.6584308887,
        "lon" : -82.3231472242
      }
    },
    "lastUpdate" : "20150209T050102Z"
  }, {
    "type" : "place",
    "startTime" : "20150208T213853-0500",
    "endTime" : "20150209T055704-0500",
    "place" : {
      "id" : 193512500,
      "name" : "Home",
      "type" : "home",
      "location" : {
        "lat" : 29.6564969542,
        "lon" : -82.3267639009
      }
    },
    "lastUpdate" : "20150209T123545Z"
  } ],
  "lastUpdate" : "20150209T123545Z"
} ]