[ {
  "date" : "20150131",
  "segments" : [ {
    "type" : "place",
    "startTime" : "20150130T221132-0500",
    "endTime" : "20150131T151335-0500",
    "place" : {
      "id" : 191508619,
      "type" : "unknown",
      "location" : {
        "lat" : 29.6565354608,
        "lon" : -82.326775329
      }
    },
    "lastUpdate" : "20150131T215550Z"
  }, {
    "type" : "place",
    "startTime" : "20150131T151913-0500",
    "endTime" : "20150131T154939-0500",
    "place" : {
      "id" : 192798050,
      "type" : "unknown",
      "location" : {
        "lat" : 29.6592685914,
        "lon" : -82.3276915099
      }
    },
    "lastUpdate" : "20150131T215550Z"
  }, {
    "type" : "place",
    "startTime" : "20150131T155423-0500",
    "endTime" : "20150131T160111-0500",
    "place" : {
      "id" : 191508619,
      "type" : "unknown",
      "location" : {
        "lat" : 29.6565354608,
        "lon" : -82.326775329
      }
    },
    "lastUpdate" : "20150131T215550Z"
  }, {
    "type" : "place",
    "startTime" : "20150131T160757-0500",
    "endTime" : "20150131T181457-0500",
    "place" : {
      "id" : 192798051,
      "type" : "unknown",
      "location" : {
        "lat" : 29.6555884898,
        "lon" : -82.3229598209
      }
    },
    "lastUpdate" : "20150201T005710Z"
  }, {
    "type" : "place",
    "startTime" : "20150131T182411-0500",
    "endTime" : "20150131T194137-0500",
    "place" : {
      "id" : 191508619,
      "type" : "unknown",
      "location" : {
        "lat" : 29.6565354608,
        "lon" : -82.326775329
      }
    },
    "lastUpdate" : "20150201T022837Z"
  }, {
    "type" : "place",
    "startTime" : "20150131T194447-0500",
    "endTime" : "20150131T195542-0500",
    "place" : {
      "id" : 192842681,
      "type" : "unknown",
      "location" : {
        "lat" : 29.652208279,
        "lon" : -82.3256059046
      }
    },
    "lastUpdate" : "20150201T022837Z"
  }, {
    "type" : "place",
    "startTime" : "20150131T195725-0500",
    "endTime" : "20150201T101519-0500",
    "place" : {
      "id" : 191508619,
      "type" : "unknown",
      "location" : {
        "lat" : 29.6565354608,
        "lon" : -82.326775329
      }
    },
    "lastUpdate" : "20150201T172933Z"
  } ],
  "lastUpdate" : "20150201T172933Z"
} ]