[ {
  "date" : "20150201",
  "segments" : [ {
    "type" : "place",
    "startTime" : "20150131T195725-0500",
    "endTime" : "20150201T101519-0500",
    "place" : {
      "id" : 191508619,
      "type" : "unknown",
      "location" : {
        "lat" : 29.6565354608,
        "lon" : -82.326775329
      }
    },
    "lastUpdate" : "20150201T172933Z"
  }, {
    "type" : "place",
    "startTime" : "20150201T103230-0500",
    "endTime" : "20150201T122805-0500",
    "place" : {
      "id" : 192984494,
      "type" : "unknown",
      "location" : {
        "lat" : 29.6565615853,
        "lon" : -82.3187163055
      }
    },
    "lastUpdate" : "20150201T190954Z"
  }, {
    "type" : "place",
    "startTime" : "20150201T123905-0500",
    "endTime" : "20150201T145436-0500",
    "place" : {
      "id" : 191508619,
      "type" : "unknown",
      "location" : {
        "lat" : 29.6565354608,
        "lon" : -82.326775329
      }
    },
    "lastUpdate" : "20150201T204026Z"
  }, {
    "type" : "place",
    "startTime" : "20150201T145854-0500",
    "endTime" : "20150201T153816-0500",
    "place" : {
      "id" : 193013889,
      "type" : "unknown",
      "location" : {
        "lat" : 29.6497119143,
        "lon" : -82.3241800181
      }
    },
    "lastUpdate" : "20150201T221214Z"
  }, {
    "type" : "place",
    "startTime" : "20150201T154223-0500",
    "endTime" : "20150201T185238-0500",
    "place" : {
      "id" : 191508619,
      "type" : "unknown",
      "location" : {
        "lat" : 29.6565354608,
        "lon" : -82.326775329
      }
    },
    "lastUpdate" : "20150202T022359Z"
  }, {
    "type" : "place",
    "startTime" : "20150201T190018-0500",
    "endTime" : "20150201T190346-0500",
    "place" : {
      "id" : 193043072,
      "type" : "unknown",
      "location" : {
        "lat" : 29.6557379966,
        "lon" : -82.3225204735
      }
    },
    "lastUpdate" : "20150202T022359Z"
  }, {
    "type" : "place",
    "startTime" : "20150201T201414-0500",
    "endTime" : "20150201T202004-0500",
    "place" : {
      "id" : 192984494,
      "type" : "unknown",
      "location" : {
        "lat" : 29.6565615853,
        "lon" : -82.3187163055
      }
    },
    "lastUpdate" : "20150202T022359Z"
  }, {
    "type" : "place",
    "startTime" : "20150201T202939-0500",
    "endTime" : "20150201T211405-0500",
    "place" : {
      "id" : 193051555,
      "type" : "unknown",
      "location" : {
        "lat" : 29.6315585254,
        "lon" : -82.3393422039
      }
    },
    "lastUpdate" : "20150202T035244Z"
  }, {
    "type" : "place",
    "startTime" : "20150201T222120-0500",
    "endTime" : "20150201T223738-0500",
    "place" : {
      "id" : 192984494,
      "type" : "unknown",
      "location" : {
        "lat" : 29.6565615853,
        "lon" : -82.3187163055
      }
    },
    "lastUpdate" : "20150202T065248Z"
  }, {
    "type" : "place",
    "startTime" : "20150201T225342-0500",
    "endTime" : "20150202T052950-0500",
    "place" : {
      "id" : 191508619,
      "type" : "unknown",
      "location" : {
        "lat" : 29.6565354608,
        "lon" : -82.326775329
      }
    },
    "lastUpdate" : "20150202T105307Z"
  } ],
  "lastUpdate" : "20150202T105307Z"
} ]