[ {
  "date" : "20150207",
  "segments" : [ {
    "type" : "place",
    "startTime" : "20150206T231124-0500",
    "endTime" : "20150207T083918-0500",
    "place" : {
      "id" : 193512500,
      "name" : "Home",
      "type" : "home",
      "location" : {
        "lat" : 29.6564969542,
        "lon" : -82.3267639009
      }
    },
    "lastUpdate" : "20150207T170937Z"
  }, {
    "type" : "place",
    "startTime" : "20150207T084940-0500",
    "endTime" : "20150207T085916-0500",
    "place" : {
      "id" : 194246135,
      "type" : "unknown",
      "location" : {
        "lat" : 29.6405634788,
        "lon" : -82.3434749381
      }
    },
    "lastUpdate" : "20150207T170937Z"
  }, {
    "type" : "place",
    "startTime" : "20150207T090256-0500",
    "endTime" : "20150207T120818-0500",
    "place" : {
      "id" : 194280058,
      "type" : "unknown",
      "location" : {
        "lat" : 29.6393429091,
        "lon" : -82.343987304
      }
    },
    "lastUpdate" : "20150207T191721Z"
  }, {
    "type" : "place",
    "startTime" : "20150207T122038-0500",
    "endTime" : "20150207T130345-0500",
    "place" : {
      "id" : 194312732,
      "type" : "unknown",
      "location" : {
        "lat" : 29.6401245861,
        "lon" : -82.3439850385
      }
    },
    "lastUpdate" : "20150207T191721Z"
  }, {
    "type" : "place",
    "startTime" : "20150207T130345-0500",
    "endTime" : "20150207T130423-0500",
    "place" : {
      "id" : 194280058,
      "type" : "unknown",
      "location" : {
        "lat" : 29.6393429091,
        "lon" : -82.343987304
      }
    },
    "lastUpdate" : "20150207T202127Z"
  }, {
    "type" : "place",
    "startTime" : "20150207T130423-0500",
    "endTime" : "20150207T132656-0500",
    "place" : {
      "id" : 194312733,
      "type" : "unknown",
      "location" : {
        "lat" : 29.6402546614,
        "lon" : -82.3428599475
      }
    },
    "lastUpdate" : "20150207T202127Z"
  }, {
    "type" : "place",
    "startTime" : "20150207T133116-0500",
    "endTime" : "20150207T142706-0500",
    "place" : {
      "id" : 194280058,
      "type" : "unknown",
      "location" : {
        "lat" : 29.6393429091,
        "lon" : -82.343987304
      }
    },
    "lastUpdate" : "20150207T224044Z"
  }, {
    "type" : "place",
    "startTime" : "20150207T143145-0500",
    "endTime" : "20150207T143402-0500",
    "place" : {
      "id" : 192323596,
      "type" : "unknown",
      "location" : {
        "lat" : 29.6412653071,
        "lon" : -82.3444141007
      }
    },
    "lastUpdate" : "20150207T224044Z"
  }, {
    "type" : "place",
    "startTime" : "20150207T145012-0500",
    "endTime" : "20150207T145458-0500",
    "place" : {
      "id" : 194327895,
      "type" : "unknown",
      "location" : {
        "lat" : 29.6520942625,
        "lon" : -82.3250843385
      }
    },
    "lastUpdate" : "20150207T224044Z"
  }, {
    "type" : "place",
    "startTime" : "20150207T145807-0500",
    "endTime" : "20150207T152006-0500",
    "place" : {
      "id" : 193512500,
      "name" : "Home",
      "type" : "home",
      "location" : {
        "lat" : 29.6564969542,
        "lon" : -82.3267639009
      }
    },
    "lastUpdate" : "20150207T224044Z"
  }, {
    "type" : "place",
    "startTime" : "20150207T152947-0500",
    "endTime" : "20150207T185444-0500",
    "place" : {
      "id" : 194358174,
      "type" : "unknown",
      "location" : {
        "lat" : 29.6552008039,
        "lon" : -82.3227941816
      }
    },
    "lastUpdate" : "20150208T014339Z"
  }, {
    "type" : "place",
    "startTime" : "20150207T190355-0500",
    "endTime" : "20150208T102406-0500",
    "place" : {
      "id" : 193512500,
      "name" : "Home",
      "type" : "home",
      "location" : {
        "lat" : 29.6564969542,
        "lon" : -82.3267639009
      }
    },
    "lastUpdate" : "20150208T181247Z"
  } ],
  "lastUpdate" : "20150208T181247Z"
} ]