[ {
  "date" : "20150211",
  "segments" : [ {
    "type" : "place",
    "startTime" : "20150210T142228-0500",
    "endTime" : "20150211T183327-0500",
    "place" : {
      "id" : 193512500,
      "name" : "Home",
      "type" : "home",
      "location" : {
        "lat" : 29.6564969542,
        "lon" : -82.3267639009
      }
    },
    "lastUpdate" : "20150212T015702Z"
  }, {
    "type" : "place",
    "startTime" : "20150211T184321-0500",
    "endTime" : "20150211T190035-0500",
    "place" : {
      "id" : 195300018,
      "type" : "unknown",
      "location" : {
        "lat" : 29.6515912975,
        "lon" : -82.3240211997
      }
    },
    "lastUpdate" : "20150212T015702Z"
  }, {
    "type" : "place",
    "startTime" : "20150211T190646-0500",
    "endTime" : "20150211T204442-0500",
    "place" : {
      "id" : 195300019,
      "type" : "unknown",
      "location" : {
        "lat" : 29.6512900294,
        "lon" : -82.3269102103
      }
    },
    "lastUpdate" : "20150212T032824Z"
  }, {
    "type" : "place",
    "startTime" : "20150211T210517-0500",
    "endTime" : "20150212T164441-0500",
    "place" : {
      "id" : 193512500,
      "name" : "Home",
      "type" : "home",
      "location" : {
        "lat" : 29.6564969542,
        "lon" : -82.3267639009
      }
    },
    "lastUpdate" : "20150213T004210Z"
  } ],
  "lastUpdate" : "20150213T004210Z"
} ]