[ {
  "date" : "20150216",
  "segments" : [ {
    "type" : "place",
    "startTime" : "20150215T204850-0500",
    "endTime" : "20150216T154233-0500",
    "place" : {
      "id" : 193512500,
      "name" : "Home",
      "type" : "home",
      "location" : {
        "lat" : 29.6564969542,
        "lon" : -82.3267639009
      }
    },
    "lastUpdate" : "20150216T235341Z"
  }, {
    "type" : "place",
    "startTime" : "20150216T155558-0500",
    "endTime" : "20150216T184009-0500",
    "place" : {
      "id" : 191770626,
      "type" : "unknown",
      "location" : {
        "lat" : 29.6401239601,
        "lon" : -82.3500331577
      }
    },
    "lastUpdate" : "20150217T012729Z"
  }, {
    "type" : "place",
    "startTime" : "20150216T185401-0500",
    "endTime" : "20150216T210800-0500",
    "place" : {
      "id" : 192984494,
      "type" : "unknown",
      "location" : {
        "lat" : 29.6565615853,
        "lon" : -82.3187163055
      }
    },
    "lastUpdate" : "20150217T042918Z"
  }, {
    "type" : "place",
    "startTime" : "20150216T211718-0500",
    "endTime" : "20150217T091017-0500",
    "place" : {
      "id" : 193512500,
      "name" : "Home",
      "type" : "home",
      "location" : {
        "lat" : 29.6564969542,
        "lon" : -82.3267639009
      }
    },
    "lastUpdate" : "20150217T163721Z"
  } ],
  "lastUpdate" : "20150217T163721Z"
} ]