[ {
  "date" : "20150218",
  "segments" : [ {
    "type" : "place",
    "startTime" : "20150217T120716-0500",
    "endTime" : "20150218T183057-0500",
    "place" : {
      "id" : 193512500,
      "name" : "Home",
      "type" : "home",
      "location" : {
        "lat" : 29.6564969542,
        "lon" : -82.3267639009
      }
    },
    "lastUpdate" : "20150219T015923Z"
  }, {
    "type" : "place",
    "startTime" : "20150218T184309-0500",
    "endTime" : "20150218T185657-0500",
    "place" : {
      "id" : 197086191,
      "type" : "unknown",
      "location" : {
        "lat" : 29.6512781129,
        "lon" : -82.3239077761
      }
    },
    "lastUpdate" : "20150219T015923Z"
  }, {
    "type" : "place",
    "startTime" : "20150218T190302-0500",
    "endTime" : "20150218T204530-0500",
    "place" : {
      "id" : 197086192,
      "type" : "unknown",
      "location" : {
        "lat" : 29.6510939832,
        "lon" : -82.3257121445
      }
    },
    "lastUpdate" : "20150219T033102Z"
  }, {
    "type" : "place",
    "startTime" : "20150218T211050-0500",
    "endTime" : "20150218T213623-0500",
    "place" : {
      "id" : 192984494,
      "type" : "unknown",
      "location" : {
        "lat" : 29.6565615853,
        "lon" : -82.3187163055
      }
    },
    "lastUpdate" : "20150219T033102Z"
  }, {
    "type" : "place",
    "startTime" : "20150218T213934-0500",
    "endTime" : "20150219T092240-0500",
    "place" : {
      "id" : 193512500,
      "name" : "Home",
      "type" : "home",
      "location" : {
        "lat" : 29.6564969542,
        "lon" : -82.3267639009
      }
    },
    "lastUpdate" : "20150219T170916Z"
  } ],
  "lastUpdate" : "20150219T170916Z"
} ]