[ {
  "date" : "20150129",
  "segments" : [ {
    "type" : "place",
    "startTime" : "20150128T222443-0500",
    "endTime" : "20150129T125333-0500",
    "place" : {
      "id" : 191508619,
      "type" : "unknown",
      "location" : {
        "lat" : 29.6565354608,
        "lon" : -82.326775329
      }
    },
    "lastUpdate" : "20150129T195301Z"
  }, {
    "type" : "place",
    "startTime" : "20150129T130704-0500",
    "endTime" : "20150129T135854-0500",
    "place" : {
      "id" : 191770626,
      "type" : "unknown",
      "location" : {
        "lat" : 29.6401239601,
        "lon" : -82.3500331577
      }
    },
    "lastUpdate" : "20150129T212409Z"
  }, {
    "type" : "place",
    "startTime" : "20150129T140124-0500",
    "endTime" : "20150129T140349-0500",
    "place" : {
      "id" : 192323596,
      "type" : "unknown",
      "location" : {
        "lat" : 29.6412653071,
        "lon" : -82.3444141007
      }
    },
    "lastUpdate" : "20150129T212409Z"
  }, {
    "type" : "place",
    "startTime" : "20150129T141923-0500",
    "endTime" : "20150129T160607-0500",
    "place" : {
      "id" : 192323597,
      "type" : "unknown",
      "location" : {
        "lat" : 29.6375018345,
        "lon" : -82.3518371665
      }
    },
    "lastUpdate" : "20150129T215354Z"
  }, {
    "type" : "place",
    "startTime" : "20150129T161204-0500",
    "endTime" : "20150129T202033-0500",
    "place" : {
      "id" : 192365686,
      "type" : "unknown",
      "location" : {
        "lat" : 29.641386103,
        "lon" : -82.3454001983
      }
    },
    "lastUpdate" : "20150130T032801Z"
  }, {
    "type" : "place",
    "startTime" : "20150129T203236-0500",
    "endTime" : "20150130T091715-0500",
    "place" : {
      "id" : 191508619,
      "type" : "unknown",
      "location" : {
        "lat" : 29.6565354608,
        "lon" : -82.326775329
      }
    },
    "lastUpdate" : "20150130T170701Z"
  } ],
  "lastUpdate" : "20150130T170701Z"
} ]