[ {
  "date" : "20150205",
  "segments" : [ {
    "type" : "place",
    "startTime" : "20150204T115903-0500",
    "endTime" : "20150205T071149-0500",
    "place" : {
      "id" : 193512500,
      "name" : "Home",
      "type" : "home",
      "location" : {
        "lat" : 29.6564969542,
        "lon" : -82.3267639009
      }
    },
    "lastUpdate" : "20150205T130306Z"
  }, {
    "type" : "place",
    "startTime" : "20150205T071644-0500",
    "endTime" : "20150205T121553-0500",
    "place" : {
      "id" : 193512500,
      "name" : "Home",
      "type" : "home",
      "location" : {
        "lat" : 29.6564969542,
        "lon" : -82.3267639009
      }
    },
    "lastUpdate" : "20150205T184227Z"
  }, {
    "type" : "place",
    "startTime" : "20150205T122640-0500",
    "endTime" : "20150205T125747-0500",
    "place" : {
      "id" : 191770626,
      "type" : "unknown",
      "location" : {
        "lat" : 29.6401239601,
        "lon" : -82.3500331577
      }
    },
    "lastUpdate" : "20150205T184227Z"
  }, {
    "type" : "place",
    "startTime" : "20150205T125854-0500",
    "endTime" : "20150205T133639-0500",
    "place" : {
      "id" : 192323597,
      "type" : "unknown",
      "location" : {
        "lat" : 29.6375018345,
        "lon" : -82.3518371665
      }
    },
    "lastUpdate" : "20150205T203803Z"
  }, {
    "type" : "place",
    "startTime" : "20150205T134557-0500",
    "endTime" : "20150205T145812-0500",
    "place" : {
      "id" : 193807976,
      "type" : "unknown",
      "location" : {
        "lat" : 29.6461307746,
        "lon" : -82.3475759428
      }
    },
    "lastUpdate" : "20150205T234003Z"
  }, {
    "type" : "place",
    "startTime" : "20150205T150700-0500",
    "endTime" : "20150205T155312-0500",
    "place" : {
      "id" : 192323597,
      "type" : "unknown",
      "location" : {
        "lat" : 29.6375018345,
        "lon" : -82.3518371665
      }
    },
    "lastUpdate" : "20150205T234003Z"
  }, {
    "type" : "place",
    "startTime" : "20150205T160321-0500",
    "endTime" : "20150205T180112-0500",
    "place" : {
      "id" : 192327697,
      "type" : "unknown",
      "location" : {
        "lat" : 29.6411416968,
        "lon" : -82.3460602061
      }
    },
    "lastUpdate" : "20150206T011110Z"
  }, {
    "type" : "place",
    "startTime" : "20150205T180112-0500",
    "endTime" : "20150205T200626-0500",
    "place" : {
      "id" : 192487158,
      "type" : "unknown",
      "location" : {
        "lat" : 29.641591782,
        "lon" : -82.3448683504
      }
    },
    "lastUpdate" : "20150206T041341Z"
  }, {
    "type" : "place",
    "startTime" : "20150205T201910-0500",
    "endTime" : "20150205T220544-0500",
    "place" : {
      "id" : 191555477,
      "type" : "unknown",
      "location" : {
        "lat" : 29.6584308887,
        "lon" : -82.3231472242
      }
    },
    "lastUpdate" : "20150206T041341Z"
  }, {
    "type" : "place",
    "startTime" : "20150205T220817-0500",
    "endTime" : "20150206T051657-0500",
    "place" : {
      "id" : 193512500,
      "name" : "Home",
      "type" : "home",
      "location" : {
        "lat" : 29.6564969542,
        "lon" : -82.3267639009
      }
    },
    "lastUpdate" : "20150206T141341Z"
  } ],
  "lastUpdate" : "20150206T141341Z"
} ]