[ {
  "date" : "20150201",
  "summary" : [ {
    "activity" : "walking",
    "group" : "walking",
    "duration" : 11140.0,
    "distance" : 13088.0,
    "steps" : 18425
  }, {
    "activity" : "cycling",
    "group" : "cycling",
    "duration" : 259.0,
    "distance" : 921.0
  }, {
    "activity" : "transport",
    "group" : "transport",
    "duration" : 1439.0,
    "distance" : 11881.0
  } ],
  "lastUpdate" : "20150202T105307Z"
}, {
  "date" : "20150202",
  "summary" : [ {
    "activity" : "walking",
    "group" : "walking",
    "duration" : 6782.0,
    "distance" : 6363.0,
    "steps" : 8702
  }, {
    "activity" : "running",
    "group" : "running",
    "duration" : 275.0,
    "distance" : 412.0,
    "steps" : 275
  }, {
    "activity" : "cycling",
    "group" : "cycling",
    "duration" : 2031.0,
    "distance" : 9698.0
  } ],
  "lastUpdate" : "20150204T125748Z"
}, {
  "date" : "20150203",
  "summary" : [ {
    "activity" : "walking",
    "group" : "walking",
    "duration" : 3055.0,
    "distance" : 2621.0,
    "steps" : 3941
  }, {
    "activity" : "running",
    "group" : "running",
    "duration" : 276.0,
    "distance" : 595.0,
    "steps" : 603
  }, {
    "activity" : "cycling",
    "group" : "cycling",
    "duration" : 2966.0,
    "distance" : 12145.0
  }, {
    "activity" : "transport",
    "group" : "transport",
    "duration" : 13496.0,
    "distance" : 3692.0
  } ],
  "lastUpdate" : "20150204T125748Z"
}, {
  "date" : "20150204",
  "summary" : [ {
    "activity" : "running",
    "group" : "running",
    "duration" : 280.0,
    "distance" : 688.0,
    "steps" : 714
  }, {
    "activity" : "walking",
    "group" : "walking",
    "duration" : 1505.0,
    "distance" : 1437.0,
    "steps" : 2060
  }, {
    "activity" : "cycling",
    "group" : "cycling",
    "duration" : 1290.0,
    "distance" : 7091.0
  } ],
  "lastUpdate" : "20150205T130306Z"
}, {
  "date" : "20150205",
  "summary" : [ {
    "activity" : "running",
    "group" : "running",
    "duration" : 295.0,
    "distance" : 681.0,
    "steps" : 537
  }, {
    "activity" : "walking",
    "group" : "walking",
    "duration" : 2131.0,
    "distance" : 1948.0,
    "steps" : 2746
  }, {
    "activity" : "cycling",
    "group" : "cycling",
    "duration" : 2003.0,
    "distance" : 10902.0
  }, {
    "activity" : "transport",
    "group" : "transport",
    "duration" : 548.0,
    "distance" : 1373.0
  } ],
  "lastUpdate" : "20150206T141341Z"
}, {
  "date" : "20150206",
  "summary" : [ {
    "activity" : "walking",
    "group" : "walking",
    "duration" : 5501.0,
    "distance" : 6693.0,
    "steps" : 8862
  }, {
    "activity" : "running",
    "group" : "running",
    "duration" : 205.0,
    "distance" : 633.0,
    "steps" : 425
  } ],
  "lastUpdate" : "20150207T170937Z"
}, {
  "date" : "20150207",
  "summary" : [ {
    "activity" : "walking",
    "group" : "walking",
    "duration" : 5452.0,
    "distance" : 5222.0,
    "steps" : 7272
  }, {
    "activity" : "cycling",
    "group" : "cycling",
    "duration" : 1780.0,
    "distance" : 7342.0
  } ],
  "lastUpdate" : "20150208T181247Z"
}, {
  "date" : "20150208",
  "summary" : [ {
    "activity" : "walking",
    "group" : "walking",
    "duration" : 6987.0,
    "distance" : 7168.0,
    "steps" : 9536
  }, {
    "activity" : "transport",
    "group" : "transport",
    "duration" : 75.0,
    "distance" : 584.0
  } ],
  "lastUpdate" : "20150209T123545Z"
}, {
  "date" : "20150209",
  "summary" : [ {
    "activity" : "walking",
    "group" : "walking",
    "duration" : 3125.0,
    "distance" : 3599.0,
    "steps" : 4489
  }, {
    "activity" : "running",
    "group" : "running",
    "duration" : 334.0,
    "distance" : 665.0,
    "steps" : 826
  }, {
    "activity" : "cycling",
    "group" : "cycling",
    "duration" : 1406.0,
    "distance" : 6313.0
  } ],
  "lastUpdate" : "20150210T155424Z"
}, {
  "date" : "20150210",
  "summary" : [ {
    "activity" : "walking",
    "group" : "walking",
    "duration" : 2113.0,
    "distance" : 2351.0,
    "steps" : 3056
  }, {
    "activity" : "cycling",
    "group" : "cycling",
    "duration" : 997.0,
    "distance" : 6221.0
  }, {
    "activity" : "transport",
    "group" : "transport",
    "duration" : 386.0,
    "distance" : 2443.0
  } ],
  "lastUpdate" : "20150212T015702Z"
}, {
  "date" : "20150211",
  "summary" : [ {
    "activity" : "walking",
    "group" : "walking",
    "duration" : 4215.0,
    "distance" : 3774.0,
    "steps" : 4309
  } ],
  "lastUpdate" : "20150213T004210Z"
}, {
  "date" : "20150212",
  "summary" : [ {
    "activity" : "walking",
    "group" : "walking",
    "duration" : 725.0,
    "distance" : 496.0,
    "steps" : 792
  }, {
    "activity" : "cycling",
    "group" : "cycling",
    "duration" : 1266.0,
    "distance" : 7528.0
  }, {
    "activity" : "transport",
    "group" : "transport",
    "duration" : 129.0,
    "distance" : 971.0
  } ],
  "lastUpdate" : "20150213T140235Z"
}, {
  "date" : "20150213",
  "summary" : [ {
    "activity" : "walking",
    "group" : "walking",
    "duration" : 2247.0,
    "distance" : 2025.0,
    "steps" : 2945
  }, {
    "activity" : "cycling",
    "group" : "cycling",
    "duration" : 1981.0,
    "distance" : 8721.0
  } ],
  "lastUpdate" : "20150214T141828Z"
}, {
  "date" : "20150214",
  "summary" : [ {
    "activity" : "walking",
    "group" : "walking",
    "duration" : 5048.0,
    "distance" : 4948.0,
    "steps" : 7022
  }, {
    "activity" : "cycling",
    "group" : "cycling",
    "duration" : 353.0,
    "distance" : 1889.0
  } ],
  "lastUpdate" : "20150216T011132Z"
}, {
  "date" : "20150215",
  "summary" : [ {
    "activity" : "walking",
    "group" : "walking",
    "duration" : 1298.0,
    "distance" : 1131.0,
    "steps" : 1830
  }, {
    "activity" : "transport",
    "group" : "transport",
    "duration" : 1031.0,
    "distance" : 2598.0
  }, {
    "activity" : "cycling",
    "group" : "cycling",
    "duration" : 163.0,
    "distance" : 657.0
  } ],
  "lastUpdate" : "20150216T235341Z"
}, {
  "date" : "20150216",
  "summary" : [ {
    "activity" : "walking",
    "group" : "walking",
    "duration" : 1486.0,
    "distance" : 1336.0,
    "steps" : 2034
  }, {
    "activity" : "cycling",
    "group" : "cycling",
    "duration" : 1637.0,
    "distance" : 8728.0
  }, {
    "activity" : "transport",
    "group" : "transport",
    "duration" : 558.0,
    "distance" : 955.0
  } ],
  "lastUpdate" : "20150217T163721Z"
}, {
  "date" : "20150217",
  "summary" : [ {
    "activity" : "walking",
    "group" : "walking",
    "duration" : 2352.0,
    "distance" : 2292.0,
    "steps" : 3446
  }, {
    "activity" : "cycling",
    "group" : "cycling",
    "duration" : 2056.0,
    "distance" : 8229.0
  } ],
  "lastUpdate" : "20150219T015923Z"
}, {
  "date" : "20150218",
  "summary" : [ {
    "activity" : "walking",
    "group" : "walking",
    "duration" : 3113.0,
    "distance" : 2911.0,
    "steps" : 4301
  }, {
    "activity" : "transport",
    "group" : "transport",
    "duration" : 191.0,
    "distance" : 905.0
  } ],
  "lastUpdate" : "20150219T170916Z"
}, {
  "date" : "20150219",
  "summary" : [ {
    "activity" : "walking",
    "group" : "walking",
    "duration" : 1713.0,
    "distance" : 1574.0,
    "steps" : 2233
  }, {
    "activity" : "transport",
    "group" : "transport",
    "duration" : 13002.0,
    "distance" : 267204.0
  }, {
    "activity" : "cycling",
    "group" : "cycling",
    "duration" : 1235.0,
    "distance" : 7392.0
  } ],
  "lastUpdate" : "20150220T133156Z"
}, {
  "date" : "20150220",
  "summary" : [ {
    "activity" : "walking",
    "group" : "walking",
    "duration" : 208.0,
    "distance" : 159.0,
    "steps" : 193
  } ],
  "lastUpdate" : "20150220T133156Z"
} ]