[ {
  "date" : "20150125",
  "summary" : [ {
    "activity" : "walking",
    "group" : "walking",
    "duration" : 4653.0,
    "distance" : 5274.0,
    "steps" : 7622
  } ],
  "lastUpdate" : "20150126T233816Z"
}, {
  "date" : "20150126",
  "summary" : [ {
    "activity" : "walking",
    "group" : "walking",
    "duration" : 1262.0,
    "distance" : 1071.0,
    "steps" : 1450
  }, {
    "activity" : "cycling",
    "group" : "cycling",
    "duration" : 1488.0,
    "distance" : 8318.0
  } ],
  "lastUpdate" : "20150127T125931Z"
}, {
  "date" : "20150127",
  "summary" : [ {
    "activity" : "running",
    "group" : "running",
    "duration" : 260.0,
    "distance" : 676.0,
    "steps" : 634
  }, {
    "activity" : "walking",
    "group" : "walking",
    "duration" : 1292.0,
    "distance" : 1133.0,
    "steps" : 1666
  }, {
    "activity" : "cycling",
    "group" : "cycling",
    "duration" : 3303.0,
    "distance" : 15305.0
  } ],
  "lastUpdate" : "20150129T021540Z"
}, {
  "date" : "20150128",
  "summary" : [ {
    "activity" : "walking",
    "group" : "walking",
    "duration" : 4117.0,
    "distance" : 3805.0,
    "steps" : 4993
  } ],
  "lastUpdate" : "20150129T195301Z"
}, {
  "date" : "20150129",
  "summary" : [ {
    "activity" : "walking",
    "group" : "walking",
    "duration" : 2801.0,
    "distance" : 2441.0,
    "steps" : 3571
  }, {
    "activity" : "cycling",
    "group" : "cycling",
    "duration" : 2020.0,
    "distance" : 9394.0
  }, {
    "activity" : "transport",
    "group" : "transport",
    "duration" : 198.0,
    "distance" : 797.0
  } ],
  "lastUpdate" : "20150130T170701Z"
}, {
  "date" : "20150130",
  "summary" : [ {
    "activity" : "walking",
    "group" : "walking",
    "duration" : 3331.0,
    "distance" : 3293.0,
    "steps" : 3962
  }, {
    "activity" : "cycling",
    "group" : "cycling",
    "duration" : 2338.0,
    "distance" : 13402.0
  }, {
    "activity" : "transport",
    "group" : "transport",
    "duration" : 219.0,
    "distance" : 937.0
  } ],
  "lastUpdate" : "20150131T215550Z"
}, {
  "date" : "20150131",
  "summary" : [ {
    "activity" : "walking",
    "group" : "walking",
    "duration" : 3698.0,
    "distance" : 3913.0,
    "steps" : 5618
  }, {
    "activity" : "transport",
    "group" : "transport",
    "duration" : 292.0,
    "distance" : 1430.0
  } ],
  "lastUpdate" : "20150201T172933Z"
} ]